ISO-10303-21;
HEADER;
FILE_DESCRIPTION (( 'STEP AP203' ),
    '1' );
FILE_NAME ('Pusher.STEP',
    '2021-03-11T22:01:49',
    ( '' ),
    ( '' ),
    'SwSTEP 2.0',
    'SolidWorks 2019',
    '' );
FILE_SCHEMA (( 'CONFIG_CONTROL_DESIGN' ));
ENDSEC;

DATA;
#1 = LINE ( 'NONE', #2092, #812 ) ;
#2 = CARTESIAN_POINT ( 'NONE',  ( 2.249999999999984901, -2.649999999999999911, 0.0000000000000000000 ) ) ;
#3 = EDGE_LOOP ( 'NONE', ( #28, #1357, #425, #1963 ) ) ;
#4 = CARTESIAN_POINT ( 'NONE',  ( 1.221209329981697733, -4.001729889353184078, -2.250000000000000000 ) ) ;
#5 = DIRECTION ( 'NONE',  ( 0.0000000000000000000, -1.000000000000000000, 0.0000000000000000000 ) ) ;
#6 = LINE ( 'NONE', #1909, #862 ) ;
#7 = CARTESIAN_POINT ( 'NONE',  ( 4.549999999999999822, -0.3500000000000000333, 0.0000000000000000000 ) ) ;
#8 = CARTESIAN_POINT ( 'NONE',  ( -1.060845237545859021, -3.706287563449521372, -2.497905546699920709 ) ) ;
#9 = ADVANCED_FACE ( 'NONE', ( #1699 ), #847, .F. ) ;
#10 = DIRECTION ( 'NONE',  ( 1.000000000000000000, 0.0000000000000000000, 0.0000000000000000000 ) ) ;
#11 = EDGE_CURVE ( 'NONE', #616, #1826, #1011, .T. ) ;
#12 = FACE_OUTER_BOUND ( 'NONE', #2208, .T. ) ;
#13 = VERTEX_POINT ( 'NONE', #452 ) ;
#14 = ORIENTED_EDGE ( 'NONE', *, *, #2083, .F. ) ;
#15 = DIRECTION ( 'NONE',  ( 0.0000000000000000000, 0.0000000000000000000, 1.000000000000000000 ) ) ;
#16 = DIRECTION ( 'NONE',  ( -1.000000000000000000, 0.0000000000000000000, 0.0000000000000000000 ) ) ;
#17 = CARTESIAN_POINT ( 'NONE',  ( 5.200000000000001066, 5.017605687754556065, -2.426470588235293935 ) ) ;
#18 = CARTESIAN_POINT ( 'NONE',  ( 2.250000000000000000, -0.3500000000000000333, 2.000000000000000000 ) ) ;
#19 =( BOUNDED_CURVE ( )  B_SPLINE_CURVE ( 3, ( #964, #2057, #112, #490 ),
 .UNSPECIFIED., .F., .T. ) 
 B_SPLINE_CURVE_WITH_KNOTS ( ( 4, 4 ),
 ( 4.517509052022932512E-16, 0.7703190329009688142 ),
 .UNSPECIFIED. ) 
 CURVE ( )  GEOMETRIC_REPRESENTATION_ITEM ( )  RATIONAL_B_SPLINE_CURVE ( ( 1.000000000000000000, 0.9511590086810493005, 0.9511590086810493005, 1.000000000000000000 ) ) 
 REPRESENTATION_ITEM ( '' )  );
#20 = CIRCLE ( 'NONE', #1992, 0.2999999999999999334 ) ;
#21 = DIRECTION ( 'NONE',  ( -1.000000000000000000, 0.0000000000000000000, 0.0000000000000000000 ) ) ;
#22 = AXIS2_PLACEMENT_3D ( 'NONE', #1255, #379, #1046 ) ;
#23 = CARTESIAN_POINT ( 'NONE',  ( -2.250000000000000444, 0.3500000000000004774, 2.000000000000000000 ) ) ;
#24 = VERTEX_POINT ( 'NONE', #171 ) ;
#25 = AXIS2_PLACEMENT_3D ( 'NONE', #846, #2263, #328 ) ;
#26 = EDGE_CURVE ( 'NONE', #1496, #324, #2102, .T. ) ;
#27 = AXIS2_PLACEMENT_3D ( 'NONE', #437, #268, #778 ) ;
#28 = ORIENTED_EDGE ( 'NONE', *, *, #181, .T. ) ;
#29 = CARTESIAN_POINT ( 'NONE',  ( -2.249999999999989342, 1.850000000000000533, 2.000000000000000000 ) ) ;
#30 = CARTESIAN_POINT ( 'NONE',  ( -1.031246618212574795, -1.318753381787425072, -2.613673205110477404 ) ) ;
#31 = VECTOR ( 'NONE', #2098, 1000.000000000000000 ) ;
#32 = AXIS2_PLACEMENT_3D ( 'NONE', #801, #823, #1515 ) ;
#33 = LINE ( 'NONE', #1562, #825 ) ;
#34 = CARTESIAN_POINT ( 'NONE',  ( -1.356287563449521283, -0.9500000000000002887, -2.497905546699920709 ) ) ;
#35 = DIRECTION ( 'NONE',  ( 0.0000000000000000000, 0.7071067811865463515, 0.7071067811865487940 ) ) ;
#36 = DIRECTION ( 'NONE',  ( -0.0000000000000000000, -0.0000000000000000000, -1.000000000000000000 ) ) ;
#37 = CARTESIAN_POINT ( 'NONE',  ( 0.8978857980407951578, -3.499615687393978991, -3.669999999999999485 ) ) ;
#38 = ORIENTED_EDGE ( 'NONE', *, *, #610, .T. ) ;
#39 = ORIENTED_EDGE ( 'NONE', *, *, #1397, .F. ) ;
#40 = CARTESIAN_POINT ( 'NONE',  ( -4.249999999999999112, 0.3499999999999857669, 2.000000000000000000 ) ) ;
#41 = DIRECTION ( 'NONE',  ( 1.000000000000000000, 0.0000000000000000000, -0.0000000000000000000 ) ) ;
#42 = ADVANCED_FACE ( 'NONE', ( #664 ), #308, .F. ) ;
#43 = DIRECTION ( 'NONE',  ( 0.0000000000000000000, 0.0000000000000000000, -1.000000000000000000 ) ) ;
#44 = FACE_OUTER_BOUND ( 'NONE', #1101, .T. ) ;
#45 = DIRECTION ( 'NONE',  ( 1.000000000000000000, 0.0000000000000000000, 0.0000000000000000000 ) ) ;
#46 = ORIENTED_EDGE ( 'NONE', *, *, #1217, .T. ) ;
#47 = DIRECTION ( 'NONE',  ( 0.0000000000000000000, 0.0000000000000000000, -1.000000000000000000 ) ) ;
#48 = DIRECTION ( 'NONE',  ( 0.0000000000000000000, 0.0000000000000000000, -1.000000000000000000 ) ) ;
#49 = ORIENTED_EDGE ( 'NONE', *, *, #95, .T. ) ;
#50 = ORIENTED_EDGE ( 'NONE', *, *, #1490, .F. ) ;
#51 = CARTESIAN_POINT ( 'NONE',  ( -1.329762194252705365, -3.568039571680447608, -2.477413564274289381 ) ) ;
#52 = CARTESIAN_POINT ( 'NONE',  ( 2.249999999999983569, 2.649999999999999911, 0.2999999999999999334 ) ) ;
#53 = ADVANCED_FACE ( 'NONE', ( #322 ), #351, .T. ) ;
#54 = COORDINATED_UNIVERSAL_TIME_OFFSET ( 3, 0, .AHEAD. ) ;
#55 = DIRECTION ( 'NONE',  ( 0.0000000000000000000, -1.000000000000000000, 0.0000000000000000000 ) ) ;
#56 = ADVANCED_FACE ( 'NONE', ( #871, #1544 ), #1020, .F. ) ;
#57 = FACE_OUTER_BOUND ( 'NONE', #258, .T. ) ;
#58 = ORIENTED_EDGE ( 'NONE', *, *, #405, .F. ) ;
#59 = CARTESIAN_POINT ( 'NONE',  ( -3.750000000000000000, 0.3499999999999864886, 2.000000000000000000 ) ) ;
#60 = VECTOR ( 'NONE', #1712, 1000.000000000000000 ) ;
#61 = LINE ( 'NONE', #760, #708 ) ;
#62 = ORIENTED_EDGE ( 'NONE', *, *, #2064, .F. ) ;
#63 = VECTOR ( 'NONE', #1630, 1000.000000000000000 ) ;
#64 = AXIS2_PLACEMENT_3D ( 'NONE', #1134, #79, #407 ) ;
#65 = ORIENTED_EDGE ( 'NONE', *, *, #1064, .T. ) ;
#66 = DIRECTION ( 'NONE',  ( -0.0000000000000000000, -0.0000000000000000000, -1.000000000000000000 ) ) ;
#67 = DIRECTION ( 'NONE',  ( 0.0000000000000000000, 1.000000000000000000, 0.0000000000000000000 ) ) ;
#68 = VECTOR ( 'NONE', #1285, 1000.000000000000000 ) ;
#69 = CYLINDRICAL_SURFACE ( 'NONE', #2151, 0.2999999999999999334 ) ;
#70 = VECTOR ( 'NONE', #665, 1000.000000000000000 ) ;
#71 = LINE ( 'NONE', #155, #1337 ) ;
#72 = LOCAL_TIME ( 1, 1, 49.00000000000000000, #1427 ) ;
#73 = EDGE_CURVE ( 'NONE', #588, #2027, #383, .T. ) ;
#74 = VERTEX_POINT ( 'NONE', #1914 ) ;
#75 = CYLINDRICAL_SURFACE ( 'NONE', #1365, 1.250000000000000000 ) ;
#76 = DIRECTION ( 'NONE',  ( 0.0000000000000000000, 0.0000000000000000000, -1.000000000000000000 ) ) ;
#77 = VERTEX_POINT ( 'NONE', #1573 ) ;
#78 = EDGE_LOOP ( 'NONE', ( #49, #963, #766, #1152 ) ) ;
#79 = DIRECTION ( 'NONE',  ( 0.0000000000000000000, -0.9411764705882351700, 0.3379154497963552384 ) ) ;
#80 = FACE_OUTER_BOUND ( 'NONE', #78, .T. ) ;
#81 = FACE_OUTER_BOUND ( 'NONE', #494, .T. ) ;
#82 = VERTEX_POINT ( 'NONE', #1894 ) ;
#83 = EDGE_CURVE ( 'NONE', #2008, #449, #1475, .T. ) ;
#84 = CARTESIAN_POINT ( 'NONE',  ( 5.500000000000000888, 4.003859338365490572, -1.949999999999999956 ) ) ;
#85 = ORIENTED_EDGE ( 'NONE', *, *, #298, .F. ) ;
#86 = ORIENTED_EDGE ( 'NONE', *, *, #551, .F. ) ;
#87 = EDGE_CURVE ( 'NONE', #557, #796, #1, .T. ) ;
#88 = ORIENTED_EDGE ( 'NONE', *, *, #622, .T. ) ;
#89 = LINE ( 'NONE', #1832, #427 ) ;
#90 = DIRECTION ( 'NONE',  ( 1.000000000000000000, 0.0000000000000000000, 0.0000000000000000000 ) ) ;
#91 = CARTESIAN_POINT ( 'NONE',  ( -1.651729889353183767, -0.9500000000000002887, -2.549999999999999822 ) ) ;
#92 = CARTESIAN_POINT ( 'NONE',  ( -2.250000000000000444, 0.3500000000000004774, 0.0000000000000000000 ) ) ;
#93 = ORIENTED_EDGE ( 'NONE', *, *, #1604, .T. ) ;
#94 = FACE_OUTER_BOUND ( 'NONE', #1078, .T. ) ;
#95 = EDGE_CURVE ( 'NONE', #1187, #1140, #1297, .T. ) ;
#96 = ORIENTED_EDGE ( 'NONE', *, *, #1921, .T. ) ;
#97 = CYLINDRICAL_SURFACE ( 'NONE', #601, 0.2999999999999999334 ) ;
#98 = AXIS2_PLACEMENT_3D ( 'NONE', #1173, #1871, #995 ) ;
#99 = ADVANCED_FACE ( 'NONE', ( #1746 ), #329, .F. ) ;
#100 = EDGE_LOOP ( 'NONE', ( #309, #2019, #536, #721 ) ) ;
#101 = AXIS2_PLACEMENT_3D ( 'NONE', #265, #1800, #408 ) ;
#102 = CARTESIAN_POINT ( 'NONE',  ( 1.273900882966576775, -3.623900882966576198, -2.477413564274289826 ) ) ;
#103 = DIRECTION ( 'NONE',  ( -1.000000000000000000, 0.0000000000000000000, 0.0000000000000000000 ) ) ;
#104 = AXIS2_PLACEMENT_3D ( 'NONE', #30, #178, #1923 ) ;
#105 = LINE ( 'NONE', #1136, #283 ) ;
#106 = VECTOR ( 'NONE', #1489, 1000.000000000000000 ) ;
#107 = ORIENTED_EDGE ( 'NONE', *, *, #267, .F. ) ;
#108 = AXIS2_PLACEMENT_3D ( 'NONE', #612, #1495, #1280 ) ;
#109 = CARTESIAN_POINT ( 'NONE',  ( -1.356287563449521283, -1.289154762454141290, -2.497905546699920709 ) ) ;
#110 = EDGE_LOOP ( 'NONE', ( #1434, #652, #546 ) ) ;
#111 = EDGE_LOOP ( 'NONE', ( #771, #1278, #123, #1802 ) ) ;
#112 = CARTESIAN_POINT ( 'NONE',  ( -1.143374297183334498, -3.708634576869077826, -2.484594972163193916 ) ) ;
#113 = ORIENTED_EDGE ( 'NONE', *, *, #841, .F. ) ;
#114 = CARTESIAN_POINT ( 'NONE',  ( -1.221209329981697067, -0.6982701106468169883, -2.250000000000000000 ) ) ;
#115 = EDGE_CURVE ( 'NONE', #794, #1850, #679, .T. ) ;
#116 = DATE_TIME_ROLE ( 'classification_date' ) ;
#117 = CARTESIAN_POINT ( 'NONE',  ( 1.329762194252705587, -3.568039571680447164, -2.477413564274290270 ) ) ;
#118 = ADVANCED_FACE ( 'NONE', ( #695 ), #1396, .T. ) ;
#119 = CARTESIAN_POINT ( 'NONE',  ( -1.651729889353183767, -1.289154762454141290, -2.250000000000000000 ) ) ;
#120 = ORIENTED_EDGE ( 'NONE', *, *, #341, .T. ) ;
#121 = VERTEX_POINT ( 'NONE', #826 ) ;
#122 = CARTESIAN_POINT ( 'NONE',  ( 5.500000000000000888, 6.690000000000000391, -0.2999999999999999334 ) ) ;
#123 = ORIENTED_EDGE ( 'NONE', *, *, #139, .T. ) ;
#124 = CARTESIAN_POINT ( 'NONE',  ( 1.411136235520006776, -1.198212187815496321, -2.250000000000000000 ) ) ;
#125 = ORIENTED_EDGE ( 'NONE', *, *, #191, .T. ) ;
#126 = ADVANCED_FACE ( 'NONE', ( #1533 ), #1184, .T. ) ;
#127 = ORIENTED_EDGE ( 'NONE', *, *, #2167, .F. ) ;
#128 = DIRECTION ( 'NONE',  ( 0.0000000000000000000, 1.000000000000000000, 0.0000000000000000000 ) ) ;
#129 = VERTEX_POINT ( 'NONE', #1240 ) ;
#130 = DIRECTION ( 'NONE',  ( 0.0000000000000000000, 0.0000000000000000000, 1.000000000000000000 ) ) ;
#131 = VECTOR ( 'NONE', #244, 1000.000000000000000 ) ;
#132 = AXIS2_PLACEMENT_3D ( 'NONE', #820, #2054, #1351 ) ;
#133 = CARTESIAN_POINT ( 'NONE',  ( 4.250000000000000000, -0.3500000000000000333, 1.499999999999998668 ) ) ;
#134 = VECTOR ( 'NONE', #2090, 1000.000000000000227 ) ;
#135 = FACE_OUTER_BOUND ( 'NONE', #391, .T. ) ;
#136 = AXIS2_PLACEMENT_3D ( 'NONE', #1955, #359, #1391 ) ;
#137 = EDGE_LOOP ( 'NONE', ( #742, #1835, #733, #86 ) ) ;
#138 = AXIS2_PLACEMENT_3D ( 'NONE', #1319, #503, #795 ) ;
#139 = EDGE_CURVE ( 'NONE', #2008, #573, #707, .T. ) ;
#140 = VECTOR ( 'NONE', #2015, 1000.000000000000000 ) ;
#141 = DIRECTION ( 'NONE',  ( 0.0000000000000000000, 1.000000000000000000, 0.0000000000000000000 ) ) ;
#142 = VERTEX_POINT ( 'NONE', #1600 ) ;
#143 = DIRECTION ( 'NONE',  ( -1.000000000000000000, 2.753873518113182209E-14, 0.0000000000000000000 ) ) ;
#144 = ORIENTED_EDGE ( 'NONE', *, *, #444, .T. ) ;
#145 = CARTESIAN_POINT ( 'NONE',  ( 1.219107605628288793, -3.678694160289538662, -2.477413564317747063 ) ) ;
#146 = CARTESIAN_POINT ( 'NONE',  ( -1.479729949607609063, -3.829729949607609374, -2.549999999999999822 ) ) ;
#147 = CARTESIAN_POINT ( 'NONE',  ( -1.651729889353183989, -3.410845237545858222, -2.250000000000000000 ) ) ;
#148 = DIRECTION ( 'NONE',  ( -1.000000000000000000, 0.0000000000000000000, 0.0000000000000000000 ) ) ;
#149 = CARTESIAN_POINT ( 'NONE',  ( 0.8978857980407953798, -6.953498091997940751E-17, -3.369999999999999662 ) ) ;
#150 = EDGE_CURVE ( 'NONE', #1603, #616, #1432, .T. ) ;
#151 = CARTESIAN_POINT ( 'NONE',  ( 1.400000000000000133, -0.9937124365504788059, -2.497905546699920709 ) ) ;
#152 = ORIENTED_EDGE ( 'NONE', *, *, #1737, .T. ) ;
#153 = EDGE_CURVE ( 'NONE', #557, #976, #460, .T. ) ;
#154 = DIRECTION ( 'NONE',  ( 1.000000000000000000, 0.0000000000000000000, 0.0000000000000000000 ) ) ;
#155 = CARTESIAN_POINT ( 'NONE',  ( -1.031246618212574129, -3.676688944116238034, -2.665767658410556518 ) ) ;
#156 = CARTESIAN_POINT ( 'NONE',  ( -1.479729949607608619, -0.8702700503923912478, -2.250000000000000000 ) ) ;
#157 = CARTESIAN_POINT ( 'NONE',  ( 1.273900882966575887, -3.623900882966576642, -2.477413564274289826 ) ) ;
#158 = ORIENTED_EDGE ( 'NONE', *, *, #1965, .T. ) ;
#159 = CARTESIAN_POINT ( 'NONE',  ( 1.193328123944457753, -1.200384312606020965, -3.422094453300078776 ) ) ;
#160 = DIRECTION ( 'NONE',  ( -1.000000000000000000, 0.0000000000000000000, 0.0000000000000000000 ) ) ;
#161 = CARTESIAN_POINT ( 'NONE',  ( 1.218039571680447297, -3.679762194252706120, -2.477413564274290270 ) ) ;
#162 = ORIENTED_EDGE ( 'NONE', *, *, #1397, .T. ) ;
#163 = ADVANCED_FACE ( 'NONE', ( #1251 ), #1949, .F. ) ;
#164 = FACE_OUTER_BOUND ( 'NONE', #1023, .T. ) ;
#165 = CARTESIAN_POINT ( 'NONE',  ( 1.400000000000000133, -0.9500000000000002887, -2.250000000000000000 ) ) ;
#166 = AXIS2_PLACEMENT_3D ( 'NONE', #149, #1041, #514 ) ;
#167 = CARTESIAN_POINT ( 'NONE',  ( 1.399999999999999911, -3.706287563449521372, -2.497905546699920709 ) ) ;
#168 = LINE ( 'NONE', #1852, #1081 ) ;
#169 = AXIS2_PLACEMENT_3D ( 'NONE', #1888, #2215, #1016 ) ;
#170 = DIRECTION ( 'NONE',  ( -0.1710878697460358755, -0.1710878697460358755, 0.9702875252478138091 ) ) ;
#171 = CARTESIAN_POINT ( 'NONE',  ( -2.249999999999985789, 2.350000000000000089, 0.2999999999999999334 ) ) ;
#172 = AXIS2_PLACEMENT_3D ( 'NONE', #1640, #574, #103 ) ;
#173 = CIRCLE ( 'NONE', #1925, 0.2999999999999999889 ) ;
#174 = DIRECTION ( 'NONE',  ( -1.000000000000000000, -0.0000000000000000000, -0.0000000000000000000 ) ) ;
#175 = ORIENTED_EDGE ( 'NONE', *, *, #150, .T. ) ;
#176 = AXIS2_PLACEMENT_3D ( 'NONE', #1628, #1439, #1286 ) ;
#177 = DIRECTION ( 'NONE',  ( -1.000000000000000000, -0.0000000000000000000, -0.0000000000000000000 ) ) ;
#178 = DIRECTION ( 'NONE',  ( -0.1710878697460358755, 0.1710878697460358755, 0.9702875252478138091 ) ) ;
#179 = EDGE_CURVE ( 'NONE', #1850, #74, #233, .T. ) ;
#180 = PLANE ( 'NONE',  #997 ) ;
#181 = EDGE_CURVE ( 'NONE', #1115, #624, #376, .T. ) ;
#182 = CARTESIAN_POINT ( 'NONE',  ( -2.250000000000000444, 0.3500000000000004774, 2.000000000000000000 ) ) ;
#183 = CARTESIAN_POINT ( 'NONE',  ( -2.249999999999985789, 2.350000000000000089, 1.499999999999998668 ) ) ;
#184 = CARTESIAN_POINT ( 'NONE',  ( -4.249999999999999112, 0.3499999999999864886, 2.000000000000000000 ) ) ;
#185 = ORIENTED_EDGE ( 'NONE', *, *, #1878, .F. ) ;
#186 = CARTESIAN_POINT ( 'NONE',  ( 5.200000000000001066, -6.690000000000000391, -1.949999999999999956 ) ) ;
#187 = CARTESIAN_POINT ( 'NONE',  ( -2.249999999999985789, 2.649999999999999467, 0.0000000000000000000 ) ) ;
#188 = CARTESIAN_POINT ( 'NONE',  ( 1.060845237545859021, -4.001729889353184078, -2.549999999999999822 ) ) ;
#189 = CARTESIAN_POINT ( 'NONE',  ( 1.113205583900438000, -1.236794416099562532, -2.148860813050233798 ) ) ;
#190 = CARTESIAN_POINT ( 'NONE',  ( -2.249999999999999112, -0.3500000000000000333, 2.000000000000000000 ) ) ;
#191 = EDGE_CURVE ( 'NONE', #82, #1302, #1757, .T. ) ;
#192 = FACE_OUTER_BOUND ( 'NONE', #300, .T. ) ;
#193 =( BOUNDED_CURVE ( )  B_SPLINE_CURVE ( 3, ( #242, #1974, #161, #1186 ),
 .UNSPECIFIED., .F., .F. ) 
 B_SPLINE_CURVE_WITH_KNOTS ( ( 4, 4 ),
 ( 5.512866274278616530, 6.283185307179586232 ),
 .UNSPECIFIED. ) 
 CURVE ( )  GEOMETRIC_REPRESENTATION_ITEM ( )  RATIONAL_B_SPLINE_CURVE ( ( 1.000000000000000000, 0.9511590086810493005, 0.9511590086810493005, 1.000000000000000000 ) ) 
 REPRESENTATION_ITEM ( '' )  );
#194 = CARTESIAN_POINT ( 'NONE',  ( 2.249999999999984901, -2.350000000000000089, 0.2999999999999999334 ) ) ;
#195 = ORIENTED_EDGE ( 'NONE', *, *, #1360, .T. ) ;
#196 = VERTEX_POINT ( 'NONE', #2117 ) ;
#197 = LINE ( 'NONE', #1591, #1225 ) ;
#198 = DIRECTION ( 'NONE',  ( 0.0000000000000000000, 0.0000000000000000000, -1.000000000000000000 ) ) ;
#199 = CARTESIAN_POINT ( 'NONE',  ( -5.499999999999999112, 5.440000000000000391, -1.250000000000000000 ) ) ;
#200 = DIRECTION ( 'NONE',  ( 0.0000000000000000000, 0.0000000000000000000, 1.000000000000000000 ) ) ;
#201 = CARTESIAN_POINT ( 'NONE',  ( -4.549999999999998934, 0.3499999999999843792, 0.0000000000000000000 ) ) ;
#202 = CIRCLE ( 'NONE', #1844, 1.500000000000000444 ) ;
#203 = AXIS2_PLACEMENT_3D ( 'NONE', #92, #419, #1299 ) ;
#204 = DIRECTION ( 'NONE',  ( 1.000000000000000000, -0.0000000000000000000, -0.0000000000000000000 ) ) ;
#205 = ADVANCED_FACE ( 'NONE', ( #1279 ), #719, .F. ) ;
#206 = CIRCLE ( 'NONE', #64, 0.3000000000000000444 ) ;
#207 = DIRECTION ( 'NONE',  ( 1.000000000000000000, 0.0000000000000000000, 0.0000000000000000000 ) ) ;
#208 = EDGE_LOOP ( 'NONE', ( #482, #1663, #282, #2153, #1939 ) ) ;
#209 = VECTOR ( 'NONE', #1008, 1000.000000000000000 ) ;
#210 = LINE ( 'NONE', #1547, #747 ) ;
#211 = EDGE_CURVE ( 'NONE', #776, #1981, #1766, .T. ) ;
#212 = CIRCLE ( 'NONE', #1079, 0.2999999999999999889 ) ;
#213 = ORIENTED_EDGE ( 'NONE', *, *, #11, .F. ) ;
#214 = CARTESIAN_POINT ( 'NONE',  ( 1.368007327035351217, -3.941452572179867442, -2.250000000000000000 ) ) ;
#215 = CARTESIAN_POINT ( 'NONE',  ( 5.500000000000000888, 5.440000000000000391, -1.250000000000000000 ) ) ;
#216 = CIRCLE ( 'NONE', #32, 1.999999999999999112 ) ;
#217 = LOCAL_TIME ( 1, 1, 49.00000000000000000, #1491 ) ;
#218 = FACE_OUTER_BOUND ( 'NONE', #698, .T. ) ;
#219 = PLANE ( 'NONE',  #817 ) ;
#220 = CARTESIAN_POINT ( 'NONE',  ( -1.273900882966575887, -1.076099117033423980, -2.477413564274289826 ) ) ;
#221 = ORIENTED_EDGE ( 'NONE', *, *, #2247, .T. ) ;
#222 = DIRECTION ( 'NONE',  ( 0.0000000000000000000, 0.0000000000000000000, 1.000000000000000000 ) ) ;
#223 = CARTESIAN_POINT ( 'NONE',  ( 5.500000000000000888, 4.003859338365490572, -2.250000000000000000 ) ) ;
#224 = ADVANCED_FACE ( 'NONE', ( #1964 ), #1219, .T. ) ;
#225 = EDGE_LOOP ( 'NONE', ( #1414, #378, #1172, #1348 ) ) ;
#226 = ADVANCED_FACE ( 'NONE', ( #192 ), #1784, .T. ) ;
#227 = ORIENTED_EDGE ( 'NONE', *, *, #1670, .T. ) ;
#228 = LINE ( 'NONE', #909, #286 ) ;
#229 = FACE_OUTER_BOUND ( 'NONE', #602, .T. ) ;
#230 = PERSON_AND_ORGANIZATION_ROLE ( 'design_owner' ) ;
#231 = DIRECTION ( 'NONE',  ( -0.0000000000000000000, -0.0000000000000000000, -1.000000000000000000 ) ) ;
#232 = DIRECTION ( 'NONE',  ( 0.0000000000000000000, 0.0000000000000000000, 1.000000000000000000 ) ) ;
#233 = LINE ( 'NONE', #730, #814 ) ;
#234 = LINE ( 'NONE', #2199, #1306 ) ;
#235 = VERTEX_POINT ( 'NONE', #1102 ) ;
#236 = ORIENTED_EDGE ( 'NONE', *, *, #1657, .F. ) ;
#237 = CARTESIAN_POINT ( 'NONE',  ( -1.273900882966576331, -3.623900882966576198, -2.477413564274289826 ) ) ;
#238 = CARTESIAN_POINT ( 'NONE',  ( -1.411136235519922399, -3.501787812184551818, -2.250000000000000000 ) ) ;
#239 = ADVANCED_FACE ( 'NONE', ( #926 ), #1517, .T. ) ;
#240 = DIRECTION ( 'NONE',  ( 0.9848077530122079093, 0.0000000000000000000, -0.1736481776669307753 ) ) ;
#241 = CARTESIAN_POINT ( 'NONE',  ( -5.199999999999999289, -6.390000000000000568, -2.250000000000000000 ) ) ;
#242 = CARTESIAN_POINT ( 'NONE',  ( 1.060845237545859021, -3.706287563449521372, -2.497905546699920709 ) ) ;
#243 = ORIENTED_EDGE ( 'NONE', *, *, #2064, .T. ) ;
#244 = DIRECTION ( 'NONE',  ( -0.7071067811865463515, 0.0000000000000000000, -0.7071067811865487940 ) ) ;
#245 = AXIS2_PLACEMENT_3D ( 'NONE', #893, #904, #1610 ) ;
#246 = CARTESIAN_POINT ( 'NONE',  ( -0.8978857980407951578, -3.247885798040795358, -3.669999999999999485 ) ) ;
#247 = ORIENTED_EDGE ( 'NONE', *, *, #922, .F. ) ;
#248 = CIRCLE ( 'NONE', #566, 0.2999999999999999334 ) ;
#249 = VERTEX_POINT ( 'NONE', #1621 ) ;
#250 = LINE ( 'NONE', #1970, #1631 ) ;
#251 = CYLINDRICAL_SURFACE ( 'NONE', #783, 0.3000000000000000444 ) ;
#252 = AXIS2_PLACEMENT_3D ( 'NONE', #831, #797, #1705 ) ;
#253 = FACE_OUTER_BOUND ( 'NONE', #438, .T. ) ;
#254 = VECTOR ( 'NONE', #647, 1000.000000000000000 ) ;
#255 = ADVANCED_FACE ( 'NONE', ( #880 ), #75, .T. ) ;
#256 = DIRECTION ( 'NONE',  ( -0.9848077530122079093, 1.445602896647339311E-15, 0.1736481776669308585 ) ) ;
#257 = CIRCLE ( 'NONE', #1599, 0.2999999999999999334 ) ;
#258 = EDGE_LOOP ( 'NONE', ( #1291, #958, #699, #455 ) ) ;
#259 = EDGE_CURVE ( 'NONE', #1941, #272, #202, .T. ) ;
#260 = DIRECTION ( 'NONE',  ( 0.0000000000000000000, -1.000000000000000000, 0.0000000000000000000 ) ) ;
#261 =( BOUNDED_CURVE ( )  B_SPLINE_CURVE ( 3, ( #543, #2150, #2135, #1756 ),
 .UNSPECIFIED., .F., .T. ) 
 B_SPLINE_CURVE_WITH_KNOTS ( ( 4, 4 ),
 ( 0.0000000000000000000, 0.7703190329009698134 ),
 .UNSPECIFIED. ) 
 CURVE ( )  GEOMETRIC_REPRESENTATION_ITEM ( )  RATIONAL_B_SPLINE_CURVE ( ( 1.000000000000000000, 0.9511590086810493005, 0.9511590086810493005, 1.000000000000000000 ) ) 
 REPRESENTATION_ITEM ( '' )  );
#262 = ORIENTED_EDGE ( 'NONE', *, *, #1359, .F. ) ;
#263 = CARTESIAN_POINT ( 'NONE',  ( -0.8978857980407947137, -1.156671876055542780, -3.422094453300078776 ) ) ;
#264 = SPHERICAL_SURFACE ( 'NONE', #572, 0.2999999999999999889 ) ;
#265 = CARTESIAN_POINT ( 'NONE',  ( 5.500000000000000888, 4.003859338365490572, -5.249999999999999112 ) ) ;
#266 = ORIENTED_EDGE ( 'NONE', *, *, #459, .F. ) ;
#267 = EDGE_CURVE ( 'NONE', #1525, #967, #1069, .T. ) ;
#268 = DIRECTION ( 'NONE',  ( -0.0000000000000000000, -0.0000000000000000000, -1.000000000000000000 ) ) ;
#269 = ORIENTED_EDGE ( 'NONE', *, *, #1282, .F. ) ;
#270 = ORIENTED_EDGE ( 'NONE', *, *, #1693, .T. ) ;
#271 = CARTESIAN_POINT ( 'NONE',  ( -1.218039571680447075, -1.020237805747295168, -2.477413564274290270 ) ) ;
#272 = VERTEX_POINT ( 'NONE', #1290 ) ;
#273 = LINE ( 'NONE', #594, #2072 ) ;
#274 = DIRECTION ( 'NONE',  ( -0.7071067811865479058, 0.7071067811865472397, 0.0000000000000000000 ) ) ;
#275 = DIRECTION ( 'NONE',  ( -0.0000000000000000000, 0.0000000000000000000, -1.000000000000000000 ) ) ;
#276 = ORIENTED_EDGE ( 'NONE', *, *, #526, .T. ) ;
#277 = CARTESIAN_POINT ( 'NONE',  ( -1.329762194252704921, -1.131960428319552792, -2.477413564274290270 ) ) ;
#278 = ORIENTED_EDGE ( 'NONE', *, *, #675, .T. ) ;
#279 = ORIENTED_EDGE ( 'NONE', *, *, #2012, .T. ) ;
#280 = EDGE_CURVE ( 'NONE', #2187, #1470, #667, .T. ) ;
#281 = CARTESIAN_POINT ( 'NONE',  ( -1.031246618212575239, -3.381246618212574884, -2.613673205110477404 ) ) ;
#282 = ORIENTED_EDGE ( 'NONE', *, *, #1713, .F. ) ;
#283 = VECTOR ( 'NONE', #597, 1000.000000000000000 ) ;
#284 = EDGE_CURVE ( 'NONE', #632, #2157, #1926, .T. ) ;
#285 = CARTESIAN_POINT ( 'NONE',  ( -2.249999999999985789, 2.649999999999999911, 0.2999999999999999334 ) ) ;
#286 = VECTOR ( 'NONE', #2122, 1000.000000000000000 ) ;
#287 = DIRECTION ( 'NONE',  ( 0.0000000000000000000, 0.0000000000000000000, 1.000000000000000000 ) ) ;
#288 = AXIS2_PLACEMENT_3D ( 'NONE', #281, #170, #1498 ) ;
#289 = AXIS2_PLACEMENT_3D ( 'NONE', #720, #207, #1584 ) ;
#290 = DIRECTION ( 'NONE',  ( 0.0000000000000000000, 0.0000000000000000000, -1.000000000000000000 ) ) ;
#291 = ORIENTED_EDGE ( 'NONE', *, *, #26, .F. ) ;
#292 = DIRECTION ( 'NONE',  ( 0.0000000000000000000, -1.000000000000000000, 0.0000000000000000000 ) ) ;
#293 = ORIENTED_EDGE ( 'NONE', *, *, #1282, .T. ) ;
#294 = EDGE_LOOP ( 'NONE', ( #1445, #296, #445, #839 ) ) ;
#295 = EDGE_CURVE ( 'NONE', #1770, #616, #1110, .T. ) ;
#296 = ORIENTED_EDGE ( 'NONE', *, *, #2155, .T. ) ;
#297 = CARTESIAN_POINT ( 'NONE',  ( -4.549999999999998934, 0.3499999999999857669, 0.2999999999999999334 ) ) ;
#298 = EDGE_CURVE ( 'NONE', #369, #1862, #668, .T. ) ;
#299 = PERSON_AND_ORGANIZATION_ROLE ( 'classification_officer' ) ;
#300 = EDGE_LOOP ( 'NONE', ( #2056, #1320, #746, #1137 ) ) ;
#301 = LINE ( 'NONE', #804, #254 ) ;
#302 = ORIENTED_EDGE ( 'NONE', *, *, #1616, .F. ) ;
#303 = CARTESIAN_POINT ( 'NONE',  ( 1.370166355346586595, -3.939293543607218062, -2.250000000000000000 ) ) ;
#304 = DIRECTION ( 'NONE',  ( 0.0000000000000000000, -0.7071067811865462405, -0.7071067811865489050 ) ) ;
#305 = ADVANCED_FACE ( 'NONE', ( #913 ), #1763, .T. ) ;
#306 = FACE_OUTER_BOUND ( 'NONE', #1555, .T. ) ;
#307 = ORIENTED_EDGE ( 'NONE', *, *, #2024, .T. ) ;
#308 = PLANE ( 'NONE',  #1692 ) ;
#309 = ORIENTED_EDGE ( 'NONE', *, *, #851, .T. ) ;
#310 = LINE ( 'NONE', #1688, #2222 ) ;
#311 = EDGE_LOOP ( 'NONE', ( #1106, #2095, #1805, #436 ) ) ;
#312 = CARTESIAN_POINT ( 'NONE',  ( -1.479729949607608619, -0.8702700503923912478, -2.250000000000000000 ) ) ;
#313 = VECTOR ( 'NONE', #10, 1000.000000000000000 ) ;
#314 = CIRCLE ( 'NONE', #2216, 0.2999999999999999889 ) ;
#315 = CARTESIAN_POINT ( 'NONE',  ( -1.219107605628295010, -1.021305839710461516, -2.477413564317727523 ) ) ;
#316 = EDGE_CURVE ( 'NONE', #1496, #1831, #2251, .T. ) ;
#317 = TOROIDAL_SURFACE ( 'NONE', #172, 2.299999999999999822, 0.2999999999999999889 ) ;
#318 = ORIENTED_EDGE ( 'NONE', *, *, #444, .F. ) ;
#319 = DIRECTION ( 'NONE',  ( 0.0000000000000000000, -1.000000000000000000, 0.0000000000000000000 ) ) ;
#320 = VECTOR ( 'NONE', #1665, 1000.000000000000000 ) ;
#321 = VECTOR ( 'NONE', #857, 1000.000000000000000 ) ;
#322 = FACE_OUTER_BOUND ( 'NONE', #816, .T. ) ;
#323 = CARTESIAN_POINT ( 'NONE',  ( 5.200000000000001066, -6.390000000000000568, -1.949999999999999956 ) ) ;
#324 = VERTEX_POINT ( 'NONE', #1946 ) ;
#325 = DIRECTION ( 'NONE',  ( 0.0000000000000000000, -1.445602896647339508E-15, -1.000000000000000000 ) ) ;
#326 = CARTESIAN_POINT ( 'NONE',  ( -4.249999999999999112, -0.3499999999999857669, 0.2999999999999999334 ) ) ;
#327 = ORIENTED_EDGE ( 'NONE', *, *, #1604, .F. ) ;
#328 = DIRECTION ( 'NONE',  ( 0.0000000000000000000, 0.0000000000000000000, 1.000000000000000000 ) ) ;
#329 = PLANE ( 'NONE',  #346 ) ;
#330 = EDGE_CURVE ( 'NONE', #896, #1750, #636, .T. ) ;
#331 = DIRECTION ( 'NONE',  ( -1.000000000000000000, 0.0000000000000000000, -0.0000000000000000000 ) ) ;
#332 = ORIENTED_EDGE ( 'NONE', *, *, #1388, .F. ) ;
#333 = DIRECTION ( 'NONE',  ( 1.000000000000000000, 0.0000000000000000000, 0.0000000000000000000 ) ) ;
#334 = CARTESIAN_POINT ( 'NONE',  ( -2.249999999999984901, -1.850000000000000533, 2.000000000000000000 ) ) ;
#335 = CARTESIAN_POINT ( 'NONE',  ( 2.250000000000000000, -0.3500000000000000333, 0.2999999999999999334 ) ) ;
#336 = DIRECTION ( 'NONE',  ( 0.0000000000000000000, -1.000000000000000000, 0.0000000000000000000 ) ) ;
#337 = LINE ( 'NONE', #326, #678 ) ;
#338 = CARTESIAN_POINT ( 'NONE',  ( -5.499999999999999112, 5.440000000000000391, -2.200000000000000178 ) ) ;
#339 = EDGE_LOOP ( 'NONE', ( #1487, #1759, #2119 ) ) ;
#340 = DIRECTION ( 'NONE',  ( 0.0000000000000000000, 0.0000000000000000000, 1.000000000000000000 ) ) ;
#341 = EDGE_CURVE ( 'NONE', #1643, #1796, #741, .T. ) ;
#342 = ORIENTED_EDGE ( 'NONE', *, *, #2206, .T. ) ;
#343 = ADVANCED_FACE ( 'NONE', ( #1618 ), #219, .T. ) ;
#344 = LINE ( 'NONE', #1211, #497 ) ;
#345 = DIRECTION ( 'NONE',  ( 0.9848077530122080203, -7.626647894974316585E-17, -0.1736481776669307198 ) ) ;
#346 = AXIS2_PLACEMENT_3D ( 'NONE', #2058, #1197, #1722 ) ;
#347 = FACE_OUTER_BOUND ( 'NONE', #1403, .T. ) ;
#348 = AXIS2_PLACEMENT_3D ( 'NONE', #1162, #1540, #1345 ) ;
#349 = DIRECTION ( 'NONE',  ( -0.1736481776669307198, 0.0000000000000000000, 0.9848077530122080203 ) ) ;
#350 = AXIS2_PLACEMENT_3D ( 'NONE', #1036, #2112, #550 ) ;
#351 = CYLINDRICAL_SURFACE ( 'NONE', #166, 0.3000000000000000444 ) ;
#352 = TOROIDAL_SURFACE ( 'NONE', #500, 2.299999999999999822, 0.2999999999999999889 ) ;
#353 = CIRCLE ( 'NONE', #969, 0.2999999999999999334 ) ;
#354 = CARTESIAN_POINT ( 'NONE',  ( -5.199999999999999289, -6.690000000000000391, -2.250000000000000000 ) ) ;
#355 = ORIENTED_EDGE ( 'NONE', *, *, #2224, .T. ) ;
#356 = CARTESIAN_POINT ( 'NONE',  ( 2.249999999999984901, -2.350000000000000089, 1.499999999999998668 ) ) ;
#357 = CC_DESIGN_APPROVAL ( #1205, ( #1514 ) ) ;
#358 = ADVANCED_FACE ( 'NONE', ( #1051 ), #901, .F. ) ;
#359 = DIRECTION ( 'NONE',  ( -0.0000000000000000000, -0.0000000000000000000, -1.000000000000000000 ) ) ;
#360 = DIRECTION ( 'NONE',  ( -0.1736481776669307198, 0.0000000000000000000, -0.9848077530122080203 ) ) ;
#361 = EDGE_CURVE ( 'NONE', #1819, #2048, #693, .T. ) ;
#362 = DIRECTION ( 'NONE',  ( 0.0000000000000000000, 0.0000000000000000000, -1.000000000000000000 ) ) ;
#363 = DIRECTION ( 'NONE',  ( 3.614007241618348771E-16, 1.000000000000000000, 0.0000000000000000000 ) ) ;
#364 = CYLINDRICAL_SURFACE ( 'NONE', #2255, 0.2999999999999999334 ) ;
#365 = DIRECTION ( 'NONE',  ( 0.0000000000000000000, 0.0000000000000000000, 1.000000000000000000 ) ) ;
#366 = CARTESIAN_POINT ( 'NONE',  ( 0.8978857980407952688, -3.543328123944457619, -3.422094453300078776 ) ) ;
#367 = EDGE_LOOP ( 'NONE', ( #635, #2210, #120, #1056, #1460, #1014, #1986, #227 ) ) ;
#368 = CYLINDRICAL_SURFACE ( 'NONE', #467, 0.2999999999999999334 ) ;
#369 = VERTEX_POINT ( 'NONE', #7 ) ;
#370 = CARTESIAN_POINT ( 'NONE',  ( 5.200000000000001066, 0.0000000000000000000, -0.0000000000000000000 ) ) ;
#371 = FACE_OUTER_BOUND ( 'NONE', #791, .T. ) ;
#372 = ADVANCED_FACE ( 'NONE', ( #44 ), #1661, .T. ) ;
#373 = DIRECTION ( 'NONE',  ( 0.0000000000000000000, 0.0000000000000000000, -1.000000000000000000 ) ) ;
#374 = CARTESIAN_POINT ( 'NONE',  ( -1.314000030127213225, -3.664000030127211538, -2.249999999999999556 ) ) ;
#375 = EDGE_CURVE ( 'NONE', #196, #82, #20, .T. ) ;
#376 = LINE ( 'NONE', #59, #131 ) ;
#377 = DIRECTION ( 'NONE',  ( -1.000000000000000000, -0.0000000000000000000, -0.0000000000000000000 ) ) ;
#378 = ORIENTED_EDGE ( 'NONE', *, *, #1856, .T. ) ;
#379 = DIRECTION ( 'NONE',  ( -0.1710878697460360143, 0.1710878697460362086, 0.9702875252478139201 ) ) ;
#380 = DIRECTION ( 'NONE',  ( 1.000000000000000000, 0.0000000000000000000, 0.0000000000000000000 ) ) ;
#381 = DIRECTION ( 'NONE',  ( -1.000000000000000000, 0.0000000000000000000, 0.0000000000000000000 ) ) ;
#382 = LINE ( 'NONE', #1419, #966 ) ;
#383 = CIRCLE ( 'NONE', #1768, 0.2999999999999999334 ) ;
#384 = ADVANCED_FACE ( 'NONE', ( #2134 ), #520, .T. ) ;
#385 = AXIS2_PLACEMENT_3D ( 'NONE', #1062, #55, #1607 ) ;
#386 = ORIENTED_EDGE ( 'NONE', *, *, #1866, .F. ) ;
#387 = DIRECTION ( 'NONE',  ( 0.0000000000000000000, 0.0000000000000000000, -1.000000000000000000 ) ) ;
#388 = AXIS2_PLACEMENT_3D ( 'NONE', #1606, #41, #724 ) ;
#389 = EDGE_CURVE ( 'NONE', #992, #1897, #924, .T. ) ;
#390 = FACE_OUTER_BOUND ( 'NONE', #2128, .T. ) ;
#391 = EDGE_LOOP ( 'NONE', ( #1174, #269, #1954 ) ) ;
#392 = CIRCLE ( 'NONE', #1882, 0.2999999999999998779 ) ;
#393 = TOROIDAL_SURFACE ( 'NONE', #289, 0.9500000000000000666, 0.2999999999999999889 ) ;
#394 = VERTEX_POINT ( 'NONE', #1960 ) ;
#395 = FACE_OUTER_BOUND ( 'NONE', #2166, .T. ) ;
#396 = VECTOR ( 'NONE', #1017, 1000.000000000000000 ) ;
#397 = PERSON_AND_ORGANIZATION ( #774, #1448 ) ;
#398 = DIRECTION ( 'NONE',  ( -0.7071067811865475727, -0.7071067811865475727, 0.0000000000000000000 ) ) ;
#399 = FACE_OUTER_BOUND ( 'NONE', #1253, .T. ) ;
#400 = ORIENTED_EDGE ( 'NONE', *, *, #26, .T. ) ;
#401 = CARTESIAN_POINT ( 'NONE',  ( -5.199999999999999289, -6.390000000000000568, -1.949999999999999956 ) ) ;
#402 = CC_DESIGN_PERSON_AND_ORGANIZATION_ASSIGNMENT ( #2044, #465, ( #505 ) ) ;
#403 = DIRECTION ( 'NONE',  ( -1.000000000000000000, 0.0000000000000000000, 0.0000000000000000000 ) ) ;
#404 = ORIENTED_EDGE ( 'NONE', *, *, #868, .T. ) ;
#405 = EDGE_CURVE ( 'NONE', #1510, #121, #2104, .T. ) ;
#406 = ORIENTED_EDGE ( 'NONE', *, *, #2012, .F. ) ;
#407 = DIRECTION ( 'NONE',  ( 0.0000000000000000000, -0.3379154497963551829, -0.9411764705882351700 ) ) ;
#408 = DIRECTION ( 'NONE',  ( 0.0000000000000000000, 0.0000000000000000000, 1.000000000000000000 ) ) ;
#409 = ORIENTED_EDGE ( 'NONE', *, *, #675, .F. ) ;
#410 = DIRECTION ( 'NONE',  ( 0.0000000000000000000, 1.000000000000000000, -0.0000000000000000000 ) ) ;
#411 = ORIENTED_EDGE ( 'NONE', *, *, #2238, .T. ) ;
#412 = ADVANCED_FACE ( 'NONE', ( #347 ), #180, .F. ) ;
#413 =( BOUNDED_CURVE ( )  B_SPLINE_CURVE ( 3, ( #1529, #1867, #1860, #807 ),
 .UNSPECIFIED., .F., .F. ) 
 B_SPLINE_CURVE_WITH_KNOTS ( ( 4, 4 ),
 ( 5.512866274278617418, 6.283185307179586232 ),
 .UNSPECIFIED. ) 
 CURVE ( )  GEOMETRIC_REPRESENTATION_ITEM ( )  RATIONAL_B_SPLINE_CURVE ( ( 1.000000000000000000, 0.9511590086810493005, 0.9511590086810493005, 1.000000000000000000 ) ) 
 REPRESENTATION_ITEM ( '' )  );
#414 = VERTEX_POINT ( 'NONE', #790 ) ;
#415 = DIRECTION ( 'NONE',  ( -1.000000000000000000, 0.0000000000000000000, 0.0000000000000000000 ) ) ;
#416 = CARTESIAN_POINT ( 'NONE',  ( -1.379756377368788645, -3.598243682609480576, -2.249999999999898304 ) ) ;
#417 = EDGE_CURVE ( 'NONE', #1315, #1826, #2172, .T. ) ;
#418 = APPLICATION_PROTOCOL_DEFINITION ( 'international standard', 'config_control_design', 1994, #1530 ) ;
#419 = DIRECTION ( 'NONE',  ( -0.0000000000000000000, -0.0000000000000000000, -1.000000000000000000 ) ) ;
#420 = ORIENTED_EDGE ( 'NONE', *, *, #1684, .T. ) ;
#421 = DIRECTION ( 'NONE',  ( -1.000000000000000000, 0.0000000000000000000, 0.0000000000000000000 ) ) ;
#422 = VECTOR ( 'NONE', #1932, 1000.000000000000114 ) ;
#423 = CARTESIAN_POINT ( 'NONE',  ( -3.750000000000000444, -0.3499999999999893197, 2.000000000000000000 ) ) ;
#424 = ORIENTED_EDGE ( 'NONE', *, *, #2038, .T. ) ;
#425 = ORIENTED_EDGE ( 'NONE', *, *, #659, .F. ) ;
#426 = AXIS2_PLACEMENT_3D ( 'NONE', #165, #345, #360 ) ;
#427 = VECTOR ( 'NONE', #734, 1000.000000000000227 ) ;
#428 = ORIENTED_EDGE ( 'NONE', *, *, #95, .F. ) ;
#429 = DIRECTION ( 'NONE',  ( 0.0000000000000000000, 0.9848077530122079093, -0.1736481776669307753 ) ) ;
#430 = LINE ( 'NONE', #1971, #106 ) ;
#431 = VECTOR ( 'NONE', #712, 1000.000000000000000 ) ;
#432 =( BOUNDED_SURFACE ( )  B_SPLINE_SURFACE ( 3, 2, ( 
 ( #1504, #1352, #1685 ),
 ( #2207, #631, #843 ),
 ( #2046, #124, #1709 ),
 ( #2066, #1375, #1171 ) ),
 .UNSPECIFIED., .F., .F., .T. ) 
 B_SPLINE_SURFACE_WITH_KNOTS ( ( 4, 4 ),
 ( 3, 3 ),
 ( 0.0000000000000000000, 0.7703190329009697024 ),
 ( 0.0000000000000000000, 1.000000000000000000 ),
 .UNSPECIFIED. ) 
 GEOMETRIC_REPRESENTATION_ITEM ( )  RATIONAL_B_SPLINE_SURFACE ( (
 ( 1.000000000000000000, 0.7880211880883551956, 1.000000000000000000),
 ( 1.000000000000000000, 0.7880782858874841867, 1.000000000000000000),
 ( 1.000000000000000000, 0.7802206570544069075, 1.000000000000000000),
 ( 1.000000000000000000, 0.7660444431189782355, 1.000000000000000000) ) ) 
 REPRESENTATION_ITEM ( '' )  SURFACE ( )  );
#433 = DIRECTION ( 'NONE',  ( 0.0000000000000000000, -0.3379154497963551829, -0.9411764705882351700 ) ) ;
#434 = AXIS2_PLACEMENT_3D ( 'NONE', #1611, #48, #403 ) ;
#435 = LINE ( 'NONE', #1985, #1553 ) ;
#436 = ORIENTED_EDGE ( 'NONE', *, *, #881, .F. ) ;
#437 = CARTESIAN_POINT ( 'NONE',  ( 2.250000000000000000, 0.3500000000000000333, 2.000000000000000000 ) ) ;
#438 = EDGE_LOOP ( 'NONE', ( #342, #1534, #1329, #1853 ) ) ;
#439 = ORIENTED_EDGE ( 'NONE', *, *, #1978, .T. ) ;
#440 = ORIENTED_EDGE ( 'NONE', *, *, #856, .T. ) ;
#441 = LINE ( 'NONE', #763, #671 ) ;
#442 = CARTESIAN_POINT ( 'NONE',  ( -1.356287563449521283, -3.410845237545858222, -2.497905546699920709 ) ) ;
#443 = DIRECTION ( 'NONE',  ( -0.0000000000000000000, -0.0000000000000000000, -1.000000000000000000 ) ) ;
#444 = EDGE_CURVE ( 'NONE', #414, #621, #105, .T. ) ;
#445 = ORIENTED_EDGE ( 'NONE', *, *, #1457, .T. ) ;
#446 = ADVANCED_FACE ( 'NONE', ( #936 ), #2162, .T. ) ;
#447 = DIRECTION ( 'NONE',  ( 0.0000000000000000000, 0.0000000000000000000, -1.000000000000000000 ) ) ;
#448 = EDGE_LOOP ( 'NONE', ( #1969, #247, #784, #1381 ) ) ;
#449 = VERTEX_POINT ( 'NONE', #1846 ) ;
#450 = CARTESIAN_POINT ( 'NONE',  ( -4.549999999999998934, -0.3499999999999857669, 0.2999999999999999889 ) ) ;
#451 = ORIENTED_EDGE ( 'NONE', *, *, #2109, .F. ) ;
#452 = CARTESIAN_POINT ( 'NONE',  ( -5.199999999999999289, 5.440000000000000391, -2.500000000000000000 ) ) ;
#453 = FACE_OUTER_BOUND ( 'NONE', #768, .T. ) ;
#454 = FACE_OUTER_BOUND ( 'NONE', #1431, .T. ) ;
#455 = ORIENTED_EDGE ( 'NONE', *, *, #1502, .T. ) ;
#456 = EDGE_CURVE ( 'NONE', #272, #1643, #2196, .T. ) ;
#457 = CARTESIAN_POINT ( 'NONE',  ( 1.328694160289540571, -3.569107605628293989, -2.477413564317727523 ) ) ;
#458 = ORIENTED_EDGE ( 'NONE', *, *, #920, .T. ) ;
#459 = EDGE_CURVE ( 'NONE', #1819, #2027, #314, .T. ) ;
#460 = CIRCLE ( 'NONE', #1033, 0.2999999999999999334 ) ;
#461 = ORIENTED_EDGE ( 'NONE', *, *, #1948, .T. ) ;
#462 = CIRCLE ( 'NONE', #348, 0.2999999999999999334 ) ;
#463 = CARTESIAN_POINT ( 'NONE',  ( -1.651729889353183101, -1.289154762454141290, -2.250000000000000000 ) ) ;
#464 = CIRCLE ( 'NONE', #2253, 0.2999999999999999889 ) ;
#465 = PERSON_AND_ORGANIZATION_ROLE ( 'creator' ) ;
#466 = CARTESIAN_POINT ( 'NONE',  ( 1.273900882966576775, -1.076099117033423758, -2.477413564274289826 ) ) ;
#467 = AXIS2_PLACEMENT_3D ( 'NONE', #1736, #1057, #333 ) ;
#468 = AXIS2_PLACEMENT_3D ( 'NONE', #1769, #1252, #1950 ) ;
#469 = EDGE_LOOP ( 'NONE', ( #2007, #813, #1433, #221 ) ) ;
#470 = LOCAL_TIME ( 1, 1, 49.00000000000000000, #1111 ) ;
#471 = ORIENTED_EDGE ( 'NONE', *, *, #1693, .F. ) ;
#472 = DIRECTION ( 'NONE',  ( -0.1710878697460357922, 0.1710878697460358200, 0.9702875252478136980 ) ) ;
#473 = EDGE_CURVE ( 'NONE', #2050, #632, #852, .T. ) ;
#474 = VERTEX_POINT ( 'NONE', #1287 ) ;
#475 = CARTESIAN_POINT ( 'NONE',  ( -1.314000030127211893, -1.035999969872786863, -2.249999999999999556 ) ) ;
#476 = PERSON_AND_ORGANIZATION ( #774, #1448 ) ;
#477 = CARTESIAN_POINT ( 'NONE',  ( -2.249999999999984901, -2.350000000000000089, 0.2999999999999999334 ) ) ;
#478 = ADVANCED_BREP_SHAPE_REPRESENTATION ( 'Pusher', ( #2004, #176 ), #2188 ) ;
#479 = DIRECTION ( 'NONE',  ( 0.7071067811865479058, 0.7071067811865472397, 0.0000000000000000000 ) ) ;
#480 = ORIENTED_EDGE ( 'NONE', *, *, #1866, .T. ) ;
#481 = CARTESIAN_POINT ( 'NONE',  ( 2.249999999999984901, -2.649999999999999911, 0.2999999999999999334 ) ) ;
#482 = ORIENTED_EDGE ( 'NONE', *, *, #937, .T. ) ;
#483 = CARTESIAN_POINT ( 'NONE',  ( 5.200000000000001066, -6.390000000000000568, -0.2999999999999999334 ) ) ;
#484 = EDGE_CURVE ( 'NONE', #196, #2027, #435, .T. ) ;
#485 = CARTESIAN_POINT ( 'NONE',  ( 1.479729949607609507, -0.8702700503923910258, -2.549999999999999822 ) ) ;
#486 = EDGE_CURVE ( 'NONE', #13, #1044, #1440, .T. ) ;
#487 = LINE ( 'NONE', #641, #2114 ) ;
#488 =( BOUNDED_CURVE ( )  B_SPLINE_CURVE ( 3, ( #728, #1395, #1571, #891 ),
 .UNSPECIFIED., .F., .F. ) 
 B_SPLINE_CURVE_WITH_KNOTS ( ( 4, 4 ),
 ( 5.512866274278617418, 6.283185307179586232 ),
 .UNSPECIFIED. ) 
 CURVE ( )  GEOMETRIC_REPRESENTATION_ITEM ( )  RATIONAL_B_SPLINE_CURVE ( ( 1.000000000000000000, 0.9511590086810493005, 0.9511590086810493005, 1.000000000000000000 ) ) 
 REPRESENTATION_ITEM ( '' )  );
#489 = EDGE_LOOP ( 'NONE', ( #439, #2192, #1656, #2026 ) ) ;
#490 = CARTESIAN_POINT ( 'NONE',  ( -1.060845237545859021, -3.706287563449521372, -2.497905546699920709 ) ) ;
#491 = DIRECTION ( 'NONE',  ( -1.000000000000000000, -3.669759128687064831E-16, -0.0000000000000000000 ) ) ;
#492 = ORIENTED_EDGE ( 'NONE', *, *, #259, .F. ) ;
#493 = CARTESIAN_POINT ( 'NONE',  ( 1.356287563449521727, -1.289154762454141290, -2.497905546699920709 ) ) ;
#494 = EDGE_LOOP ( 'NONE', ( #2061, #1325, #1537 ) ) ;
#495 = CARTESIAN_POINT ( 'NONE',  ( -1.399999999999999245, -1.289154762454141290, -2.250000000000000000 ) ) ;
#496 = PRODUCT ( 'Pusher', 'Pusher', '', ( #2171 ) ) ;
#497 = VECTOR ( 'NONE', #1415, 1000.000000000000000 ) ;
#498 = AXIS2_PLACEMENT_3D ( 'NONE', #886, #1048, #1740 ) ;
#499 = CARTESIAN_POINT ( 'NONE',  ( 5.200000000000001066, -6.690000000000000391, -2.250000000000000000 ) ) ;
#500 = AXIS2_PLACEMENT_3D ( 'NONE', #1310, #2170, #1087 ) ;
#501 = ORIENTED_EDGE ( 'NONE', *, *, #1158, .F. ) ;
#502 = EDGE_CURVE ( 'NONE', #1820, #1187, #1477, .T. ) ;
#503 = DIRECTION ( 'NONE',  ( -0.7071067811865487940, 0.0000000000000000000, -0.7071067811865462405 ) ) ;
#504 = AXIS2_PLACEMENT_3D ( 'NONE', #2006, #1828, #590 ) ;
#505 = PRODUCT_DEFINITION_FORMATION_WITH_SPECIFIED_SOURCE ( 'ANY', '', #496, .NOT_KNOWN. ) ;
#506 = DIRECTION ( 'NONE',  ( 3.614007241618348771E-16, -1.000000000000000000, 0.0000000000000000000 ) ) ;
#507 = CARTESIAN_POINT ( 'NONE',  ( -5.499999999999999112, 5.440000000000000391, -0.2999999999999999334 ) ) ;
#508 = ORIENTED_EDGE ( 'NONE', *, *, #1324, .T. ) ;
#509 = FACE_OUTER_BOUND ( 'NONE', #2016, .T. ) ;
#510 = DIRECTION ( 'NONE',  ( -1.000000000000000000, -0.0000000000000000000, -0.0000000000000000000 ) ) ;
#511 = DIRECTION ( 'NONE',  ( -0.0000000000000000000, -1.000000000000000000, 0.0000000000000000000 ) ) ;
#512 = LINE ( 'NONE', #1668, #1303 ) ;
#513 = EDGE_CURVE ( 'NONE', #1525, #776, #1809, .T. ) ;
#514 = DIRECTION ( 'NONE',  ( 1.000000000000000000, -7.744301232039321612E-17, 0.0000000000000000000 ) ) ;
#515 = CARTESIAN_POINT ( 'NONE',  ( -2.249999999999984901, -2.350000000000000089, 1.499999999999998446 ) ) ;
#516 = ORIENTED_EDGE ( 'NONE', *, *, #375, .F. ) ;
#517 = CARTESIAN_POINT ( 'NONE',  ( -2.249999999999985789, 2.350000000000000089, 1.499999999999998668 ) ) ;
#518 = CARTESIAN_POINT ( 'NONE',  ( -3.750000000000000000, 0.3499999999999864886, 2.000000000000000000 ) ) ;
#519 = LINE ( 'NONE', #1454, #752 ) ;
#520 = CYLINDRICAL_SURFACE ( 'NONE', #1627, 0.3000000000000000999 ) ;
#521 = CARTESIAN_POINT ( 'NONE',  ( -5.499999999999999112, 4.003859338365490572, -5.249999999999999112 ) ) ;
#522 = CARTESIAN_POINT ( 'NONE',  ( -5.199999999999999289, -6.390000000000000568, -0.2999999999999999334 ) ) ;
#523 = ADVANCED_FACE ( 'NONE', ( #1112, #921 ), #1313, .T. ) ;
#524 = CARTESIAN_POINT ( 'NONE',  ( 4.250000000000000000, 0.3499999999999853229, 2.000000000000000000 ) ) ;
#525 = ORIENTED_EDGE ( 'NONE', *, *, #1336, .T. ) ;
#526 = EDGE_CURVE ( 'NONE', #974, #1334, #248, .T. ) ;
#527 = DIRECTION ( 'NONE',  ( 0.0000000000000000000, 0.0000000000000000000, -1.000000000000000000 ) ) ;
#528 = DIRECTION ( 'NONE',  ( 0.0000000000000000000, -2.602085213965210642E-15, 1.000000000000000000 ) ) ;
#529 = AXIS2_PLACEMENT_3D ( 'NONE', #522, #1565, #2232 ) ;
#530 = CYLINDRICAL_SURFACE ( 'NONE', #934, 0.2999999999999999889 ) ;
#531 = DIRECTION ( 'NONE',  ( -1.000000000000000000, 0.0000000000000000000, 0.0000000000000000000 ) ) ;
#532 = CIRCLE ( 'NONE', #132, 0.9500000000000000666 ) ;
#533 = CARTESIAN_POINT ( 'NONE',  ( -1.218121302440371645, -4.001729889179049593, -2.250000000000000000 ) ) ;
#534 = VECTOR ( 'NONE', #680, 1000.000000000000000 ) ;
#535 = CARTESIAN_POINT ( 'NONE',  ( 0.0000000000000000000, 0.0000000000000000000, -3.669999999999999485 ) ) ;
#536 = ORIENTED_EDGE ( 'NONE', *, *, #1787, .F. ) ;
#537 = TOROIDAL_SURFACE ( 'NONE', #1268, 2.299999999999998934, 0.2999999999999999889 ) ;
#538 = ADVANCED_FACE ( 'NONE', ( #81 ), #1465, .T. ) ;
#539 = ORIENTED_EDGE ( 'NONE', *, *, #710, .T. ) ;
#540 = CARTESIAN_POINT ( 'NONE',  ( -5.499999999999999112, 5.440000000000000391, -1.250000000000000000 ) ) ;
#541 = DIRECTION ( 'NONE',  ( -3.614007241618348771E-16, 0.0000000000000000000, -1.000000000000000000 ) ) ;
#542 = DIRECTION ( 'NONE',  ( 0.0000000000000000000, 0.0000000000000000000, -1.000000000000000000 ) ) ;
#543 = CARTESIAN_POINT ( 'NONE',  ( -1.479729949607609063, -3.829729949607609374, -2.250000000000000000 ) ) ;
#544 = DIRECTION ( 'NONE',  ( -1.000000000000000000, -0.0000000000000000000, -0.0000000000000000000 ) ) ;
#545 = PLANE ( 'NONE',  #1004 ) ;
#546 = ORIENTED_EDGE ( 'NONE', *, *, #937, .F. ) ;
#547 = DIRECTION ( 'NONE',  ( 0.0000000000000000000, 1.000000000000000000, 0.0000000000000000000 ) ) ;
#548 = ORIENTED_EDGE ( 'NONE', *, *, #851, .F. ) ;
#549 = DIRECTION ( 'NONE',  ( -0.0000000000000000000, 1.000000000000000000, -0.0000000000000000000 ) ) ;
#550 = DIRECTION ( 'NONE',  ( 1.000000000000000000, 0.0000000000000000000, 0.0000000000000000000 ) ) ;
#551 = EDGE_CURVE ( 'NONE', #13, #1680, #2031, .T. ) ;
#552 = DIRECTION ( 'NONE',  ( -1.000000000000000000, 0.0000000000000000000, 0.0000000000000000000 ) ) ;
#553 = CARTESIAN_POINT ( 'NONE',  ( 2.250000000000000000, -0.3500000000000000333, 2.000000000000000000 ) ) ;
#554 = EDGE_CURVE ( 'NONE', #2178, #1071, #887, .T. ) ;
#555 = DIRECTION ( 'NONE',  ( 1.000000000000000000, 0.0000000000000000000, 0.0000000000000000000 ) ) ;
#556 = DIRECTION ( 'NONE',  ( 1.000000000000000000, -0.0000000000000000000, 0.0000000000000000000 ) ) ;
#557 = VERTEX_POINT ( 'NONE', #241 ) ;
#558 = EDGE_LOOP ( 'NONE', ( #113, #1308, #578, #451, #883 ) ) ;
#559 = DIRECTION ( 'NONE',  ( -1.000000000000000000, -0.0000000000000000000, -0.0000000000000000000 ) ) ;
#560 = CARTESIAN_POINT ( 'NONE',  ( -5.199999999999999289, 5.440000000000000391, -1.250000000000000000 ) ) ;
#561 = CALENDAR_DATE ( 2021, 12, 3 ) ;
#562 = CARTESIAN_POINT ( 'NONE',  ( 5.200000000000001066, -6.390000000000000568, -0.2999999999999999334 ) ) ;
#563 = CYLINDRICAL_SURFACE ( 'NONE', #859, 1.999999999999999556 ) ;
#564 = AXIS2_PLACEMENT_3D ( 'NONE', #1446, #2154, #1633 ) ;
#565 = EDGE_CURVE ( 'NONE', #1470, #449, #71, .T. ) ;
#566 = AXIS2_PLACEMENT_3D ( 'NONE', #1973, #1642, #944 ) ;
#567 = ORIENTED_EDGE ( 'NONE', *, *, #808, .T. ) ;
#568 = CARTESIAN_POINT ( 'NONE',  ( 5.200000000000001066, 4.003859338365490572, -5.249999999999999112 ) ) ;
#569 = CIRCLE ( 'NONE', #1773, 3.000000000000000000 ) ;
#570 = DIRECTION ( 'NONE',  ( 0.0000000000000000000, 0.0000000000000000000, -1.000000000000000000 ) ) ;
#571 = ORIENTED_EDGE ( 'NONE', *, *, #211, .T. ) ;
#572 = AXIS2_PLACEMENT_3D ( 'NONE', #1833, #933, #751 ) ;
#573 = VERTEX_POINT ( 'NONE', #1003 ) ;
#574 = DIRECTION ( 'NONE',  ( -0.0000000000000000000, -0.0000000000000000000, -1.000000000000000000 ) ) ;
#575 = AXIS2_PLACEMENT_3D ( 'NONE', #1972, #1997, #433 ) ;
#576 = DIRECTION ( 'NONE',  ( 0.0000000000000000000, 1.000000000000000000, 0.0000000000000000000 ) ) ;
#577 = CARTESIAN_POINT ( 'NONE',  ( 2.249999999999984901, -2.350000000000000089, 1.499999999999998668 ) ) ;
#578 = ORIENTED_EDGE ( 'NONE', *, *, #743, .F. ) ;
#579 = DIRECTION ( 'NONE',  ( 0.0000000000000000000, 0.0000000000000000000, -1.000000000000000000 ) ) ;
#580 = EDGE_CURVE ( 'NONE', #1603, #414, #1150, .T. ) ;
#581 = CARTESIAN_POINT ( 'NONE',  ( 2.249999999999985345, 2.649999999999999911, 0.0000000000000000000 ) ) ;
#582 = ORIENTED_EDGE ( 'NONE', *, *, #1616, .T. ) ;
#583 = ADVANCED_FACE ( 'NONE', ( #2079 ), #1276, .F. ) ;
#584 = VERTEX_POINT ( 'NONE', #133 ) ;
#585 = CARTESIAN_POINT ( 'NONE',  ( -2.249999999999985789, 2.350000000000000089, 2.000000000000000000 ) ) ;
#586 =( NAMED_UNIT ( * ) SI_UNIT ( $, .STERADIAN. ) SOLID_ANGLE_UNIT ( ) );
#587 = CARTESIAN_POINT ( 'NONE',  ( 2.250000000000000000, -1.850000000000000533, 2.000000000000000000 ) ) ;
#588 = VERTEX_POINT ( 'NONE', #2045 ) ;
#589 = CARTESIAN_POINT ( 'NONE',  ( -4.549999999999998934, 0.3499999999999843792, 0.2999999999999999889 ) ) ;
#590 = DIRECTION ( 'NONE',  ( -7.228014483236697541E-16, 0.0000000000000000000, -1.000000000000000000 ) ) ;
#591 = ORIENTED_EDGE ( 'NONE', *, *, #1493, .T. ) ;
#592 = EDGE_CURVE ( 'NONE', #949, #573, #462, .T. ) ;
#593 = ORIENTED_EDGE ( 'NONE', *, *, #1181, .T. ) ;
#594 = CARTESIAN_POINT ( 'NONE',  ( -4.249999999999999112, 0.3499999999999857669, 1.499999999999998668 ) ) ;
#595 = DIRECTION ( 'NONE',  ( 7.228014483236696753E-15, 0.0000000000000000000, -1.000000000000000000 ) ) ;
#596 = APPROVAL_DATE_TIME ( #2011, #1205 ) ;
#597 = DIRECTION ( 'NONE',  ( -0.0000000000000000000, -0.0000000000000000000, -1.000000000000000000 ) ) ;
#598 = AXIS2_PLACEMENT_3D ( 'NONE', #727, #231, #1238 ) ;
#599 = DIRECTION ( 'NONE',  ( 0.0000000000000000000, 0.0000000000000000000, 1.000000000000000000 ) ) ;
#600 = AXIS2_PLACEMENT_3D ( 'NONE', #750, #1452, #1807 ) ;
#601 = AXIS2_PLACEMENT_3D ( 'NONE', #2018, #1195, #1364 ) ;
#602 = EDGE_LOOP ( 'NONE', ( #2233, #1293, #1632 ) ) ;
#603 = CARTESIAN_POINT ( 'NONE',  ( 1.651729889353184211, -1.289154762454141290, -2.250000000000000000 ) ) ;
#604 = CARTESIAN_POINT ( 'NONE',  ( -4.549999999999998934, 0.3499999999999864886, 0.0000000000000000000 ) ) ;
#605 = CIRCLE ( 'NONE', #2148, 0.2999999999999999334 ) ;
#606 = EDGE_CURVE ( 'NONE', #272, #1603, #1898, .T. ) ;
#607 = APPROVAL_STATUS ( 'not_yet_approved' ) ;
#608 = VECTOR ( 'NONE', #1193, 1000.000000000000000 ) ;
#609 = DIRECTION ( 'NONE',  ( -0.0000000000000000000, -0.0000000000000000000, -1.000000000000000000 ) ) ;
#610 = EDGE_CURVE ( 'NONE', #978, #196, #1045, .T. ) ;
#611 = ORIENTED_EDGE ( 'NONE', *, *, #1995, .F. ) ;
#612 = CARTESIAN_POINT ( 'NONE',  ( 5.500000000000000888, -6.390000000000000568, -0.2999999999999999334 ) ) ;
#613 = ORIENTED_EDGE ( 'NONE', *, *, #486, .F. ) ;
#614 = EDGE_LOOP ( 'NONE', ( #501, #38, #769, #88 ) ) ;
#615 = DIRECTION ( 'NONE',  ( 0.0000000000000000000, 0.0000000000000000000, -1.000000000000000000 ) ) ;
#616 = VERTEX_POINT ( 'NONE', #477 ) ;
#617 = DIRECTION ( 'NONE',  ( 0.0000000000000000000, 0.0000000000000000000, 1.000000000000000000 ) ) ;
#618 = APPLICATION_CONTEXT ( 'configuration controlled 3d designs of mechanical parts and assemblies' ) ;
#619 = EDGE_CURVE ( 'NONE', #588, #2008, #2205, .T. ) ;
#620 = DIRECTION ( 'NONE',  ( -0.1710878697460358200, 0.1710878697460358200, -0.9702875252478136980 ) ) ;
#621 = VERTEX_POINT ( 'NONE', #1875 ) ;
#622 = EDGE_CURVE ( 'NONE', #82, #1133, #413, .T. ) ;
#623 = CARTESIAN_POINT ( 'NONE',  ( 1.060845237545859021, -4.001729889353184078, -2.250000000000000000 ) ) ;
#624 = VERTEX_POINT ( 'NONE', #651 ) ;
#625 = ORIENTED_EDGE ( 'NONE', *, *, #1426, .T. ) ;
#626 = VERTEX_POINT ( 'NONE', #466 ) ;
#627 = CARTESIAN_POINT ( 'NONE',  ( -0.8978857980407950468, -1.452114201959205264, -3.369999999999999662 ) ) ;
#628 = DATE_AND_TIME ( #1169, #1635 ) ;
#629 = DIRECTION ( 'NONE',  ( -1.000000000000000000, -0.0000000000000000000, -0.0000000000000000000 ) ) ;
#630 = PRODUCT_RELATED_PRODUCT_CATEGORY ( 'detail', '', ( #496 ) ) ;
#631 = CARTESIAN_POINT ( 'NONE',  ( 1.379756377368747344, -1.101756317390460760, -2.250000000000000000 ) ) ;
#632 = VERTEX_POINT ( 'NONE', #1513 ) ;
#633 = EDGE_CURVE ( 'NONE', #1770, #249, #1732, .T. ) ;
#634 = CARTESIAN_POINT ( 'NONE',  ( 1.218039571680447519, -1.020237805747294724, -2.477413564274290270 ) ) ;
#635 = ORIENTED_EDGE ( 'NONE', *, *, #259, .T. ) ;
#636 = CIRCLE ( 'NONE', #1300, 0.2999999999999999334 ) ;
#637 = CARTESIAN_POINT ( 'NONE',  ( 1.314000030127212559, -3.664000030127212426, -2.250000000000000000 ) ) ;
#638 = VECTOR ( 'NONE', #1436, 1000.000000000000000 ) ;
#639 = CARTESIAN_POINT ( 'NONE',  ( -1.141816554575191711, -0.9914097232022341943, -2.484846210352226858 ) ) ;
#640 = AXIS2_PLACEMENT_3D ( 'NONE', #1013, #340, #143 ) ;
#641 = CARTESIAN_POINT ( 'NONE',  ( 4.250000000000000000, 0.3499999999999853229, 1.499999999999998446 ) ) ;
#642 =( BOUNDED_CURVE ( )  B_SPLINE_CURVE ( 3, ( #1086, #2180, #1272, #603 ),
 .UNSPECIFIED., .F., .T. ) 
 B_SPLINE_CURVE_WITH_KNOTS ( ( 4, 4 ),
 ( 0.0000000000000000000, 0.7703190329009693693 ),
 .UNSPECIFIED. ) 
 CURVE ( )  GEOMETRIC_REPRESENTATION_ITEM ( )  RATIONAL_B_SPLINE_CURVE ( ( 1.000000000000000000, 0.9511590086810493005, 0.9511590086810493005, 1.000000000000000000 ) ) 
 REPRESENTATION_ITEM ( '' )  );
#643 = EDGE_LOOP ( 'NONE', ( #162, #1469, #107, #1283 ) ) ;
#644 = SECURITY_CLASSIFICATION ( '', '', #2204 ) ;
#645 = ORIENTED_EDGE ( 'NONE', *, *, #341, .F. ) ;
#646 = EDGE_CURVE ( 'NONE', #1071, #235, #532, .T. ) ;
#647 = DIRECTION ( 'NONE',  ( 0.0000000000000000000, -1.000000000000000000, 0.0000000000000000000 ) ) ;
#648 = ORIENTED_EDGE ( 'NONE', *, *, #1340, .T. ) ;
#649 = EDGE_CURVE ( 'NONE', #626, #474, #1401, .T. ) ;
#650 = DIRECTION ( 'NONE',  ( -2.548987940692372968E-16, -1.000000000000000000, 1.445602896647339706E-15 ) ) ;
#651 = CARTESIAN_POINT ( 'NONE',  ( -4.249999999999999112, 0.3499999999999864886, 1.499999999999998668 ) ) ;
#652 = ORIENTED_EDGE ( 'NONE', *, *, #330, .T. ) ;
#653 = FACE_OUTER_BOUND ( 'NONE', #824, .T. ) ;
#654 = CARTESIAN_POINT ( 'NONE',  ( 2.250000000000000000, 0.3500000000000000333, 2.000000000000000000 ) ) ;
#655 = EDGE_LOOP ( 'NONE', ( #270, #85, #1400, #1646 ) ) ;
#656 = CARTESIAN_POINT ( 'NONE',  ( 1.060845237545859243, -0.9937124365504788059, -2.497905546699920709 ) ) ;
#657 = ORIENTED_EDGE ( 'NONE', *, *, #1572, .T. ) ;
#658 = FACE_OUTER_BOUND ( 'NONE', #925, .T. ) ;
#659 = EDGE_CURVE ( 'NONE', #1941, #414, #876, .T. ) ;
#660 = CARTESIAN_POINT ( 'NONE',  ( 1.151787812184565052, -0.9388637644800067461, -2.250000000000000000 ) ) ;
#661 = DIRECTION ( 'NONE',  ( -1.000000000000000000, 0.0000000000000000000, 0.0000000000000000000 ) ) ;
#662 = ORIENTED_EDGE ( 'NONE', *, *, #1836, .T. ) ;
#663 = LINE ( 'NONE', #159, #209 ) ;
#664 = FACE_OUTER_BOUND ( 'NONE', #367, .T. ) ;
#665 = DIRECTION ( 'NONE',  ( 1.000000000000000000, -0.0000000000000000000, 0.0000000000000000000 ) ) ;
#666 = ORIENTED_EDGE ( 'NONE', *, *, #2247, .F. ) ;
#667 = CIRCLE ( 'NONE', #2248, 0.2999999999999999334 ) ;
#668 = CIRCLE ( 'NONE', #598, 2.299999999999999822 ) ;
#669 = CARTESIAN_POINT ( 'NONE',  ( -1.060845237545858577, -0.9937124365504792500, -2.497905546699920709 ) ) ;
#670 = ADVANCED_FACE ( 'NONE', ( #1223 ), #683, .T. ) ;
#671 = VECTOR ( 'NONE', #1107, 1000.000000000000000 ) ;
#672 = CARTESIAN_POINT ( 'NONE',  ( 1.314000030127213225, -1.035999969872788196, -2.249999999999999556 ) ) ;
#673 = CARTESIAN_POINT ( 'NONE',  ( -1.326688944116237723, -3.381246618212574440, -2.665767658410556518 ) ) ;
#674 = AXIS2_PLACEMENT_3D ( 'NONE', #860, #1564, #705 ) ;
#675 = EDGE_CURVE ( 'NONE', #2187, #1989, #899, .T. ) ;
#676 = CARTESIAN_POINT ( 'NONE',  ( -1.060845237545858577, -0.9937124365504788059, -2.497905546699920709 ) ) ;
#677 = CIRCLE ( 'NONE', #1120, 0.2999999999999999889 ) ;
#678 = VECTOR ( 'NONE', #292, 1000.000000000000000 ) ;
#679 = LINE ( 'NONE', #183, #313 ) ;
#680 = DIRECTION ( 'NONE',  ( -0.0000000000000000000, 1.000000000000000000, 0.0000000000000000000 ) ) ;
#681 = ORIENTED_EDGE ( 'NONE', *, *, #743, .T. ) ;
#682 = CARTESIAN_POINT ( 'NONE',  ( -2.249999999999985789, 2.350000000000000089, 0.2999999999999999334 ) ) ;
#683 = SPHERICAL_SURFACE ( 'NONE', #1772, 0.2999999999999999889 ) ;
#684 = DIRECTION ( 'NONE',  ( 1.000000000000000000, 0.0000000000000000000, 0.0000000000000000000 ) ) ;
#685 = CARTESIAN_POINT ( 'NONE',  ( -0.8978857980407950468, -3.247885798040795358, -3.369999999999999662 ) ) ;
#686 = EDGE_CURVE ( 'NONE', #950, #1334, #344, .T. ) ;
#687 = CARTESIAN_POINT ( 'NONE',  ( 4.549999999999999822, 0.3499999999999853229, 0.2999999999999999334 ) ) ;
#688 = CARTESIAN_POINT ( 'NONE',  ( 3.750000000000000888, -0.3500000000000000333, 2.000000000000000000 ) ) ;
#689 = VERTEX_POINT ( 'NONE', #1922 ) ;
#690 = CARTESIAN_POINT ( 'NONE',  ( -5.199999999999999289, 4.003859338365490572, -2.250000000000000000 ) ) ;
#691 = ORIENTED_EDGE ( 'NONE', *, *, #456, .F. ) ;
#692 = CYLINDRICAL_SURFACE ( 'NONE', #1996, 0.2999999999999999334 ) ;
#693 = LINE ( 'NONE', #1248, #134 ) ;
#694 = DIRECTION ( 'NONE',  ( -0.0000000000000000000, -0.0000000000000000000, -1.000000000000000000 ) ) ;
#695 = FACE_OUTER_BOUND ( 'NONE', #1975, .T. ) ;
#696 = EDGE_CURVE ( 'NONE', #1897, #2110, #2121, .T. ) ;
#697 = FACE_OUTER_BOUND ( 'NONE', #2120, .T. ) ;
#698 = EDGE_LOOP ( 'NONE', ( #567, #1839, #428, #302 ) ) ;
#699 = ORIENTED_EDGE ( 'NONE', *, *, #280, .F. ) ;
#700 = CARTESIAN_POINT ( 'NONE',  ( 1.060845237545859021, -4.001729889353184078, -2.250000000000000000 ) ) ;
#701 = CARTESIAN_POINT ( 'NONE',  ( 0.8978857980407952688, -3.247885798040795358, -3.369999999999999662 ) ) ;
#702 = FACE_OUTER_BOUND ( 'NONE', #1455, .T. ) ;
#703 = DIRECTION ( 'NONE',  ( -1.000000000000000000, -0.0000000000000000000, -0.0000000000000000000 ) ) ;
#704 = CIRCLE ( 'NONE', #1301, 0.2999999999999999334 ) ;
#705 = DIRECTION ( 'NONE',  ( -1.000000000000000000, 1.770863548392990050E-15, 0.0000000000000000000 ) ) ;
#706 = AXIS2_PLACEMENT_3D ( 'NONE', #1892, #2071, #319 ) ;
#707 = LINE ( 'NONE', #1581, #994 ) ;
#708 = VECTOR ( 'NONE', #1304, 1000.000000000000000 ) ;
#709 = LINE ( 'NONE', #37, #1344 ) ;
#710 = EDGE_CURVE ( 'NONE', #1242, #794, #1244, .T. ) ;
#711 = ORIENTED_EDGE ( 'NONE', *, *, #513, .F. ) ;
#712 = DIRECTION ( 'NONE',  ( -1.000000000000000000, 0.0000000000000000000, 0.0000000000000000000 ) ) ;
#713 = CIRCLE ( 'NONE', #1374, 1.999999999999999556 ) ;
#714 = ORIENTED_EDGE ( 'NONE', *, *, #606, .F. ) ;
#715 = CARTESIAN_POINT ( 'NONE',  ( 0.0000000000000000000, -4.001729889353184078, -2.250000000000000000 ) ) ;
#716 = DIRECTION ( 'NONE',  ( 1.000000000000000000, -0.0000000000000000000, -0.0000000000000000000 ) ) ;
#717 = DIRECTION ( 'NONE',  ( -0.0000000000000000000, -1.000000000000000000, -0.0000000000000000000 ) ) ;
#718 = DIRECTION ( 'NONE',  ( 1.000000000000000000, -3.669759128687064831E-16, 0.0000000000000000000 ) ) ;
#719 = PLANE ( 'NONE',  #1583 ) ;
#720 = CARTESIAN_POINT ( 'NONE',  ( -5.199999999999999289, 5.440000000000000391, -1.250000000000000000 ) ) ;
#721 = ORIENTED_EDGE ( 'NONE', *, *, #1359, .T. ) ;
#722 = EDGE_LOOP ( 'NONE', ( #1542, #1715, #1209, #711 ) ) ;
#723 = DIRECTION ( 'NONE',  ( -0.7071067811865475727, 0.7071067811865475727, -0.0000000000000000000 ) ) ;
#724 = DIRECTION ( 'NONE',  ( 0.0000000000000000000, 0.0000000000000000000, -1.000000000000000000 ) ) ;
#725 = ADVANCED_FACE ( 'NONE', ( #395 ), #1235, .F. ) ;
#726 = CYLINDRICAL_SURFACE ( 'NONE', #1528, 0.2999999999999999334 ) ;
#727 = CARTESIAN_POINT ( 'NONE',  ( 2.250000000000000000, -0.3500000000000000333, 0.0000000000000000000 ) ) ;
#728 = CARTESIAN_POINT ( 'NONE',  ( -1.060845237545859021, -4.001729889353184078, -2.250000000000000000 ) ) ;
#729 = ORIENTED_EDGE ( 'NONE', *, *, #2167, .T. ) ;
#730 = CARTESIAN_POINT ( 'NONE',  ( 2.249999999999985345, 2.350000000000000089, 2.000000000000000000 ) ) ;
#731 = DIRECTION ( 'NONE',  ( 0.0000000000000000000, 0.0000000000000000000, 1.000000000000000000 ) ) ;
#732 = ORIENTED_EDGE ( 'NONE', *, *, #1935, .T. ) ;
#733 = ORIENTED_EDGE ( 'NONE', *, *, #2000, .T. ) ;
#734 = DIRECTION ( 'NONE',  ( 0.1710878697460358200, -0.1710878697460358200, -0.9702875252478136980 ) ) ;
#735 = FACE_OUTER_BOUND ( 'NONE', #2017, .T. ) ;
#736 =( BOUNDED_CURVE ( )  B_SPLINE_CURVE ( 3, ( #1703, #634, #2234, #656 ),
 .UNSPECIFIED., .F., .T. ) 
 B_SPLINE_CURVE_WITH_KNOTS ( ( 4, 4 ),
 ( 0.0000000000000000000, 0.7703190329009694803 ),
 .UNSPECIFIED. ) 
 CURVE ( )  GEOMETRIC_REPRESENTATION_ITEM ( )  RATIONAL_B_SPLINE_CURVE ( ( 1.000000000000000000, 0.9511590086810493005, 0.9511590086810493005, 1.000000000000000000 ) ) 
 REPRESENTATION_ITEM ( '' )  );
#737 = CARTESIAN_POINT ( 'NONE',  ( 2.250000000000000000, 0.3500000000000000333, 1.499999999999998446 ) ) ;
#738 = EDGE_CURVE ( 'NONE', #573, #896, #197, .T. ) ;
#739 = DIRECTION ( 'NONE',  ( 0.0000000000000000000, 0.0000000000000000000, 1.000000000000000000 ) ) ;
#740 = CARTESIAN_POINT ( 'NONE',  ( -1.248243682609575522, -3.729756377368660392, -2.250000000000000000 ) ) ;
#741 = CIRCLE ( 'NONE', #1847, 1.500000000000000444 ) ;
#742 = ORIENTED_EDGE ( 'NONE', *, *, #1965, .F. ) ;
#743 = EDGE_CURVE ( 'NONE', #2110, #1044, #965, .T. ) ;
#744 = VECTOR ( 'NONE', #549, 1000.000000000000000 ) ;
#745 = DIRECTION ( 'NONE',  ( -1.000000000000000000, -0.0000000000000000000, -0.0000000000000000000 ) ) ;
#746 = ORIENTED_EDGE ( 'NONE', *, *, #1698, .F. ) ;
#747 = VECTOR ( 'NONE', #1132, 1000.000000000000227 ) ;
#748 = VECTOR ( 'NONE', #1758, 1000.000000000000000 ) ;
#749 = EDGE_LOOP ( 'NONE', ( #1575, #571, #662, #1483, #2158, #1814, #2041, #593 ) ) ;
#750 = CARTESIAN_POINT ( 'NONE',  ( 2.250000000000000000, -0.3500000000000000333, 1.499999999999998668 ) ) ;
#751 = DIRECTION ( 'NONE',  ( 1.000000000000000000, 0.0000000000000000000, 0.0000000000000000000 ) ) ;
#752 = VECTOR ( 'NONE', #1274, 1000.000000000000000 ) ;
#753 = CC_DESIGN_SECURITY_CLASSIFICATION ( #644, ( #505 ) ) ;
#754 = CYLINDRICAL_SURFACE ( 'NONE', #1886, 0.3000000000000000999 ) ;
#755 = DIRECTION ( 'NONE',  ( 1.000000000000000000, 0.0000000000000000000, 0.0000000000000000000 ) ) ;
#756 = CC_DESIGN_DATE_AND_TIME_ASSIGNMENT ( #1258, #1958, ( #1514 ) ) ;
#757 = ORIENTED_EDGE ( 'NONE', *, *, #1698, .T. ) ;
#758 = CARTESIAN_POINT ( 'NONE',  ( 5.500000000000000888, 5.440000000000000391, -1.250000000000000000 ) ) ;
#759 = EDGE_CURVE ( 'NONE', #949, #1546, #1556, .T. ) ;
#760 = CARTESIAN_POINT ( 'NONE',  ( 4.250000000000000000, 0.3499999999999853229, 1.499999999999998668 ) ) ;
#761 = ORIENTED_EDGE ( 'NONE', *, *, #565, .F. ) ;
#762 = EDGE_LOOP ( 'NONE', ( #1505, #1083, #915, #2223, #1748 ) ) ;
#763 = CARTESIAN_POINT ( 'NONE',  ( 2.250000000000000000, 1.850000000000000533, 2.000000000000000000 ) ) ;
#764 = DIRECTION ( 'NONE',  ( 1.000000000000000000, 0.0000000000000000000, 0.0000000000000000000 ) ) ;
#765 = DIRECTION ( 'NONE',  ( 0.0000000000000000000, 1.000000000000000000, 0.0000000000000000000 ) ) ;
#766 = ORIENTED_EDGE ( 'NONE', *, *, #1207, .F. ) ;
#767 = DIRECTION ( 'NONE',  ( 0.0000000000000000000, 0.0000000000000000000, -1.000000000000000000 ) ) ;
#768 = EDGE_LOOP ( 'NONE', ( #400, #1507, #917, #386 ) ) ;
#769 = ORIENTED_EDGE ( 'NONE', *, *, #375, .T. ) ;
#770 = EDGE_CURVE ( 'NONE', #1133, #1989, #873, .T. ) ;
#771 = ORIENTED_EDGE ( 'NONE', *, *, #1767, .T. ) ;
#772 = CARTESIAN_POINT ( 'NONE',  ( 2.249999999999985345, 2.350000000000000089, 1.499999999999998668 ) ) ;
#773 = LINE ( 'NONE', #604, #68 ) ;
#774 = PERSON ( 'UNSPECIFIED', 'UNSPECIFIED', 'UNSPECIFIED', ('UNSPECIFIED'), ('UNSPECIFIED'), ('UNSPECIFIED') ) ;
#775 = DIRECTION ( 'NONE',  ( 1.000000000000000000, 0.0000000000000000000, 0.0000000000000000000 ) ) ;
#776 = VERTEX_POINT ( 'NONE', #187 ) ;
#777 = AXIS2_PLACEMENT_3D ( 'NONE', #1834, #1492, #739 ) ;
#778 = DIRECTION ( 'NONE',  ( -1.000000000000000000, 0.0000000000000000000, 0.0000000000000000000 ) ) ;
#779 = ORIENTED_EDGE ( 'NONE', *, *, #2014, .F. ) ;
#780 = DIRECTION ( 'NONE',  ( -0.9848077530122079093, 0.0000000000000000000, -0.1736481776669309141 ) ) ;
#781 = VECTOR ( 'NONE', #66, 1000.000000000000000 ) ;
#782 = ADVANCED_FACE ( 'NONE', ( #1605 ), #1726, .F. ) ;
#783 = AXIS2_PLACEMENT_3D ( 'NONE', #910, #2010, #2160 ) ;
#784 = ORIENTED_EDGE ( 'NONE', *, *, #1052, .F. ) ;
#785 = CARTESIAN_POINT ( 'NONE',  ( 1.356287563449521727, -0.9500000000000002887, -2.497905546699920709 ) ) ;
#786 = VECTOR ( 'NONE', #1043, 1000.000000000000000 ) ;
#787 = EDGE_CURVE ( 'NONE', #950, #976, #1155, .T. ) ;
#788 = APPROVAL_ROLE ( '' ) ;
#789 = LOCAL_TIME ( 1, 1, 49.00000000000000000, #54 ) ;
#790 = CARTESIAN_POINT ( 'NONE',  ( -4.249999999999999112, -0.3499999999999857669, 1.499999999999998668 ) ) ;
#791 = EDGE_LOOP ( 'NONE', ( #1104, #2047, #1689, #999 ) ) ;
#792 = CARTESIAN_POINT ( 'NONE',  ( -5.199999999999999289, -6.390000000000000568, -0.2999999999999999889 ) ) ;
#793 = ORIENTED_EDGE ( 'NONE', *, *, #911, .T. ) ;
#794 = VERTEX_POINT ( 'NONE', #517 ) ;
#795 = DIRECTION ( 'NONE',  ( 0.0000000000000000000, 1.000000000000000000, 0.0000000000000000000 ) ) ;
#796 = VERTEX_POINT ( 'NONE', #690 ) ;
#797 = DIRECTION ( 'NONE',  ( 0.0000000000000000000, -0.9848077530122080203, -0.1736481776669307198 ) ) ;
#798 = DATE_AND_TIME ( #1332, #217 ) ;
#799 = CARTESIAN_POINT ( 'NONE',  ( 1.358634576869077515, -3.493374297183334143, -2.484594972163193916 ) ) ;
#800 = ADVANCED_FACE ( 'NONE', ( #164 ), #2096, .T. ) ;
#801 = CARTESIAN_POINT ( 'NONE',  ( -2.250000000000000444, 0.3500000000000004774, 0.2999999999999999334 ) ) ;
#802 = ORIENTED_EDGE ( 'NONE', *, *, #1179, .T. ) ;
#803 = ORIENTED_EDGE ( 'NONE', *, *, #316, .T. ) ;
#804 = CARTESIAN_POINT ( 'NONE',  ( -3.750000000000000444, 0.3500000000000000333, 2.000000000000000000 ) ) ;
#805 = EDGE_LOOP ( 'NONE', ( #827, #1884, #1068, #1681 ) ) ;
#806 = DIRECTION ( 'NONE',  ( 1.000000000000000000, -0.0000000000000000000, -0.0000000000000000000 ) ) ;
#807 = CARTESIAN_POINT ( 'NONE',  ( 1.479729949607609507, -3.829729949607609374, -2.250000000000000000 ) ) ;
#808 = EDGE_CURVE ( 'NONE', #1141, #369, #464, .T. ) ;
#809 = DIRECTION ( 'NONE',  ( 1.000000000000000000, 0.0000000000000000000, 0.0000000000000000000 ) ) ;
#810 = ORIENTED_EDGE ( 'NONE', *, *, #1684, .F. ) ;
#811 = EDGE_CURVE ( 'NONE', #1667, #1363, #1953, .T. ) ;
#812 = VECTOR ( 'NONE', #141, 1000.000000000000000 ) ;
#813 = ORIENTED_EDGE ( 'NONE', *, *, #947, .T. ) ;
#814 = VECTOR ( 'NONE', #36, 1000.000000000000000 ) ;
#815 = DIRECTION ( 'NONE',  ( 0.0000000000000000000, -1.000000000000000000, 0.0000000000000000000 ) ) ;
#816 = EDGE_LOOP ( 'NONE', ( #404, #1710, #1317, #985 ) ) ;
#817 = AXIS2_PLACEMENT_3D ( 'NONE', #2115, #1579, #1408 ) ;
#818 = FACE_OUTER_BOUND ( 'NONE', #805, .T. ) ;
#819 = VECTOR ( 'NONE', #1761, 1000.000000000000000 ) ;
#820 = CARTESIAN_POINT ( 'NONE',  ( 5.500000000000000888, 5.440000000000000391, -1.250000000000000000 ) ) ;
#821 = AXIS2_PLACEMENT_3D ( 'NONE', #483, #2237, #1690 ) ;
#822 = VECTOR ( 'NONE', #1509, 1000.000000000000000 ) ;
#823 = DIRECTION ( 'NONE',  ( 0.0000000000000000000, 0.0000000000000000000, 1.000000000000000000 ) ) ;
#824 = EDGE_LOOP ( 'NONE', ( #903, #761, #332, #2231, #1775 ) ) ;
#825 = VECTOR ( 'NONE', #717, 1000.000000000000000 ) ;
#826 = CARTESIAN_POINT ( 'NONE',  ( -1.479729949607608619, -0.8702700503923912478, -2.250000000000000000 ) ) ;
#827 = ORIENTED_EDGE ( 'NONE', *, *, #1207, .T. ) ;
#828 = EDGE_CURVE ( 'NONE', #142, #196, #1321, .T. ) ;
#829 = CARTESIAN_POINT ( 'NONE',  ( 2.249999999999988898, 1.850000000000000533, 2.000000000000000000 ) ) ;
#830 = VERTEX_POINT ( 'NONE', #918 ) ;
#831 = CARTESIAN_POINT ( 'NONE',  ( 1.399999999999999911, -3.750000000000000000, -2.250000000000000000 ) ) ;
#832 = CARTESIAN_POINT ( 'NONE',  ( -1.248243682609539995, -0.9702436226312881606, -2.250000000000134559 ) ) ;
#833 = FACE_OUTER_BOUND ( 'NONE', #614, .T. ) ;
#834 = ORIENTED_EDGE ( 'NONE', *, *, #316, .F. ) ;
#835 = CARTESIAN_POINT ( 'NONE',  ( 5.500000000000000888, 6.690000000000000391, -2.250000000000000000 ) ) ;
#836 = DIRECTION ( 'NONE',  ( 0.0000000000000000000, -1.000000000000000000, 0.0000000000000000000 ) ) ;
#837 = CARTESIAN_POINT ( 'NONE',  ( 5.200000000000001066, -6.390000000000000568, -0.2999999999999999889 ) ) ;
#838 = EDGE_CURVE ( 'NONE', #1951, #1750, #1309, .T. ) ;
#839 = ORIENTED_EDGE ( 'NONE', *, *, #87, .T. ) ;
#840 = CARTESIAN_POINT ( 'NONE',  ( -1.651729889179066380, -1.131878697559661751, -2.250000000000000000 ) ) ;
#841 = EDGE_CURVE ( 'NONE', #2198, #1071, #206, .T. ) ;
#842 = CARTESIAN_POINT ( 'NONE',  ( -1.218121302440355658, -0.6982701108210018770, -2.250000000000000000 ) ) ;
#843 = CARTESIAN_POINT ( 'NONE',  ( 1.589293543607262826, -0.9798336446534077204, -2.250000000000000000 ) ) ;
#844 = CARTESIAN_POINT ( 'NONE',  ( 1.193328123944457753, -3.247885798040795358, -3.422094453300078776 ) ) ;
#845 = ORIENTED_EDGE ( 'NONE', *, *, #1644, .T. ) ;
#846 = CARTESIAN_POINT ( 'NONE',  ( -5.199999999999999289, 4.003859338365490572, -1.949999999999999956 ) ) ;
#847 = CYLINDRICAL_SURFACE ( 'NONE', #884, 0.2999999999999999334 ) ;
#848 = DIRECTION ( 'NONE',  ( -1.000000000000000000, -0.0000000000000000000, -0.0000000000000000000 ) ) ;
#849 = ORIENTED_EDGE ( 'NONE', *, *, #770, .F. ) ;
#850 = AXIS2_PLACEMENT_3D ( 'NONE', #568, #544, #1054 ) ;
#851 = EDGE_CURVE ( 'NONE', #794, #24, #1821, .T. ) ;
#852 = CIRCLE ( 'NONE', #1221, 0.2999999999999999334 ) ;
#853 = CARTESIAN_POINT ( 'NONE',  ( -5.199999999999999289, 0.0000000000000000000, -1.949999999999999956 ) ) ;
#854 = FACE_OUTER_BOUND ( 'NONE', #1624, .T. ) ;
#855 = CIRCLE ( 'NONE', #1441, 2.000000000000000000 ) ;
#856 = EDGE_CURVE ( 'NONE', #414, #624, #273, .T. ) ;
#857 = DIRECTION ( 'NONE',  ( -1.000000000000000000, 0.0000000000000000000, 0.0000000000000000000 ) ) ;
#858 = CARTESIAN_POINT ( 'NONE',  ( 1.651729889353183767, -3.410845237545858666, -2.250000000000000000 ) ) ;
#859 = AXIS2_PLACEMENT_3D ( 'NONE', #190, #2125, #1580 ) ;
#860 = CARTESIAN_POINT ( 'NONE',  ( 2.250000000000000000, 0.3500000000000000333, 2.000000000000000000 ) ) ;
#861 = AXIS2_PLACEMENT_3D ( 'NONE', #1482, #939, #76 ) ;
#862 = VECTOR ( 'NONE', #1061, 1000.000000000000000 ) ;
#863 = CARTESIAN_POINT ( 'NONE',  ( 0.8978857980407951578, -3.247885798040795358, -3.369999999999999662 ) ) ;
#864 = DIRECTION ( 'NONE',  ( 0.0000000000000000000, 0.0000000000000000000, -1.000000000000000000 ) ) ;
#865 = ORIENTED_EDGE ( 'NONE', *, *, #696, .F. ) ;
#866 = CARTESIAN_POINT ( 'NONE',  ( 5.200000000000001066, -6.390000000000000568, -1.949999999999999956 ) ) ;
#867 = DIRECTION ( 'NONE',  ( 0.0000000000000000000, 0.0000000000000000000, 1.000000000000000000 ) ) ;
#868 = EDGE_CURVE ( 'NONE', #896, #77, #1812, .T. ) ;
#869 = CARTESIAN_POINT ( 'NONE',  ( -2.249999999999984013, -2.350000000000000089, 2.000000000000000000 ) ) ;
#870 = LINE ( 'NONE', #2116, #1957 ) ;
#871 = FACE_BOUND ( 'NONE', #749, .T. ) ;
#872 = FACE_OUTER_BOUND ( 'NONE', #111, .T. ) ;
#873 =( BOUNDED_CURVE ( )  B_SPLINE_CURVE ( 3, ( #2130, #214, #4, #700 ),
 .UNSPECIFIED., .F., .T. ) 
 B_SPLINE_CURVE_WITH_KNOTS ( ( 4, 4 ),
 ( 0.0000000000000000000, 0.7703190329009693693 ),
 .UNSPECIFIED. ) 
 CURVE ( )  GEOMETRIC_REPRESENTATION_ITEM ( )  RATIONAL_B_SPLINE_CURVE ( ( 1.000000000000000000, 0.9511590086810493005, 0.9511590086810493005, 1.000000000000000000 ) ) 
 REPRESENTATION_ITEM ( '' )  );
#874 = ORIENTED_EDGE ( 'NONE', *, *, #1340, .F. ) ;
#875 = CARTESIAN_POINT ( 'NONE',  ( -5.199999999999999289, -6.390000000000000568, -0.2999999999999999889 ) ) ;
#876 = LINE ( 'NONE', #1059, #422 ) ;
#877 = CARTESIAN_POINT ( 'NONE',  ( 5.500000000000000888, -6.390000000000000568, -0.2999999999999999334 ) ) ;
#878 = DIRECTION ( 'NONE',  ( 0.0000000000000000000, 0.0000000000000000000, 1.000000000000000000 ) ) ;
#879 = ADVANCED_FACE ( 'NONE', ( #942 ), #1919, .T. ) ;
#880 = FACE_OUTER_BOUND ( 'NONE', #1931, .T. ) ;
#881 = EDGE_CURVE ( 'NONE', #1590, #1242, #441, .T. ) ;
#882 = DIRECTION ( 'NONE',  ( -0.0000000000000000000, -0.0000000000000000000, -1.000000000000000000 ) ) ;
#883 = ORIENTED_EDGE ( 'NONE', *, *, #646, .F. ) ;
#884 = AXIS2_PLACEMENT_3D ( 'NONE', #2243, #1387, #2084 ) ;
#885 = CARTESIAN_POINT ( 'NONE',  ( 2.250000000000000000, -1.850000000000000533, 2.000000000000000000 ) ) ;
#886 = CARTESIAN_POINT ( 'NONE',  ( -2.249999999999999112, -0.3500000000000000333, 0.2999999999999999334 ) ) ;
#887 = CIRCLE ( 'NONE', #101, 3.299999999999999822 ) ;
#888 = DIRECTION ( 'NONE',  ( 7.228014483236697541E-16, 0.0000000000000000000, -1.000000000000000000 ) ) ;
#889 = DIRECTION ( 'NONE',  ( 0.0000000000000000000, 0.0000000000000000000, -1.000000000000000000 ) ) ;
#890 = AXIS2_PLACEMENT_3D ( 'NONE', #1070, #559, #15 ) ;
#891 = CARTESIAN_POINT ( 'NONE',  ( -1.479729949607609063, -3.829729949607609374, -2.250000000000000000 ) ) ;
#892 = CIRCLE ( 'NONE', #1443, 0.2999999999999999334 ) ;
#893 = CARTESIAN_POINT ( 'NONE',  ( 2.250000000000000000, -0.3500000000000000333, 2.000000000000000000 ) ) ;
#894 = AXIS2_PLACEMENT_3D ( 'NONE', #1093, #1316, #928 ) ;
#895 = DIRECTION ( 'NONE',  ( 0.0000000000000000000, 0.0000000000000000000, 1.000000000000000000 ) ) ;
#896 = VERTEX_POINT ( 'NONE', #2193 ) ;
#897 = EDGE_CURVE ( 'NONE', #584, #1315, #2182, .T. ) ;
#898 = EDGE_LOOP ( 'NONE', ( #929, #986, #516, #908 ) ) ;
#899 = LINE ( 'NONE', #715, #1696 ) ;
#900 = DIRECTION ( 'NONE',  ( 1.000000000000000000, 0.0000000000000000000, 0.0000000000000000000 ) ) ;
#901 = PLANE ( 'NONE',  #385 ) ;
#902 = DIRECTION ( 'NONE',  ( -1.000000000000000000, 0.0000000000000000000, 0.0000000000000000000 ) ) ;
#903 = ORIENTED_EDGE ( 'NONE', *, *, #1429, .T. ) ;
#904 = DIRECTION ( 'NONE',  ( -0.0000000000000000000, -0.0000000000000000000, -1.000000000000000000 ) ) ;
#905 = CARTESIAN_POINT ( 'NONE',  ( 0.0000000000000000000, 5.440000000000000391, 0.0000000000000000000 ) ) ;
#906 = ORIENTED_EDGE ( 'NONE', *, *, #2042, .F. ) ;
#907 = EDGE_CURVE ( 'NONE', #2157, #1546, #89, .T. ) ;
#908 = ORIENTED_EDGE ( 'NONE', *, *, #828, .F. ) ;
#909 = CARTESIAN_POINT ( 'NONE',  ( -5.499999999999999112, -6.390000000000000568, -2.250000000000000000 ) ) ;
#910 = CARTESIAN_POINT ( 'NONE',  ( -0.8978857980407949357, 6.953498091997937054E-17, -3.369999999999999662 ) ) ;
#911 = EDGE_CURVE ( 'NONE', #632, #689, #2229, .T. ) ;
#912 = APPROVAL_STATUS ( 'not_yet_approved' ) ;
#913 = FACE_OUTER_BOUND ( 'NONE', #1687, .T. ) ;
#914 = CARTESIAN_POINT ( 'NONE',  ( -1.219107605628297675, -3.678694160289535553, -2.477413564317730188 ) ) ;
#915 = ORIENTED_EDGE ( 'NONE', *, *, #1968, .F. ) ;
#916 = DIRECTION ( 'NONE',  ( -0.0000000000000000000, 1.000000000000000000, -0.0000000000000000000 ) ) ;
#917 = ORIENTED_EDGE ( 'NONE', *, *, #787, .F. ) ;
#918 = CARTESIAN_POINT ( 'NONE',  ( -1.193328123944457531, -3.247885798040794914, -3.422094453300078776 ) ) ;
#919 = FACE_OUTER_BOUND ( 'NONE', #1459, .T. ) ;
#920 = EDGE_CURVE ( 'NONE', #1850, #1590, #2144, .T. ) ;
#921 = FACE_BOUND ( 'NONE', #1870, .T. ) ;
#922 = EDGE_CURVE ( 'NONE', #1720, #1930, #250, .T. ) ;
#923 = VECTOR ( 'NONE', #1065, 1000.000000000000000 ) ;
#924 = CIRCLE ( 'NONE', #960, 0.2999999999999999334 ) ;
#925 = EDGE_LOOP ( 'NONE', ( #657, #2107, #1194, #1131 ) ) ;
#926 = FACE_OUTER_BOUND ( 'NONE', #558, .T. ) ;
#927 = CIRCLE ( 'NONE', #1188, 0.3000000000000000999 ) ;
#928 = DIRECTION ( 'NONE',  ( 0.0000000000000000000, -0.0000000000000000000, 1.000000000000000000 ) ) ;
#929 = ORIENTED_EDGE ( 'NONE', *, *, #1878, .T. ) ;
#930 = AXIS2_PLACEMENT_3D ( 'NONE', #1615, #1648, #274 ) ;
#931 = CONICAL_SURFACE ( 'NONE', #434, 1.500000000000000444, 0.7853981633974465026 ) ;
#932 = ORIENTED_EDGE ( 'NONE', *, *, #2183, .T. ) ;
#933 = DIRECTION ( 'NONE',  ( 0.0000000000000000000, 1.000000000000000000, 0.0000000000000000000 ) ) ;
#934 = AXIS2_PLACEMENT_3D ( 'NONE', #1050, #336, #43 ) ;
#935 = PERSON_AND_ORGANIZATION_ROLE ( 'creator' ) ;
#936 = FACE_OUTER_BOUND ( 'NONE', #489, .T. ) ;
#937 = EDGE_CURVE ( 'NONE', #77, #1750, #927, .T. ) ;
#938 = ORIENTED_EDGE ( 'NONE', *, *, #1827, .T. ) ;
#939 = DIRECTION ( 'NONE',  ( 1.000000000000000000, 0.0000000000000000000, 0.0000000000000000000 ) ) ;
#940 = ORIENTED_EDGE ( 'NONE', *, *, #1457, .F. ) ;
#941 = EDGE_LOOP ( 'NONE', ( #1613, #2226, #327, #1700 ) ) ;
#942 = FACE_OUTER_BOUND ( 'NONE', #1091, .T. ) ;
#943 = CARTESIAN_POINT ( 'NONE',  ( -1.589293543607217085, -3.720166355346520071, -2.250000000000000000 ) ) ;
#944 = DIRECTION ( 'NONE',  ( -1.000000000000000000, 0.0000000000000000000, 0.0000000000000000000 ) ) ;
#945 =( BOUNDED_SURFACE ( )  B_SPLINE_SURFACE ( 3, 2, ( 
 ( #8, #1409, #2100 ),
 ( #1936, #1249, #533 ),
 ( #914, #740, #1947 ),
 ( #1063, #374, #1781 ) ),
 .UNSPECIFIED., .F., .F., .F. ) 
 B_SPLINE_SURFACE_WITH_KNOTS ( ( 4, 4 ),
 ( 3, 3 ),
 ( 5.512866274278617418, 6.283185307179586232 ),
 ( 0.0000000000000000000, 1.000000000000000000 ),
 .UNSPECIFIED. ) 
 GEOMETRIC_REPRESENTATION_ITEM ( )  RATIONAL_B_SPLINE_SURFACE ( (
 ( 1.000000000000000000, 0.7660444431189782355, 1.000000000000000000),
 ( 1.000000000000000000, 0.7802206570544077957, 1.000000000000000000),
 ( 1.000000000000000000, 0.7880782858874834096, 1.000000000000000000),
 ( 1.000000000000000000, 0.7880211880883551956, 1.000000000000000000) ) ) 
 REPRESENTATION_ITEM ( '' )  SURFACE ( )  );
#946 = EDGE_LOOP ( 'NONE', ( #802, #307, #1695, #977 ) ) ;
#947 = EDGE_CURVE ( 'NONE', #1187, #74, #1037, .T. ) ;
#948 = FACE_OUTER_BOUND ( 'NONE', #469, .T. ) ;
#949 = VERTEX_POINT ( 'NONE', #263 ) ;
#950 = VERTEX_POINT ( 'NONE', #1647 ) ;
#951 = CYLINDRICAL_SURFACE ( 'NONE', #288, 0.3000000000000000999 ) ;
#952 = EDGE_CURVE ( 'NONE', #474, #1302, #642, .T. ) ;
#953 = ORIENTED_EDGE ( 'NONE', *, *, #1267, .F. ) ;
#954 = DIRECTION ( 'NONE',  ( 4.906538933386793298E-15, -0.7071067811865463515, 0.7071067811865487940 ) ) ;
#955 = CARTESIAN_POINT ( 'NONE',  ( -1.479729949607609063, -3.829729949607609374, -2.250000000000000000 ) ) ;
#956 = PERSON_AND_ORGANIZATION ( #774, #1448 ) ;
#957 = DIRECTION ( 'NONE',  ( 0.0000000000000000000, -0.0000000000000000000, 1.000000000000000000 ) ) ;
#958 = ORIENTED_EDGE ( 'NONE', *, *, #1388, .T. ) ;
#959 = AXIS2_PLACEMENT_3D ( 'NONE', #1881, #21, #222 ) ;
#960 = AXIS2_PLACEMENT_3D ( 'NONE', #562, #1259, #889 ) ;
#961 = FACE_OUTER_BOUND ( 'NONE', #1330, .T. ) ;
#962 = ORIENTED_EDGE ( 'NONE', *, *, #580, .F. ) ;
#963 = ORIENTED_EDGE ( 'NONE', *, *, #1836, .F. ) ;
#964 = CARTESIAN_POINT ( 'NONE',  ( -1.273900882966576331, -3.623900882966576198, -2.477413564274289826 ) ) ;
#965 = CIRCLE ( 'NONE', #890, 1.250000000000000000 ) ;
#966 = VECTOR ( 'NONE', #1619, 1000.000000000000000 ) ;
#967 = VERTEX_POINT ( 'NONE', #1797 ) ;
#968 = PLANE ( 'NONE',  #252 ) ;
#969 = AXIS2_PLACEMENT_3D ( 'NONE', #481, #1896, #1175 ) ;
#970 = PERSON_AND_ORGANIZATION_ROLE ( 'design_supplier' ) ;
#971 = AXIS2_PLACEMENT_3D ( 'NONE', #146, #984, #479 ) ;
#972 = CARTESIAN_POINT ( 'NONE',  ( -1.651729889353183989, -3.410845237545858222, -2.549999999999999822 ) ) ;
#973 = SPHERICAL_SURFACE ( 'NONE', #1669, 0.2999999999999999889 ) ;
#974 = VERTEX_POINT ( 'NONE', #1473 ) ;
#975 = CARTESIAN_POINT ( 'NONE',  ( -5.499999999999999112, -6.690000000000000391, -1.949999999999999956 ) ) ;
#976 = VERTEX_POINT ( 'NONE', #1658 ) ;
#977 = ORIENTED_EDGE ( 'NONE', *, *, #907, .T. ) ;
#978 = VERTEX_POINT ( 'NONE', #102 ) ;
#979 = FACE_OUTER_BOUND ( 'NONE', #643, .T. ) ;
#980 = EDGE_CURVE ( 'NONE', #976, #324, #228, .T. ) ;
#981 = PERSON_AND_ORGANIZATION ( #774, #1448 ) ;
#982 = DIRECTION ( 'NONE',  ( 0.1710878697460357922, 0.1710878697460358200, -0.9702875252478136980 ) ) ;
#983 = ADVANCED_FACE ( 'NONE', ( #1425 ), #1224, .T. ) ;
#984 = DIRECTION ( 'NONE',  ( 0.7071067811865475727, -0.7071067811865475727, -0.0000000000000000000 ) ) ;
#985 = ORIENTED_EDGE ( 'NONE', *, *, #1767, .F. ) ;
#986 = ORIENTED_EDGE ( 'NONE', *, *, #191, .F. ) ;
#987 = LINE ( 'NONE', #1031, #1266 ) ;
#988 = ORIENTED_EDGE ( 'NONE', *, *, #1713, .T. ) ;
#989 = LINE ( 'NONE', #1885, #1341 ) ;
#990 = CARTESIAN_POINT ( 'NONE',  ( -2.249999999999999112, -0.3500000000000000333, 0.0000000000000000000 ) ) ;
#991 = CARTESIAN_POINT ( 'NONE',  ( 1.060845237545859021, -0.9500000000000002887, -2.250000000000000000 ) ) ;
#992 = VERTEX_POINT ( 'NONE', #877 ) ;
#993 = EDGE_CURVE ( 'NONE', #394, #2178, #1075, .T. ) ;
#994 = VECTOR ( 'NONE', #1793, 1000.000000000000000 ) ;
#995 = DIRECTION ( 'NONE',  ( 0.0000000000000000000, 0.0000000000000000000, -1.000000000000000000 ) ) ;
#996 = ORIENTED_EDGE ( 'NONE', *, *, #1094, .T. ) ;
#997 = AXIS2_PLACEMENT_3D ( 'NONE', #869, #1570, #957 ) ;
#998 = CARTESIAN_POINT ( 'NONE',  ( 1.060845237545859243, -0.6982701106468164332, -2.250000000000000000 ) ) ;
#999 = ORIENTED_EDGE ( 'NONE', *, *, #2155, .F. ) ;
#1000 = CIRCLE ( 'NONE', #1697, 0.2999999999999999334 ) ;
#1001 = FACE_OUTER_BOUND ( 'NONE', #2077, .T. ) ;
#1002 = AXIS2_PLACEMENT_3D ( 'NONE', #560, #1256, #1956 ) ;
#1003 = CARTESIAN_POINT ( 'NONE',  ( -0.8978857980407950468, -1.452114201959205264, -3.669999999999999485 ) ) ;
#1004 = AXIS2_PLACEMENT_3D ( 'NONE', #524, #1917, #731 ) ;
#1005 = VECTOR ( 'NONE', #472, 1000.000000000000227 ) ;
#1006 = CARTESIAN_POINT ( 'NONE',  ( -1.591452572179866687, -0.9819926729646494268, -2.250000000000000000 ) ) ;
#1007 = ORIENTED_EDGE ( 'NONE', *, *, #295, .F. ) ;
#1008 = DIRECTION ( 'NONE',  ( 7.744301232039319147E-17, 1.000000000000000000, 1.516641497409546797E-33 ) ) ;
#1009 = CIRCLE ( 'NONE', #2258, 0.2999999999999999334 ) ;
#1010 = ADVANCED_FACE ( 'NONE', ( #854 ), #2142, .F. ) ;
#1011 = LINE ( 'NONE', #1902, #60 ) ;
#1012 = ADVANCED_FACE ( 'NONE', ( #1592 ), #1236, .T. ) ;
#1013 = CARTESIAN_POINT ( 'NONE',  ( -2.250000000000000444, 0.3500000000000004774, 2.000000000000000000 ) ) ;
#1014 = ORIENTED_EDGE ( 'NONE', *, *, #881, .T. ) ;
#1015 = CARTESIAN_POINT ( 'NONE',  ( 5.200000000000001066, -6.690000000000000391, -0.2999999999999999334 ) ) ;
#1016 = DIRECTION ( 'NONE',  ( -1.000000000000000000, 0.0000000000000000000, 0.0000000000000000000 ) ) ;
#1017 = DIRECTION ( 'NONE',  ( 1.000000000000000000, -0.0000000000000000000, -0.0000000000000000000 ) ) ;
#1018 = ORIENTED_EDGE ( 'NONE', *, *, #1978, .F. ) ;
#1019 = CARTESIAN_POINT ( 'NONE',  ( -2.250000000000000444, 0.3500000000000004774, 1.499999999999998668 ) ) ;
#1020 = PLANE ( 'NONE',  #1335 ) ;
#1021 = ADVANCED_FACE ( 'NONE', ( #2131 ), #1751, .T. ) ;
#1022 = CARTESIAN_POINT ( 'NONE',  ( -1.031246618212574795, -1.023311055883762366, -2.665767658410556962 ) ) ;
#1023 = EDGE_LOOP ( 'NONE', ( #1243, #779, #1153, #1164 ) ) ;
#1024 = EDGE_CURVE ( 'NONE', #2198, #394, #569, .T. ) ;
#1025 = CARTESIAN_POINT ( 'NONE',  ( -1.479729949607608619, -0.8702700503923912478, -2.250000000000000000 ) ) ;
#1026 = DIRECTION ( 'NONE',  ( -1.000000000000000000, 0.0000000000000000000, 0.0000000000000000000 ) ) ;
#1027 = CARTESIAN_POINT ( 'NONE',  ( -1.060845237545859021, -4.001729889353184078, -2.250000000000000000 ) ) ;
#1028 = CARTESIAN_POINT ( 'NONE',  ( 1.651729889178998656, -3.568121302440388831, -2.250000000000000000 ) ) ;
#1029 = PLANE ( 'NONE',  #1481 ) ;
#1030 = DIRECTION ( 'NONE',  ( -0.0000000000000000000, 0.0000000000000000000, -1.000000000000000000 ) ) ;
#1031 = CARTESIAN_POINT ( 'NONE',  ( 4.250000000000000000, -0.3500000000000000333, 1.499999999999998668 ) ) ;
#1032 = EDGE_LOOP ( 'NONE', ( #1067, #729, #648, #2129, #1234, #1609 ) ) ;
#1033 = AXIS2_PLACEMENT_3D ( 'NONE', #401, #1803, #47 ) ;
#1034 = EDGE_CURVE ( 'NONE', #2048, #1989, #1000, .T. ) ;
#1035 = DIRECTION ( 'NONE',  ( -0.0000000000000000000, 0.0000000000000000000, -1.000000000000000000 ) ) ;
#1036 = CARTESIAN_POINT ( 'NONE',  ( -0.8978857980407950468, -3.247885798040795358, -3.369999999999999662 ) ) ;
#1037 = CIRCLE ( 'NONE', #1849, 2.000000000000000000 ) ;
#1038 = LINE ( 'NONE', #167, #321 ) ;
#1039 = CIRCLE ( 'NONE', #1190, 1.999999999999999112 ) ;
#1040 = FACE_OUTER_BOUND ( 'NONE', #100, .T. ) ;
#1041 = DIRECTION ( 'NONE',  ( -7.744301232039320379E-17, -1.000000000000000000, 0.0000000000000000000 ) ) ;
#1042 = CC_DESIGN_APPROVAL ( #1808, ( #644 ) ) ;
#1043 = DIRECTION ( 'NONE',  ( -0.0000000000000000000, 0.0000000000000000000, -1.000000000000000000 ) ) ;
#1044 = VERTEX_POINT ( 'NONE', #1569 ) ;
#1045 =( BOUNDED_CURVE ( )  B_SPLINE_CURVE ( 3, ( #2030, #117, #799, #1503 ),
 .UNSPECIFIED., .F., .F. ) 
 B_SPLINE_CURVE_WITH_KNOTS ( ( 4, 4 ),
 ( 1.874159564324303063E-16, 0.7703190329009689252 ),
 .UNSPECIFIED. ) 
 CURVE ( )  GEOMETRIC_REPRESENTATION_ITEM ( )  RATIONAL_B_SPLINE_CURVE ( ( 1.000000000000000000, 0.9511590086810493005, 0.9511590086810493005, 1.000000000000000000 ) ) 
 REPRESENTATION_ITEM ( '' )  );
#1046 = DIRECTION ( 'NONE',  ( 0.0000000000000000000, 0.9848077530122079093, -0.1736481776669309141 ) ) ;
#1047 = ORIENTED_EDGE ( 'NONE', *, *, #610, .F. ) ;
#1048 = DIRECTION ( 'NONE',  ( -0.0000000000000000000, -0.0000000000000000000, -1.000000000000000000 ) ) ;
#1049 = ADVANCED_FACE ( 'NONE', ( #371 ), #692, .T. ) ;
#1050 = CARTESIAN_POINT ( 'NONE',  ( 4.549999999999999822, 0.3499999999999853229, 0.2999999999999999334 ) ) ;
#1051 = FACE_OUTER_BOUND ( 'NONE', #2140, .T. ) ;
#1052 = EDGE_CURVE ( 'NONE', #1951, #1720, #704, .T. ) ;
#1053 = DIRECTION ( 'NONE',  ( -0.0000000000000000000, -0.0000000000000000000, -1.000000000000000000 ) ) ;
#1054 = DIRECTION ( 'NONE',  ( 0.0000000000000000000, 0.0000000000000000000, 1.000000000000000000 ) ) ;
#1055 = LINE ( 'NONE', #223, #748 ) ;
#1056 = ORIENTED_EDGE ( 'NONE', *, *, #1080, .T. ) ;
#1057 = DIRECTION ( 'NONE',  ( 0.0000000000000000000, 0.0000000000000000000, 1.000000000000000000 ) ) ;
#1058 = EDGE_LOOP ( 'NONE', ( #1520, #409, #2212, #1864 ) ) ;
#1059 = CARTESIAN_POINT ( 'NONE',  ( -3.750000000000000444, -0.3499999999999893197, 2.000000000000000000 ) ) ;
#1060 = CARTESIAN_POINT ( 'NONE',  ( 5.200000000000001066, 4.003859338365490572, -1.949999999999999512 ) ) ;
#1061 = DIRECTION ( 'NONE',  ( -0.0000000000000000000, -1.000000000000000000, -0.0000000000000000000 ) ) ;
#1062 = CARTESIAN_POINT ( 'NONE',  ( -2.249999999999985789, 2.350000000000000089, 2.000000000000000000 ) ) ;
#1063 = CARTESIAN_POINT ( 'NONE',  ( -1.273900882966576997, -3.623900882966575310, -2.477413564274289826 ) ) ;
#1064 = EDGE_CURVE ( 'NONE', #1819, #588, #1479, .T. ) ;
#1065 = DIRECTION ( 'NONE',  ( 7.744301232039320379E-17, 1.000000000000000000, 0.0000000000000000000 ) ) ;
#1066 = DIRECTION ( 'NONE',  ( -1.000000000000000000, -0.0000000000000000000, -0.0000000000000000000 ) ) ;
#1067 = ORIENTED_EDGE ( 'NONE', *, *, #811, .T. ) ;
#1068 = ORIENTED_EDGE ( 'NONE', *, *, #1602, .T. ) ;
#1069 = CIRCLE ( 'NONE', #2101, 0.2999999999999999334 ) ;
#1070 = CARTESIAN_POINT ( 'NONE',  ( 5.200000000000001066, 5.440000000000000391, -1.250000000000000000 ) ) ;
#1071 = VERTEX_POINT ( 'NONE', #1899 ) ;
#1072 = FACE_OUTER_BOUND ( 'NONE', #1686, .T. ) ;
#1073 = AXIS2_PLACEMENT_3D ( 'NONE', #1146, #576, #1998 ) ;
#1074 = DIRECTION ( 'NONE',  ( 1.000000000000000000, 7.228014483236698330E-15, 0.0000000000000000000 ) ) ;
#1075 = CIRCLE ( 'NONE', #2218, 0.2999999999999999334 ) ;
#1076 = CARTESIAN_POINT ( 'NONE',  ( -5.199999999999999289, -6.690000000000000391, -0.2999999999999999334 ) ) ;
#1077 = CIRCLE ( 'NONE', #821, 0.2999999999999999334 ) ;
#1078 = EDGE_LOOP ( 'NONE', ( #1233, #480, #1176, #279 ) ) ;
#1079 = AXIS2_PLACEMENT_3D ( 'NONE', #1545, #331, #2211 ) ;
#1080 = EDGE_CURVE ( 'NONE', #1796, #2241, #1246, .T. ) ;
#1081 = VECTOR ( 'NONE', #661, 1000.000000000000000 ) ;
#1082 = CARTESIAN_POINT ( 'NONE',  ( 0.8978857980407953798, -1.156671876055542780, -3.422094453300078776 ) ) ;
#1083 = ORIENTED_EDGE ( 'NONE', *, *, #907, .F. ) ;
#1084 = ADVANCED_FACE ( 'NONE', ( #1072 ), #1776, .T. ) ;
#1085 = ORIENTED_EDGE ( 'NONE', *, *, #179, .T. ) ;
#1086 = CARTESIAN_POINT ( 'NONE',  ( 1.479729949607609507, -0.8702700503923910258, -2.250000000000000000 ) ) ;
#1087 = DIRECTION ( 'NONE',  ( -1.000000000000000000, 0.0000000000000000000, 0.0000000000000000000 ) ) ;
#1088 = PERSON_AND_ORGANIZATION ( #774, #1448 ) ;
#1089 = DIRECTION ( 'NONE',  ( 0.7071067811865475727, -0.7071067811865475727, 0.0000000000000000000 ) ) ;
#1090 = CARTESIAN_POINT ( 'NONE',  ( -2.249999999999984013, -2.649999999999999911, 0.2999999999999999334 ) ) ;
#1091 = EDGE_LOOP ( 'NONE', ( #1677, #962, #714, #492 ) ) ;
#1092 = CARTESIAN_POINT ( 'NONE',  ( 5.500000000000000888, 4.003859338365490572, -5.249999999999999112 ) ) ;
#1093 = CARTESIAN_POINT ( 'NONE',  ( 5.500000000000000888, -6.690000000000000391, -2.250000000000000000 ) ) ;
#1094 = EDGE_CURVE ( 'NONE', #1930, #1568, #1589, .T. ) ;
#1095 = EDGE_LOOP ( 'NONE', ( #1462, #1918, #1328, #2175 ) ) ;
#1096 = EDGE_CURVE ( 'NONE', #1826, #1141, #855, .T. ) ;
#1097 = ORIENTED_EDGE ( 'NONE', *, *, #2137, .F. ) ;
#1098 = DIRECTION ( 'NONE',  ( -1.000000000000000000, 0.0000000000000000000, 0.0000000000000000000 ) ) ;
#1099 = CARTESIAN_POINT ( 'NONE',  ( -1.273900882966576553, -3.623900882966576198, -2.477413564274289826 ) ) ;
#1100 = CARTESIAN_POINT ( 'NONE',  ( 1.113205583900437778, -3.463205583900437645, -2.148860813050233798 ) ) ;
#1101 = EDGE_LOOP ( 'NONE', ( #93, #645, #1450, #2143 ) ) ;
#1102 = CARTESIAN_POINT ( 'NONE',  ( 5.500000000000000888, 5.440000000000000391, -0.2999999999999999334 ) ) ;
#1103 = DIRECTION ( 'NONE',  ( 0.0000000000000000000, 0.0000000000000000000, -1.000000000000000000 ) ) ;
#1104 = ORIENTED_EDGE ( 'NONE', *, *, #993, .T. ) ;
#1105 = CC_DESIGN_PERSON_AND_ORGANIZATION_ASSIGNMENT ( #397, #935, ( #1514 ) ) ;
#1106 = ORIENTED_EDGE ( 'NONE', *, *, #920, .F. ) ;
#1107 = DIRECTION ( 'NONE',  ( -1.000000000000000000, 0.0000000000000000000, 0.0000000000000000000 ) ) ;
#1108 = CARTESIAN_POINT ( 'NONE',  ( -1.479729949607609063, -3.829729949607609374, -2.250000000000000000 ) ) ;
#1109 = ADVANCED_FACE ( 'NONE', ( #1727 ), #1212, .T. ) ;
#1110 = CIRCLE ( 'NONE', #1398, 0.2999999999999999334 ) ;
#1111 = COORDINATED_UNIVERSAL_TIME_OFFSET ( 3, 0, .AHEAD. ) ;
#1112 = FACE_OUTER_BOUND ( 'NONE', #294, .T. ) ;
#1113 =( BOUNDED_CURVE ( )  B_SPLINE_CURVE ( 3, ( #312, #2051, #114, #1843 ),
 .UNSPECIFIED., .F., .F. ) 
 B_SPLINE_CURVE_WITH_KNOTS ( ( 4, 4 ),
 ( 0.0000000000000000000, 0.7703190329009689252 ),
 .UNSPECIFIED. ) 
 CURVE ( )  GEOMETRIC_REPRESENTATION_ITEM ( )  RATIONAL_B_SPLINE_CURVE ( ( 1.000000000000000000, 0.9511590086810493005, 0.9511590086810493005, 1.000000000000000000 ) ) 
 REPRESENTATION_ITEM ( '' )  );
#1114 = VECTOR ( 'NONE', #755, 1000.000000000000000 ) ;
#1115 = VERTEX_POINT ( 'NONE', #518 ) ;
#1116 = AXIS2_PLACEMENT_3D ( 'NONE', #40, #1424, #1035 ) ;
#1117 = LINE ( 'NONE', #84, #320 ) ;
#1118 = ORIENTED_EDGE ( 'NONE', *, *, #73, .T. ) ;
#1119 = AXIS2_PLACEMENT_3D ( 'NONE', #521, #1543, #615 ) ;
#1120 = AXIS2_PLACEMENT_3D ( 'NONE', #837, #1208, #2085 ) ;
#1121 = EDGE_LOOP ( 'NONE', ( #1412, #276, #1872 ) ) ;
#1122 = DIRECTION ( 'NONE',  ( -1.000000000000000000, 1.788933584601082316E-15, 0.0000000000000000000 ) ) ;
#1123 = CARTESIAN_POINT ( 'NONE',  ( 4.549999999999999822, 0.3499999999999853229, 0.0000000000000000000 ) ) ;
#1124 = CIRCLE ( 'NONE', #1161, 2.000000000000000000 ) ;
#1125 =( LENGTH_UNIT ( ) NAMED_UNIT ( * ) SI_UNIT ( .MILLI., .METRE. ) );
#1126 = ADVANCED_FACE ( 'NONE', ( #1994 ), #1407, .T. ) ;
#1127 = DIRECTION ( 'NONE',  ( 1.000000000000000000, 0.0000000000000000000, 0.0000000000000000000 ) ) ;
#1128 = ORIENTED_EDGE ( 'NONE', *, *, #922, .T. ) ;
#1129 = ADVANCED_FACE ( 'NONE', ( #919 ), #251, .T. ) ;
#1130 = CARTESIAN_POINT ( 'NONE',  ( 1.060845237545859243, -0.9937124365504788059, -2.497905546699920709 ) ) ;
#1131 = ORIENTED_EDGE ( 'NONE', *, *, #1034, .F. ) ;
#1132 = DIRECTION ( 'NONE',  ( 0.1710878697460358200, 0.1710878697460357922, 0.9702875252478136980 ) ) ;
#1133 = VERTEX_POINT ( 'NONE', #1822 ) ;
#1134 = CARTESIAN_POINT ( 'NONE',  ( 5.200000000000001066, 5.118980322693462703, -2.144117647058823461 ) ) ;
#1135 = CARTESIAN_POINT ( 'NONE',  ( -1.651729889353183767, -3.410845237545857778, -2.250000000000000000 ) ) ;
#1136 = CARTESIAN_POINT ( 'NONE',  ( -4.249999999999999112, -0.3499999999999857669, 2.000000000000000000 ) ) ;
#1137 = ORIENTED_EDGE ( 'NONE', *, *, #897, .T. ) ;
#1138 = ADVANCED_FACE ( 'NONE', ( #229 ), #264, .T. ) ;
#1139 = CARTESIAN_POINT ( 'NONE',  ( -1.358634576869077071, -1.206625702816666257, -2.484594972163193916 ) ) ;
#1140 = VERTEX_POINT ( 'NONE', #1123 ) ;
#1141 = VERTEX_POINT ( 'NONE', #1295 ) ;
#1142 = PLANE ( 'NONE',  #706 ) ;
#1143 = ORIENTED_EDGE ( 'NONE', *, *, #484, .F. ) ;
#1144 = DIRECTION ( 'NONE',  ( -7.228014483236697541E-16, 0.0000000000000000000, 1.000000000000000000 ) ) ;
#1145 = CALENDAR_DATE ( 2021, 12, 3 ) ;
#1146 = CARTESIAN_POINT ( 'NONE',  ( -5.199999999999999289, -6.390000000000000568, -1.949999999999999956 ) ) ;
#1147 = CARTESIAN_POINT ( 'NONE',  ( 1.060845237545859021, -0.9937124365504788059, -2.497905546699920709 ) ) ;
#1148 = ORIENTED_EDGE ( 'NONE', *, *, #330, .F. ) ;
#1149 = VECTOR ( 'NONE', #1227, 1000.000000000000000 ) ;
#1150 = CIRCLE ( 'NONE', #169, 1.999999999999999556 ) ;
#1151 = LINE ( 'NONE', #1869, #396 ) ;
#1152 = ORIENTED_EDGE ( 'NONE', *, *, #947, .F. ) ;
#1153 = ORIENTED_EDGE ( 'NONE', *, *, #1417, .F. ) ;
#1154 = ADVANCED_FACE ( 'NONE', ( #735 ), #2052, .F. ) ;
#1155 = CIRCLE ( 'NONE', #136, 0.2999999999999999334 ) ;
#1156 = AXIS2_PLACEMENT_3D ( 'NONE', #1228, #45, #1764 ) ;
#1157 = VERTEX_POINT ( 'NONE', #1108 ) ;
#1158 = EDGE_CURVE ( 'NONE', #978, #1133, #1851, .T. ) ;
#1159 = CARTESIAN_POINT ( 'NONE',  ( -1.411136235520097371, -1.198212187815475449, -2.249999999999966249 ) ) ;
#1160 = AXIS2_PLACEMENT_3D ( 'NONE', #535, #570, #1929 ) ;
#1161 = AXIS2_PLACEMENT_3D ( 'NONE', #737, #1823, #2161 ) ;
#1162 = CARTESIAN_POINT ( 'NONE',  ( -0.8978857980407947137, -1.452114201959205042, -3.369999999999999662 ) ) ;
#1163 = ORIENTED_EDGE ( 'NONE', *, *, #1629, .T. ) ;
#1164 = ORIENTED_EDGE ( 'NONE', *, *, #87, .F. ) ;
#1165 = LINE ( 'NONE', #122, #1229 ) ;
#1166 = ORIENTED_EDGE ( 'NONE', *, *, #295, .T. ) ;
#1167 = DIRECTION ( 'NONE',  ( 0.0000000000000000000, 0.0000000000000000000, -1.000000000000000000 ) ) ;
#1168 = ADVANCED_FACE ( 'NONE', ( #1453 ), #317, .F. ) ;
#1169 = CALENDAR_DATE ( 2021, 12, 3 ) ;
#1170 = CARTESIAN_POINT ( 'NONE',  ( -1.314000030127211893, -1.035999969872787752, -2.249999999999999556 ) ) ;
#1171 = CARTESIAN_POINT ( 'NONE',  ( 1.651729889353183989, -1.289154762454141512, -2.250000000000000000 ) ) ;
#1172 = ORIENTED_EDGE ( 'NONE', *, *, #1493, .F. ) ;
#1173 = CARTESIAN_POINT ( 'NONE',  ( 0.0000000000000000000, -6.390000000000000568, -1.949999999999999956 ) ) ;
#1174 = ORIENTED_EDGE ( 'NONE', *, *, #1644, .F. ) ;
#1175 = DIRECTION ( 'NONE',  ( 0.0000000000000000000, 0.0000000000000000000, 1.000000000000000000 ) ) ;
#1176 = ORIENTED_EDGE ( 'NONE', *, *, #686, .T. ) ;
#1177 = CARTESIAN_POINT ( 'NONE',  ( 1.060845237545859021, -3.750000000000000000, -2.250000000000000000 ) ) ;
#1178 = CARTESIAN_POINT ( 'NONE',  ( -1.149615687393979346, -3.247885798040795358, -3.669999999999999485 ) ) ;
#1179 = EDGE_CURVE ( 'NONE', #1546, #830, #430, .T. ) ;
#1180 = ORIENTED_EDGE ( 'NONE', *, *, #502, .F. ) ;
#1181 = EDGE_CURVE ( 'NONE', #249, #1525, #773, .T. ) ;
#1182 = FACE_OUTER_BOUND ( 'NONE', #3, .T. ) ;
#1183 = VECTOR ( 'NONE', #204, 1000.000000000000000 ) ;
#1184 = CYLINDRICAL_SURFACE ( 'NONE', #959, 0.2999999999999999334 ) ;
#1185 = AXIS2_PLACEMENT_3D ( 'NONE', #990, #2228, #1691 ) ;
#1186 = CARTESIAN_POINT ( 'NONE',  ( 1.273900882966576775, -3.623900882966576198, -2.477413564274289826 ) ) ;
#1187 = VERTEX_POINT ( 'NONE', #1983 ) ;
#1188 = AXIS2_PLACEMENT_3D ( 'NONE', #1294, #1993, #429 ) ;
#1189 = CARTESIAN_POINT ( 'NONE',  ( 1.248243682609493588, -3.729756377368725673, -2.250000000000134559 ) ) ;
#1190 = AXIS2_PLACEMENT_3D ( 'NONE', #1019, #1214, #2252 ) ;
#1191 = ADVANCED_FACE ( 'NONE', ( #1474 ), #2074, .T. ) ;
#1192 = CARTESIAN_POINT ( 'NONE',  ( 1.219107605628293456, -1.021305839710458851, -2.477413564317727523 ) ) ;
#1193 = DIRECTION ( 'NONE',  ( 0.0000000000000000000, -0.0000000000000000000, 1.000000000000000000 ) ) ;
#1194 = ORIENTED_EDGE ( 'NONE', *, *, #770, .T. ) ;
#1195 = DIRECTION ( 'NONE',  ( -1.000000000000000000, 0.0000000000000000000, 0.0000000000000000000 ) ) ;
#1196 = ADVANCED_FACE ( 'NONE', ( #80 ), #352, .F. ) ;
#1197 = DIRECTION ( 'NONE',  ( -0.0000000000000000000, -0.7071067811865487940, -0.7071067811865462405 ) ) ;
#1198 = CARTESIAN_POINT ( 'NONE',  ( -5.199999999999999289, 5.440000000000000391, 0.0000000000000000000 ) ) ;
#1199 = ORIENTED_EDGE ( 'NONE', *, *, #1502, .F. ) ;
#1200 = CARTESIAN_POINT ( 'NONE',  ( -1.060845237545858577, -0.6982701106468167662, -2.250000000000000000 ) ) ;
#1201 = DIRECTION ( 'NONE',  ( 0.0000000000000000000, 1.000000000000000000, 0.0000000000000000000 ) ) ;
#1202 = CARTESIAN_POINT ( 'NONE',  ( 5.500000000000000888, 4.003859338365490572, -1.949999999999999956 ) ) ;
#1203 = LINE ( 'NONE', #673, #1311 ) ;
#1204 = CARTESIAN_POINT ( 'NONE',  ( -1.143374297183334054, -0.9913654231309232401, -2.484594972163193916 ) ) ;
#1205 = APPROVAL ( #607, 'UNSPECIFIED' ) ;
#1206 = DIRECTION ( 'NONE',  ( -0.0000000000000000000, -1.000000000000000000, -0.0000000000000000000 ) ) ;
#1207 = EDGE_CURVE ( 'NONE', #74, #1981, #1522, .T. ) ;
#1208 = DIRECTION ( 'NONE',  ( -1.000000000000000000, -0.0000000000000000000, 0.0000000000000000000 ) ) ;
#1209 = ORIENTED_EDGE ( 'NONE', *, *, #1602, .F. ) ;
#1210 =( BOUNDED_SURFACE ( )  B_SPLINE_SURFACE ( 3, 2, ( 
 ( #1729, #1541, #858 ),
 ( #2067, #1362, #1028 ),
 ( #457, #1719, #2240 ),
 ( #157, #1549, #2250 ) ),
 .UNSPECIFIED., .F., .F., .F. ) 
 B_SPLINE_SURFACE_WITH_KNOTS ( ( 4, 4 ),
 ( 3, 3 ),
 ( 5.512866274278617418, 6.283185307179586232 ),
 ( 0.0000000000000000000, 1.000000000000000000 ),
 .UNSPECIFIED. ) 
 GEOMETRIC_REPRESENTATION_ITEM ( )  RATIONAL_B_SPLINE_SURFACE ( (
 ( 1.000000000000000000, 0.7660444431189780135, 1.000000000000000000),
 ( 1.000000000000000000, 0.7802206570544063524, 1.000000000000000000),
 ( 1.000000000000000000, 0.7880782858874848529, 1.000000000000000000),
 ( 1.000000000000000000, 0.7880211880883550846, 1.000000000000000000) ) ) 
 REPRESENTATION_ITEM ( '' )  SURFACE ( )  );
#1211 = CARTESIAN_POINT ( 'NONE',  ( 5.500000000000000888, -6.690000000000000391, -1.949999999999999956 ) ) ;
#1212 = SPHERICAL_SURFACE ( 'NONE', #1263, 0.2999999999999999889 ) ;
#1213 = DIRECTION ( 'NONE',  ( 0.1710878697460358755, 0.1710878697460358755, 0.9702875252478138091 ) ) ;
#1214 = DIRECTION ( 'NONE',  ( 0.0000000000000000000, 0.0000000000000000000, -1.000000000000000000 ) ) ;
#1215 = DIRECTION ( 'NONE',  ( 0.0000000000000000000, 0.0000000000000000000, -1.000000000000000000 ) ) ;
#1216 = FACE_OUTER_BOUND ( 'NONE', #2037, .T. ) ;
#1217 = EDGE_CURVE ( 'NONE', #1546, #573, #1920, .T. ) ;
#1218 = ORIENTED_EDGE ( 'NONE', *, *, #2083, .T. ) ;
#1219 = TOROIDAL_SURFACE ( 'NONE', #850, 3.299999999999999822, 0.2999999999999999889 ) ;
#1220 = PRODUCT_DEFINITION_SHAPE ( 'NONE', 'NONE',  #1514 ) ;
#1221 = AXIS2_PLACEMENT_3D ( 'NONE', #972, #765, #287 ) ;
#1222 = EDGE_CURVE ( 'NONE', #830, #2008, #892, .T. ) ;
#1223 = FACE_OUTER_BOUND ( 'NONE', #1121, .T. ) ;
#1224 = PLANE ( 'NONE',  #426 ) ;
#1225 = VECTOR ( 'NONE', #1942, 1000.000000000000000 ) ;
#1226 = AXIS2_PLACEMENT_3D ( 'NONE', #297, #1874, #130 ) ;
#1227 = DIRECTION ( 'NONE',  ( 7.744301232039319147E-17, 1.000000000000000000, -1.562394794058031564E-33 ) ) ;
#1228 = CARTESIAN_POINT ( 'NONE',  ( 1.399999999999999911, -4.001729889353184078, -2.549999999999999822 ) ) ;
#1229 = VECTOR ( 'NONE', #815, 1000.000000000000000 ) ;
#1230 = VECTOR ( 'NONE', #511, 1000.000000000000000 ) ;
#1231 = DIRECTION ( 'NONE',  ( 0.0000000000000000000, 0.0000000000000000000, -1.000000000000000000 ) ) ;
#1232 = CARTESIAN_POINT ( 'NONE',  ( 5.200000000000001066, 5.440000000000000391, -1.250000000000000000 ) ) ;
#1233 = ORIENTED_EDGE ( 'NONE', *, *, #1868, .T. ) ;
#1234 = ORIENTED_EDGE ( 'NONE', *, *, #980, .T. ) ;
#1235 = PLANE ( 'NONE',  #1521 ) ;
#1236 = SPHERICAL_SURFACE ( 'NONE', #350, 0.2999999999999999889 ) ;
#1237 = ADVANCED_FACE ( 'NONE', ( #1001 ), #968, .T. ) ;
#1238 = DIRECTION ( 'NONE',  ( -1.000000000000000000, 0.0000000000000000000, 0.0000000000000000000 ) ) ;
#1239 = FACE_OUTER_BOUND ( 'NONE', #2189, .T. ) ;
#1240 = CARTESIAN_POINT ( 'NONE',  ( -1.651729889353183767, -1.289154762454141290, -2.250000000000000000 ) ) ;
#1241 = CARTESIAN_POINT ( 'NONE',  ( 4.250000000000000000, 0.3499999999999853229, 1.499999999999998446 ) ) ;
#1242 = VERTEX_POINT ( 'NONE', #2227 ) ;
#1243 = ORIENTED_EDGE ( 'NONE', *, *, #153, .T. ) ;
#1244 = LINE ( 'NONE', #29, #819 ) ;
#1245 = ORIENTED_EDGE ( 'NONE', *, *, #952, .F. ) ;
#1246 = LINE ( 'NONE', #2261, #1370 ) ;
#1247 = EDGE_CURVE ( 'NONE', #449, #1819, #989, .T. ) ;
#1248 = CARTESIAN_POINT ( 'NONE',  ( 1.113205583900437778, -3.758647909804099907, -2.200955266350312911 ) ) ;
#1249 = CARTESIAN_POINT ( 'NONE',  ( -1.151787812184471349, -3.761136235520134097, -2.250000000000000000 ) ) ;
#1250 = ADVANCED_FACE ( 'NONE', ( #979 ), #2062, .F. ) ;
#1251 = FACE_OUTER_BOUND ( 'NONE', #225, .T. ) ;
#1252 = DIRECTION ( 'NONE',  ( -0.0000000000000000000, -0.0000000000000000000, -1.000000000000000000 ) ) ;
#1253 = EDGE_LOOP ( 'NONE', ( #1007, #1350, #471, #213 ) ) ;
#1254 = ORIENTED_EDGE ( 'NONE', *, *, #1868, .F. ) ;
#1255 = CARTESIAN_POINT ( 'NONE',  ( -0.8978857980407951578, -1.452114201959205264, -3.369999999999999662 ) ) ;
#1256 = DIRECTION ( 'NONE',  ( 1.000000000000000000, 0.0000000000000000000, 0.0000000000000000000 ) ) ;
#1257 = AXIS2_PLACEMENT_3D ( 'NONE', #1394, #398, #1089 ) ;
#1258 = DATE_AND_TIME ( #561, #72 ) ;
#1259 = DIRECTION ( 'NONE',  ( 0.0000000000000000000, -1.000000000000000000, 0.0000000000000000000 ) ) ;
#1260 = AXIS2_PLACEMENT_3D ( 'NONE', #540, #177, #1614 ) ;
#1261 = CARTESIAN_POINT ( 'NONE',  ( -1.193328123944457531, -1.452114201959205264, -3.422094453300078776 ) ) ;
#1262 = ADVANCED_FACE ( 'NONE', ( #818 ), #1511, .F. ) ;
#1263 = AXIS2_PLACEMENT_3D ( 'NONE', #1908, #67, #764 ) ;
#1264 = ORIENTED_EDGE ( 'NONE', *, *, #1654, .T. ) ;
#1265 = DIRECTION ( 'NONE',  ( 1.000000000000000000, 0.0000000000000000000, 0.0000000000000000000 ) ) ;
#1266 = VECTOR ( 'NONE', #2040, 1000.000000000000000 ) ;
#1267 = EDGE_CURVE ( 'NONE', #121, #1930, #1113, .T. ) ;
#1268 = AXIS2_PLACEMENT_3D ( 'NONE', #1406, #2089, #552 ) ;
#1269 = CARTESIAN_POINT ( 'NONE',  ( -5.199999999999999289, -6.390000000000000568, 0.0000000000000000000 ) ) ;
#1270 = VERTEX_POINT ( 'NONE', #1015 ) ;
#1271 = EDGE_LOOP ( 'NONE', ( #411, #1943, #2028, #874 ) ) ;
#1272 = CARTESIAN_POINT ( 'NONE',  ( 1.651729889353184211, -1.128790670018303022, -2.250000000000000000 ) ) ;
#1273 = CARTESIAN_POINT ( 'NONE',  ( -5.199999999999999289, 4.003859338365490572, -5.249999999999999112 ) ) ;
#1274 = DIRECTION ( 'NONE',  ( -1.000000000000000000, -0.0000000000000000000, -0.0000000000000000000 ) ) ;
#1275 = DIRECTION ( 'NONE',  ( 0.0000000000000000000, 0.0000000000000000000, -1.000000000000000000 ) ) ;
#1276 =( BOUNDED_SURFACE ( )  B_SPLINE_SURFACE ( 3, 2, ( 
 ( #1717, #1170, #1025 ),
 ( #315, #832, #2063 ),
 ( #639, #1708, #842 ),
 ( #669, #1372, #1200 ) ),
 .UNSPECIFIED., .F., .F., .T. ) 
 B_SPLINE_SURFACE_WITH_KNOTS ( ( 4, 4 ),
 ( 3, 3 ),
 ( 0.0000000000000000000, 0.7703190329009690362 ),
 ( 0.0000000000000000000, 1.000000000000000000 ),
 .UNSPECIFIED. ) 
 GEOMETRIC_REPRESENTATION_ITEM ( )  RATIONAL_B_SPLINE_SURFACE ( (
 ( 1.000000000000000000, 0.7880211880883551956, 1.000000000000000000),
 ( 1.000000000000000000, 0.7880782858874841867, 1.000000000000000000),
 ( 1.000000000000000000, 0.7802206570544069075, 1.000000000000000000),
 ( 1.000000000000000000, 0.7660444431189782355, 1.000000000000000000) ) ) 
 REPRESENTATION_ITEM ( '' )  SURFACE ( )  );
#1277 = CARTESIAN_POINT ( 'NONE',  ( -1.060845237545858577, -0.9937124365504788059, -2.497905546699920709 ) ) ;
#1278 = ORIENTED_EDGE ( 'NONE', *, *, #619, .T. ) ;
#1279 = FACE_OUTER_BOUND ( 'NONE', #1032, .T. ) ;
#1280 = DIRECTION ( 'NONE',  ( 0.0000000000000000000, 0.0000000000000000000, 1.000000000000000000 ) ) ;
#1281 = EDGE_LOOP ( 'NONE', ( #195, #1472, #2002, #996 ) ) ;
#1282 = EDGE_CURVE ( 'NONE', #992, #1270, #1077, .T. ) ;
#1283 = ORIENTED_EDGE ( 'NONE', *, *, #1181, .F. ) ;
#1284 = DIRECTION ( 'NONE',  ( 0.0000000000000000000, 1.000000000000000000, 0.0000000000000000000 ) ) ;
#1285 = DIRECTION ( 'NONE',  ( -0.0000000000000000000, 1.000000000000000000, -0.0000000000000000000 ) ) ;
#1286 = DIRECTION ( 'NONE',  ( 1.000000000000000000, 0.0000000000000000000, 0.0000000000000000000 ) ) ;
#1287 = CARTESIAN_POINT ( 'NONE',  ( 1.479729949607609507, -0.8702700503923910258, -2.250000000000000000 ) ) ;
#1288 =( BOUNDED_CURVE ( )  B_SPLINE_CURVE ( 3, ( #1449, #277, #1139, #109 ),
 .UNSPECIFIED., .F., .T. ) 
 B_SPLINE_CURVE_WITH_KNOTS ( ( 4, 4 ),
 ( 0.0000000000000000000, 0.7703190329009691473 ),
 .UNSPECIFIED. ) 
 CURVE ( )  GEOMETRIC_REPRESENTATION_ITEM ( )  RATIONAL_B_SPLINE_CURVE ( ( 1.000000000000000000, 0.9511590086810493005, 0.9511590086810493005, 1.000000000000000000 ) ) 
 REPRESENTATION_ITEM ( '' )  );
#1289 = ORIENTED_EDGE ( 'NONE', *, *, #551, .T. ) ;
#1290 = CARTESIAN_POINT ( 'NONE',  ( -2.249999999999984901, -1.850000000000000533, 2.000000000000000000 ) ) ;
#1291 = ORIENTED_EDGE ( 'NONE', *, *, #2080, .F. ) ;
#1292 = ADVANCED_FACE ( 'NONE', ( #658 ), #1755, .F. ) ;
#1293 = ORIENTED_EDGE ( 'NONE', *, *, #592, .T. ) ;
#1294 = CARTESIAN_POINT ( 'NONE',  ( 0.8978857980407953798, -1.452114201959205042, -3.369999999999999662 ) ) ;
#1295 = CARTESIAN_POINT ( 'NONE',  ( 4.250000000000000000, -0.3500000000000000333, 0.2999999999999999334 ) ) ;
#1296 = ADVANCED_FACE ( 'NONE', ( #1343 ), #1597, .F. ) ;
#1297 = CIRCLE ( 'NONE', #1435, 0.2999999999999999889 ) ;
#1298 = DIRECTION ( 'NONE',  ( 0.1710878697460358755, -0.1710878697460358755, 0.9702875252478138091 ) ) ;
#1299 = DIRECTION ( 'NONE',  ( -1.000000000000000000, 0.0000000000000000000, 0.0000000000000000000 ) ) ;
#1300 = AXIS2_PLACEMENT_3D ( 'NONE', #1790, #718, #363 ) ;
#1301 = AXIS2_PLACEMENT_3D ( 'NONE', #1578, #16, #1392 ) ;
#1302 = VERTEX_POINT ( 'NONE', #2021 ) ;
#1303 = VECTOR ( 'NONE', #1721, 1000.000000000000000 ) ;
#1304 = DIRECTION ( 'NONE',  ( 0.0000000000000000000, -1.000000000000000000, 0.0000000000000000000 ) ) ;
#1305 = ORIENTED_EDGE ( 'NONE', *, *, #606, .T. ) ;
#1306 = VECTOR ( 'NONE', #745, 1000.000000000000000 ) ;
#1307 = AXIS2_PLACEMENT_3D ( 'NONE', #199, #510, #362 ) ;
#1308 = ORIENTED_EDGE ( 'NONE', *, *, #1753, .F. ) ;
#1309 = LINE ( 'NONE', #1625, #2108 ) ;
#1310 = CARTESIAN_POINT ( 'NONE',  ( 2.250000000000000000, 0.3500000000000000333, 0.2999999999999999334 ) ) ;
#1311 = VECTOR ( 'NONE', #1901, 1000.000000000000227 ) ;
#1312 = DIRECTION ( 'NONE',  ( -7.744301232039320379E-17, -1.000000000000000000, 0.0000000000000000000 ) ) ;
#1313 = PLANE ( 'NONE',  #1437 ) ;
#1314 = ADVANCED_FACE ( 'NONE', ( #453 ), #368, .T. ) ;
#1315 = VERTEX_POINT ( 'NONE', #356 ) ;
#1316 = DIRECTION ( 'NONE',  ( 0.0000000000000000000, 1.000000000000000000, 0.0000000000000000000 ) ) ;
#1317 = ORIENTED_EDGE ( 'NONE', *, *, #73, .F. ) ;
#1318 = ORIENTED_EDGE ( 'NONE', *, *, #622, .F. ) ;
#1319 = CARTESIAN_POINT ( 'NONE',  ( 3.750000000000000888, 0.3500000000000000333, 2.000000000000000000 ) ) ;
#1320 = ORIENTED_EDGE ( 'NONE', *, *, #1096, .T. ) ;
#1321 = LINE ( 'NONE', #785, #638 ) ;
#1322 = CARTESIAN_POINT ( 'NONE',  ( -1.273900882966575443, -1.076099117033423314, -2.477413564274289826 ) ) ;
#1323 = CARTESIAN_POINT ( 'NONE',  ( 5.500000000000000888, 5.440000000000000391, -2.500000000000000000 ) ) ;
#1324 = EDGE_CURVE ( 'NONE', #74, #24, #1586, .T. ) ;
#1325 = ORIENTED_EDGE ( 'NONE', *, *, #787, .T. ) ;
#1326 = ADVANCED_FACE ( 'NONE', ( #509 ), #1940, .T. ) ;
#1327 = CARTESIAN_POINT ( 'NONE',  ( 5.500000000000000888, -6.690000000000000391, -0.2999999999999999334 ) ) ;
#1328 = ORIENTED_EDGE ( 'NONE', *, *, #1064, .F. ) ;
#1329 = ORIENTED_EDGE ( 'NONE', *, *, #473, .F. ) ;
#1330 = EDGE_LOOP ( 'NONE', ( #1577, #865, #1905, #2059 ) ) ;
#1331 = CARTESIAN_POINT ( 'NONE',  ( -1.356287563449520839, -1.289154762454141290, -2.497905546699920709 ) ) ;
#1332 = CALENDAR_DATE ( 2021, 12, 3 ) ;
#1333 = CARTESIAN_POINT ( 'NONE',  ( 1.370166355346580378, -0.7607064563927504741, -2.250000000000000000 ) ) ;
#1334 = VERTEX_POINT ( 'NONE', #186 ) ;
#1335 = AXIS2_PLACEMENT_3D ( 'NONE', #2254, #1030, #160 ) ;
#1336 = EDGE_CURVE ( 'NONE', #77, #142, #210, .T. ) ;
#1337 = VECTOR ( 'NONE', #982, 1000.000000000000227 ) ;
#1338 = ORIENTED_EDGE ( 'NONE', *, *, #1582, .F. ) ;
#1339 = VECTOR ( 'NONE', #954, 1000.000000000000000 ) ;
#1340 = EDGE_CURVE ( 'NONE', #1369, #1783, #1593, .T. ) ;
#1341 = VECTOR ( 'NONE', #806, 1000.000000000000000 ) ;
#1342 = ORIENTED_EDGE ( 'NONE', *, *, #1893, .T. ) ;
#1343 = FACE_OUTER_BOUND ( 'NONE', #1620, .T. ) ;
#1344 = VECTOR ( 'NONE', #2105, 1000.000000000000000 ) ;
#1345 = DIRECTION ( 'NONE',  ( 1.084202172485504631E-15, 0.0000000000000000000, 1.000000000000000000 ) ) ;
#1346 = CARTESIAN_POINT ( 'NONE',  ( 5.200000000000001066, -6.390000000000000568, -1.949999999999999956 ) ) ;
#1347 = ORIENTED_EDGE ( 'NONE', *, *, #181, .F. ) ;
#1348 = ORIENTED_EDGE ( 'NONE', *, *, #1024, .T. ) ;
#1349 = ADVANCED_FACE ( 'NONE', ( #1385 ), #1354, .F. ) ;
#1350 = ORIENTED_EDGE ( 'NONE', *, *, #2235, .F. ) ;
#1351 = DIRECTION ( 'NONE',  ( 0.0000000000000000000, 0.0000000000000000000, 1.000000000000000000 ) ) ;
#1352 = CARTESIAN_POINT ( 'NONE',  ( 1.314000030127212781, -1.035999969872787752, -2.249999999999999556 ) ) ;
#1353 = ORIENTED_EDGE ( 'NONE', *, *, #1538, .T. ) ;
#1354 = PLANE ( 'NONE',  #138 ) ;
#1355 = ORIENTED_EDGE ( 'NONE', *, *, #1995, .T. ) ;
#1356 = CARTESIAN_POINT ( 'NONE',  ( 1.060845237545859243, -0.6982701106468164332, -2.250000000000000000 ) ) ;
#1357 = ORIENTED_EDGE ( 'NONE', *, *, #856, .F. ) ;
#1358 = DIRECTION ( 'NONE',  ( -0.0000000000000000000, -1.000000000000000000, -0.0000000000000000000 ) ) ;
#1359 = EDGE_CURVE ( 'NONE', #624, #794, #1039, .T. ) ;
#1360 = EDGE_CURVE ( 'NONE', #1568, #1510, #1816, .T. ) ;
#1361 = DIRECTION ( 'NONE',  ( 0.0000000000000000000, -1.000000000000000000, 0.0000000000000000000 ) ) ;
#1362 = CARTESIAN_POINT ( 'NONE',  ( 1.411136235519936832, -3.501787812184527837, -2.250000000000000000 ) ) ;
#1363 = VERTEX_POINT ( 'NONE', #338 ) ;
#1364 = DIRECTION ( 'NONE',  ( 0.0000000000000000000, 0.0000000000000000000, 1.000000000000000000 ) ) ;
#1365 = AXIS2_PLACEMENT_3D ( 'NONE', #758, #2103, #1231 ) ;
#1366 = DIRECTION ( 'NONE',  ( 0.0000000000000000000, 0.0000000000000000000, -1.000000000000000000 ) ) ;
#1367 = AXIS2_PLACEMENT_3D ( 'NONE', #1384, #1428, #2099 ) ;
#1368 = LINE ( 'NONE', #1022, #1005 ) ;
#1369 = VERTEX_POINT ( 'NONE', #1840 ) ;
#1370 = VECTOR ( 'NONE', #1944, 1000.000000000000000 ) ;
#1371 = AXIS2_PLACEMENT_3D ( 'NONE', #285, #154, #1167 ) ;
#1372 = CARTESIAN_POINT ( 'NONE',  ( -1.060845237545858799, -0.9500000000000007327, -2.250000000000000000 ) ) ;
#1373 = CIRCLE ( 'NONE', #1559, 3.000000000000000888 ) ;
#1374 = AXIS2_PLACEMENT_3D ( 'NONE', #1622, #599, #2156 ) ;
#1375 = CARTESIAN_POINT ( 'NONE',  ( 1.400000000000000133, -1.289154762454141290, -2.250000000000000000 ) ) ;
#1376 = LINE ( 'NONE', #499, #608 ) ;
#1377 = ADVANCED_FACE ( 'NONE', ( #2091 ), #97, .F. ) ;
#1378 = FACE_OUTER_BOUND ( 'NONE', #1774, .T. ) ;
#1379 = DIRECTION ( 'NONE',  ( -0.0000000000000000000, 0.0000000000000000000, -1.000000000000000000 ) ) ;
#1380 = LINE ( 'NONE', #1883, #822 ) ;
#1381 = ORIENTED_EDGE ( 'NONE', *, *, #1724, .F. ) ;
#1382 = DIRECTION ( 'NONE',  ( 1.000000000000000000, 0.0000000000000000000, 0.0000000000000000000 ) ) ;
#1383 = DIRECTION ( 'NONE',  ( 0.0000000000000000000, 0.0000000000000000000, -1.000000000000000000 ) ) ;
#1384 = CARTESIAN_POINT ( 'NONE',  ( 0.8978857980407951578, -3.247885798040795358, -3.369999999999999662 ) ) ;
#1385 = FACE_OUTER_BOUND ( 'NONE', #941, .T. ) ;
#1386 = ADVANCED_FACE ( 'NONE', ( #653 ), #951, .T. ) ;
#1387 = DIRECTION ( 'NONE',  ( 7.744301232039320379E-17, 1.000000000000000000, 0.0000000000000000000 ) ) ;
#1388 = EDGE_CURVE ( 'NONE', #689, #1470, #19, .T. ) ;
#1389 = LINE ( 'NONE', #354, #786 ) ;
#1390 = ORIENTED_EDGE ( 'NONE', *, *, #1444, .T. ) ;
#1391 = DIRECTION ( 'NONE',  ( -1.000000000000000000, 0.0000000000000000000, 0.0000000000000000000 ) ) ;
#1392 = DIRECTION ( 'NONE',  ( 0.0000000000000000000, 0.0000000000000000000, 1.000000000000000000 ) ) ;
#1393 = CARTESIAN_POINT ( 'NONE',  ( 5.200000000000001066, -6.690000000000000391, -2.250000000000000000 ) ) ;
#1394 = CARTESIAN_POINT ( 'NONE',  ( -1.479729949607608619, -0.8702700503923912478, -2.549999999999999822 ) ) ;
#1395 = CARTESIAN_POINT ( 'NONE',  ( -1.221209329981697733, -4.001729889353184078, -2.250000000000000000 ) ) ;
#1396 = CYLINDRICAL_SURFACE ( 'NONE', #98, 0.2999999999999999334 ) ;
#1397 = EDGE_CURVE ( 'NONE', #249, #621, #1701, .T. ) ;
#1398 = AXIS2_PLACEMENT_3D ( 'NONE', #2124, #1074, #1418 ) ;
#1399 = DIRECTION ( 'NONE',  ( 0.0000000000000000000, 0.0000000000000000000, -1.000000000000000000 ) ) ;
#1400 = ORIENTED_EDGE ( 'NONE', *, *, #808, .F. ) ;
#1401 = CIRCLE ( 'NONE', #1478, 0.3000000000000000999 ) ;
#1402 = AXIS2_PLACEMENT_3D ( 'NONE', #1982, #2020, #415 ) ;
#1403 = EDGE_LOOP ( 'NONE', ( #175, #2257, #1637, #1806 ) ) ;
#1404 = DIRECTION ( 'NONE',  ( 0.0000000000000000000, 0.7071067811865487940, -0.7071067811865462405 ) ) ;
#1405 = DIRECTION ( 'NONE',  ( 1.000000000000000000, 6.372469851730929954E-17, -3.614007241618348771E-16 ) ) ;
#1406 = CARTESIAN_POINT ( 'NONE',  ( -2.250000000000000444, 0.3500000000000004774, 0.2999999999999999334 ) ) ;
#1407 = TOROIDAL_SURFACE ( 'NONE', #2035, 3.299999999999999822, 0.2999999999999999889 ) ;
#1408 = DIRECTION ( 'NONE',  ( 0.0000000000000000000, 0.1736481776669307198, 0.9848077530122080203 ) ) ;
#1409 = CARTESIAN_POINT ( 'NONE',  ( -1.060845237545859021, -3.750000000000000000, -2.250000000000000000 ) ) ;
#1410 = CIRCLE ( 'NONE', #468, 2.299999999999999822 ) ;
#1411 = CARTESIAN_POINT ( 'NONE',  ( -2.249999999999983125, -2.649999999999999911, 0.0000000000000000000 ) ) ;
#1412 = ORIENTED_EDGE ( 'NONE', *, *, #2070, .T. ) ;
#1413 = ADVANCED_FACE ( 'NONE', ( #1182 ), #1142, .F. ) ;
#1414 = ORIENTED_EDGE ( 'NONE', *, *, #1813, .F. ) ;
#1415 = DIRECTION ( 'NONE',  ( 1.000000000000000000, -0.0000000000000000000, -0.0000000000000000000 ) ) ;
#1416 = DIRECTION ( 'NONE',  ( 0.0000000000000000000, 0.0000000000000000000, 1.000000000000000000 ) ) ;
#1417 = EDGE_CURVE ( 'NONE', #796, #1783, #1999, .T. ) ;
#1418 = DIRECTION ( 'NONE',  ( -7.228014483236698330E-15, 1.000000000000000000, 0.0000000000000000000 ) ) ;
#1419 = CARTESIAN_POINT ( 'NONE',  ( 5.500000000000000888, 5.017605687754556065, -2.426470588235293935 ) ) ;
#1420 = CARTESIAN_POINT ( 'NONE',  ( 1.651729889353184211, -1.279149381711403414E-16, -2.250000000000000000 ) ) ;
#1421 = LINE ( 'NONE', #184, #1527 ) ;
#1422 = ORIENTED_EDGE ( 'NONE', *, *, #592, .F. ) ;
#1423 = ORIENTED_EDGE ( 'NONE', *, *, #1753, .T. ) ;
#1424 = DIRECTION ( 'NONE',  ( 1.000000000000000000, 0.0000000000000000000, -0.0000000000000000000 ) ) ;
#1425 = FACE_OUTER_BOUND ( 'NONE', #1792, .T. ) ;
#1426 = EDGE_CURVE ( 'NONE', #129, #2050, #512, .T. ) ;
#1427 = COORDINATED_UNIVERSAL_TIME_OFFSET ( 3, 0, .AHEAD. ) ;
#1428 = DIRECTION ( 'NONE',  ( 0.0000000000000000000, 1.000000000000000000, 0.0000000000000000000 ) ) ;
#1429 = EDGE_CURVE ( 'NONE', #830, #449, #392, .T. ) ;
#1430 = CYLINDRICAL_SURFACE ( 'NONE', #1156, 0.2999999999999999334 ) ;
#1431 = EDGE_LOOP ( 'NONE', ( #1704, #988, #1786, #420 ) ) ;
#1432 = LINE ( 'NONE', #2126, #1551 ) ;
#1433 = ORIENTED_EDGE ( 'NONE', *, *, #179, .F. ) ;
#1434 = ORIENTED_EDGE ( 'NONE', *, *, #868, .F. ) ;
#1435 = AXIS2_PLACEMENT_3D ( 'NONE', #687, #1206, #1215 ) ;
#1436 = DIRECTION ( 'NONE',  ( -7.744301232039319147E-17, -1.000000000000000000, -1.562394794058031564E-33 ) ) ;
#1437 = AXIS2_PLACEMENT_3D ( 'NONE', #1811, #275, #2022 ) ;
#1438 = CC_DESIGN_DATE_AND_TIME_ASSIGNMENT ( #628, #116, ( #644 ) ) ;
#1439 = DIRECTION ( 'NONE',  ( 0.0000000000000000000, 0.0000000000000000000, 1.000000000000000000 ) ) ;
#1440 = LINE ( 'NONE', #1323, #63 ) ;
#1441 = AXIS2_PLACEMENT_3D ( 'NONE', #335, #2088, #1026 ) ;
#1442 = LINE ( 'NONE', #577, #2146 ) ;
#1443 = AXIS2_PLACEMENT_3D ( 'NONE', #1682, #650, #325 ) ;
#1444 = EDGE_CURVE ( 'NONE', #2027, #77, #663, .T. ) ;
#1445 = ORIENTED_EDGE ( 'NONE', *, *, #1813, .T. ) ;
#1446 = CARTESIAN_POINT ( 'NONE',  ( 5.200000000000001066, 5.440000000000000391, -1.250000000000000000 ) ) ;
#1447 = CIRCLE ( 'NONE', #1595, 0.2999999999999999334 ) ;
#1448 = ORGANIZATION ( 'UNSPECIFIED', 'UNSPECIFIED', '' ) ;
#1449 = CARTESIAN_POINT ( 'NONE',  ( -1.273900882966575887, -1.076099117033423980, -2.477413564274289826 ) ) ;
#1450 = ORIENTED_EDGE ( 'NONE', *, *, #1538, .F. ) ;
#1451 = ORIENTED_EDGE ( 'NONE', *, *, #2206, .F. ) ;
#1452 = DIRECTION ( 'NONE',  ( 0.0000000000000000000, 0.0000000000000000000, -1.000000000000000000 ) ) ;
#1453 = FACE_OUTER_BOUND ( 'NONE', #655, .T. ) ;
#1454 = CARTESIAN_POINT ( 'NONE',  ( -2.249999999999984901, -2.649999999999999911, 0.0000000000000000000 ) ) ;
#1455 = EDGE_LOOP ( 'NONE', ( #293, #406, #1877, #1671 ) ) ;
#1456 = CARTESIAN_POINT ( 'NONE',  ( -1.060845237545859021, -4.001729889353184078, -2.549999999999999822 ) ) ;
#1457 = EDGE_CURVE ( 'NONE', #2013, #557, #1550, .T. ) ;
#1458 = CARTESIAN_POINT ( 'NONE',  ( -1.060845237545858577, -0.6982701106468164332, -2.250000000000000000 ) ) ;
#1459 = EDGE_LOOP ( 'NONE', ( #46, #1734, #1497, #1638 ) ) ;
#1460 = ORIENTED_EDGE ( 'NONE', *, *, #1468, .T. ) ;
#1461 = ADVANCED_FACE ( 'NONE', ( #1378 ), #1029, .F. ) ;
#1462 = ORIENTED_EDGE ( 'NONE', *, *, #83, .F. ) ;
#1463 = CARTESIAN_POINT ( 'NONE',  ( -1.358634576869077515, -3.493374297183334143, -2.484594972163193916 ) ) ;
#1464 = CARTESIAN_POINT ( 'NONE',  ( -1.358590276797763563, -3.491816554575203568, -2.484846210352244622 ) ) ;
#1465 = SPHERICAL_SURFACE ( 'NONE', #1073, 0.2999999999999999889 ) ;
#1466 = ORIENTED_EDGE ( 'NONE', *, *, #1921, .F. ) ;
#1467 = FACE_OUTER_BOUND ( 'NONE', #1731, .T. ) ;
#1468 = EDGE_CURVE ( 'NONE', #2241, #1590, #1777, .T. ) ;
#1469 = ORIENTED_EDGE ( 'NONE', *, *, #2038, .F. ) ;
#1470 = VERTEX_POINT ( 'NONE', #1791 ) ;
#1471 = EDGE_CURVE ( 'NONE', #992, #974, #870, .T. ) ;
#1472 = ORIENTED_EDGE ( 'NONE', *, *, #405, .T. ) ;
#1473 = CARTESIAN_POINT ( 'NONE',  ( 5.500000000000000888, -6.390000000000000568, -1.949999999999999956 ) ) ;
#1474 = FACE_OUTER_BOUND ( 'NONE', #2236, .T. ) ;
#1475 = CIRCLE ( 'NONE', #2176, 0.2999999999999999334 ) ;
#1476 =( NAMED_UNIT ( * ) PLANE_ANGLE_UNIT ( ) SI_UNIT ( $, .RADIAN. ) );
#1477 = LINE ( 'NONE', #2184, #1587 ) ;
#1478 = AXIS2_PLACEMENT_3D ( 'NONE', #485, #723, #2111 ) ;
#1479 = CIRCLE ( 'NONE', #1880, 0.2999999999999999334 ) ;
#1480 = ORIENTED_EDGE ( 'NONE', *, *, #1827, .F. ) ;
#1481 = AXIS2_PLACEMENT_3D ( 'NONE', #835, #2082, #1730 ) ;
#1482 = CARTESIAN_POINT ( 'NONE',  ( -5.199999999999999289, 5.440000000000000391, -1.250000000000000000 ) ) ;
#1483 = ORIENTED_EDGE ( 'NONE', *, *, #2152, .T. ) ;
#1484 = AXIS2_PLACEMENT_3D ( 'NONE', #23, #1399, #2118 ) ;
#1485 = EDGE_LOOP ( 'NONE', ( #1645, #424, #318, #440 ) ) ;
#1486 = APPROVAL_PERSON_ORGANIZATION ( #956, #1205, #1660 ) ;
#1487 = ORIENTED_EDGE ( 'NONE', *, *, #1222, .T. ) ;
#1488 = CARTESIAN_POINT ( 'NONE',  ( 2.250000000000000000, 0.3500000000000000333, 0.2999999999999999334 ) ) ;
#1489 = DIRECTION ( 'NONE',  ( -7.744301232039319147E-17, -1.000000000000000000, 1.516641497409546797E-33 ) ) ;
#1490 = EDGE_CURVE ( 'NONE', #1157, #2050, #261, .T. ) ;
#1491 = COORDINATED_UNIVERSAL_TIME_OFFSET ( 3, 0, .AHEAD. ) ;
#1492 = DIRECTION ( 'NONE',  ( 0.0000000000000000000, 1.000000000000000000, 0.0000000000000000000 ) ) ;
#1493 = EDGE_CURVE ( 'NONE', #2198, #1653, #382, .T. ) ;
#1494 = ORIENTED_EDGE ( 'NONE', *, *, #565, .T. ) ;
#1495 = DIRECTION ( 'NONE',  ( -1.000000000000000000, 0.0000000000000000000, 0.0000000000000000000 ) ) ;
#1496 = VERTEX_POINT ( 'NONE', #1076 ) ;
#1497 = ORIENTED_EDGE ( 'NONE', *, *, #1222, .F. ) ;
#1498 = DIRECTION ( 'NONE',  ( 0.9848077530122079093, 0.0000000000000000000, 0.1736481776669307753 ) ) ;
#1499 = ORIENTED_EDGE ( 'NONE', *, *, #1247, .T. ) ;
#1500 = CARTESIAN_POINT ( 'NONE',  ( 1.479729949607609285, -3.829729949607609374, -2.250000000000000000 ) ) ;
#1501 = APPROVAL_DATE_TIME ( #798, #1808 ) ;
#1502 = EDGE_CURVE ( 'NONE', #2187, #1157, #488, .T. ) ;
#1503 = CARTESIAN_POINT ( 'NONE',  ( 1.356287563449521505, -3.410845237545858666, -2.497905546699920709 ) ) ;
#1504 = CARTESIAN_POINT ( 'NONE',  ( 1.273900882966576775, -1.076099117033423758, -2.477413564274289826 ) ) ;
#1505 = ORIENTED_EDGE ( 'NONE', *, *, #759, .T. ) ;
#1506 = ADVANCED_FACE ( 'NONE', ( #1239 ), #563, .T. ) ;
#1507 = ORIENTED_EDGE ( 'NONE', *, *, #980, .F. ) ;
#1508 = UNCERTAINTY_MEASURE_WITH_UNIT (LENGTH_MEASURE( 1.000000000000000082E-05 ), #1125, 'distance_accuracy_value', 'NONE');
#1509 = DIRECTION ( 'NONE',  ( -0.0000000000000000000, -0.0000000000000000000, -1.000000000000000000 ) ) ;
#1510 = VERTEX_POINT ( 'NONE', #220 ) ;
#1511 = CYLINDRICAL_SURFACE ( 'NONE', #1371, 0.2999999999999999889 ) ;
#1512 = PERSON_AND_ORGANIZATION ( #774, #1448 ) ;
#1513 = CARTESIAN_POINT ( 'NONE',  ( -1.356287563449521505, -3.410845237545858222, -2.497905546699920709 ) ) ;
#1514 = PRODUCT_DEFINITION ( 'UNKNOWN', '', #505, #1895 ) ;
#1515 = DIRECTION ( 'NONE',  ( -1.000000000000000000, 2.219903948164071275E-14, 0.0000000000000000000 ) ) ;
#1516 = ORIENTED_EDGE ( 'NONE', *, *, #841, .T. ) ;
#1517 = TOROIDAL_SURFACE ( 'NONE', #564, 0.9500000000000000666, 0.2999999999999999889 ) ;
#1518 = ADVANCED_FACE ( 'NONE', ( #57 ), #945, .F. ) ;
#1519 = AXIS2_PLACEMENT_3D ( 'NONE', #1780, #531, #878 ) ;
#1520 = ORIENTED_EDGE ( 'NONE', *, *, #1034, .T. ) ;
#1521 = AXIS2_PLACEMENT_3D ( 'NONE', #885, #1404, #1749 ) ;
#1522 = CIRCLE ( 'NONE', #1702, 0.2999999999999999889 ) ;
#1523 = DIRECTION ( 'NONE',  ( 0.0000000000000000000, 0.0000000000000000000, 1.000000000000000000 ) ) ;
#1524 =( BOUNDED_CURVE ( )  B_SPLINE_CURVE ( 3, ( #119, #1889, #1006, #156 ),
 .UNSPECIFIED., .F., .T. ) 
 B_SPLINE_CURVE_WITH_KNOTS ( ( 4, 4 ),
 ( 5.512866274278617418, 6.283185307179586232 ),
 .UNSPECIFIED. ) 
 CURVE ( )  GEOMETRIC_REPRESENTATION_ITEM ( )  RATIONAL_B_SPLINE_CURVE ( ( 1.000000000000000000, 0.9511590086810493005, 0.9511590086810493005, 1.000000000000000000 ) ) 
 REPRESENTATION_ITEM ( '' )  );
#1525 = VERTEX_POINT ( 'NONE', #201 ) ;
#1526 = CARTESIAN_POINT ( 'NONE',  ( 1.151787812184538851, -3.761136235520011528, -2.250000000000000000 ) ) ;
#1527 = VECTOR ( 'NONE', #882, 1000.000000000000000 ) ;
#1528 = AXIS2_PLACEMENT_3D ( 'NONE', #1900, #1594, #684 ) ;
#1529 = CARTESIAN_POINT ( 'NONE',  ( 1.651729889353183989, -3.410845237545858666, -2.250000000000000000 ) ) ;
#1530 = APPLICATION_CONTEXT ( 'configuration controlled 3d designs of mechanical parts and assemblies' ) ;
#1531 = DIRECTION ( 'NONE',  ( 0.0000000000000000000, 1.000000000000000000, 0.0000000000000000000 ) ) ;
#1532 = ORIENTED_EDGE ( 'NONE', *, *, #633, .F. ) ;
#1533 = FACE_OUTER_BOUND ( 'NONE', #1095, .T. ) ;
#1534 = ORIENTED_EDGE ( 'NONE', *, *, #284, .F. ) ;
#1535 = ADVANCED_FACE ( 'NONE', ( #1598 ), #1430, .F. ) ;
#1536 = CARTESIAN_POINT ( 'NONE',  ( 2.249999999999984901, -1.850000000000000533, 2.000000000000000000 ) ) ;
#1537 = ORIENTED_EDGE ( 'NONE', *, *, #153, .F. ) ;
#1538 = EDGE_CURVE ( 'NONE', #1315, #1643, #1442, .T. ) ;
#1539 = CARTESIAN_POINT ( 'NONE',  ( 1.141816554575199261, -3.708590276797766538, -2.484846210352228635 ) ) ;
#1540 = DIRECTION ( 'NONE',  ( -1.000000000000000000, 1.911740955519280219E-16, 1.084202172485504631E-15 ) ) ;
#1541 = CARTESIAN_POINT ( 'NONE',  ( 1.399999999999999689, -3.410845237545859110, -2.249999999999999556 ) ) ;
#1542 = ORIENTED_EDGE ( 'NONE', *, *, #267, .T. ) ;
#1543 = DIRECTION ( 'NONE',  ( 1.000000000000000000, 0.0000000000000000000, 0.0000000000000000000 ) ) ;
#1544 = FACE_OUTER_BOUND ( 'NONE', #2200, .T. ) ;
#1545 = CARTESIAN_POINT ( 'NONE',  ( -2.249999999999985789, 2.649999999999999467, 0.2999999999999999889 ) ) ;
#1546 = VERTEX_POINT ( 'NONE', #1261 ) ;
#1547 = CARTESIAN_POINT ( 'NONE',  ( 1.408647909804100484, -1.236794416099562532, -2.200955266350312911 ) ) ;
#1548 = ADVANCED_FACE ( 'NONE', ( #1961 ), #1927, .T. ) ;
#1549 = CARTESIAN_POINT ( 'NONE',  ( 1.314000030127212115, -3.664000030127212870, -2.249999999999999556 ) ) ;
#1550 = LINE ( 'NONE', #1711, #1664 ) ;
#1551 = VECTOR ( 'NONE', #1937, 1000.000000000000000 ) ;
#1552 = DIRECTION ( 'NONE',  ( -1.000000000000000000, 0.0000000000000000000, 0.0000000000000000000 ) ) ;
#1553 = VECTOR ( 'NONE', #620, 1000.000000000000227 ) ;
#1554 = CARTESIAN_POINT ( 'NONE',  ( 1.221209329981697733, -0.6982701106468164332, -2.250000000000000000 ) ) ;
#1555 = EDGE_LOOP ( 'NONE', ( #2086, #2163, #1650, #185 ) ) ;
#1556 = CIRCLE ( 'NONE', #22, 0.2999999999999998779 ) ;
#1557 = DIRECTION ( 'NONE',  ( 0.0000000000000000000, 0.0000000000000000000, -1.000000000000000000 ) ) ;
#1558 = CARTESIAN_POINT ( 'NONE',  ( 5.200000000000001066, 4.003859338365490572, -5.249999999999999112 ) ) ;
#1559 = AXIS2_PLACEMENT_3D ( 'NONE', #1747, #174, #864 ) ;
#1560 = ADVANCED_FACE ( 'NONE', ( #399 ), #364, .F. ) ;
#1561 = CIRCLE ( 'NONE', #575, 0.3000000000000000444 ) ;
#1562 = CARTESIAN_POINT ( 'NONE',  ( -5.199999999999999289, 0.0000000000000000000, 0.0000000000000000000 ) ) ;
#1563 = ADVANCED_FACE ( 'NONE', ( #1040 ), #1745, .T. ) ;
#1564 = DIRECTION ( 'NONE',  ( 0.0000000000000000000, 0.0000000000000000000, 1.000000000000000000 ) ) ;
#1565 = DIRECTION ( 'NONE',  ( -0.0000000000000000000, -0.0000000000000000000, -1.000000000000000000 ) ) ;
#1566 = CARTESIAN_POINT ( 'NONE',  ( 0.0000000000000000000, -1.452114201959205264, -3.369999999999999662 ) ) ;
#1567 = ORIENTED_EDGE ( 'NONE', *, *, #1471, .T. ) ;
#1568 = VERTEX_POINT ( 'NONE', #1277 ) ;
#1569 = CARTESIAN_POINT ( 'NONE',  ( 5.200000000000001066, 5.440000000000000391, -2.500000000000000000 ) ) ;
#1570 = DIRECTION ( 'NONE',  ( 0.0000000000000000000, 1.000000000000000000, 0.0000000000000000000 ) ) ;
#1571 = CARTESIAN_POINT ( 'NONE',  ( -1.368007327035351217, -3.941452572179867442, -2.250000000000000000 ) ) ;
#1572 = EDGE_CURVE ( 'NONE', #2048, #978, #193, .T. ) ;
#1573 = CARTESIAN_POINT ( 'NONE',  ( 1.193328123944457753, -1.452114201959205042, -3.422094453300078776 ) ) ;
#1574 = DIRECTION ( 'NONE',  ( 0.0000000000000000000, 0.0000000000000000000, -1.000000000000000000 ) ) ;
#1575 = ORIENTED_EDGE ( 'NONE', *, *, #513, .T. ) ;
#1576 = DIRECTION ( 'NONE',  ( 0.0000000000000000000, 1.000000000000000000, 0.0000000000000000000 ) ) ;
#1577 = ORIENTED_EDGE ( 'NONE', *, *, #2109, .T. ) ;
#1578 = CARTESIAN_POINT ( 'NONE',  ( 1.060845237545859243, -0.6982701106468164332, -2.549999999999999822 ) ) ;
#1579 = DIRECTION ( 'NONE',  ( 0.0000000000000000000, 0.9848077530122080203, -0.1736481776669307198 ) ) ;
#1580 = DIRECTION ( 'NONE',  ( -1.000000000000000000, 0.0000000000000000000, 0.0000000000000000000 ) ) ;
#1581 = CARTESIAN_POINT ( 'NONE',  ( -0.8978857980407950468, -1.200384312606020965, -3.669999999999999485 ) ) ;
#1582 = EDGE_CURVE ( 'NONE', #1242, #1115, #1959, .T. ) ;
#1583 = AXIS2_PLACEMENT_3D ( 'NONE', #2138, #555, #387 ) ;
#1584 = DIRECTION ( 'NONE',  ( 0.0000000000000000000, 0.0000000000000000000, -1.000000000000000000 ) ) ;
#1585 = EDGE_LOOP ( 'NONE', ( #2136, #1143, #1047, #1623, #1842 ) ) ;
#1586 = LINE ( 'NONE', #682, #431 ) ;
#1587 = VECTOR ( 'NONE', #609, 1000.000000000000000 ) ;
#1588 = EDGE_CURVE ( 'NONE', #142, #626, #1651, .T. ) ;
#1589 = CIRCLE ( 'NONE', #388, 0.2999999999999999334 ) ;
#1590 = VERTEX_POINT ( 'NONE', #829 ) ;
#1591 = CARTESIAN_POINT ( 'NONE',  ( 1.149615687393979568, -1.452114201959205264, -3.669999999999999485 ) ) ;
#1592 = FACE_OUTER_BOUND ( 'NONE', #339, .T. ) ;
#1593 = CIRCLE ( 'NONE', #1119, 3.299999999999998934 ) ;
#1594 = DIRECTION ( 'NONE',  ( 0.0000000000000000000, 0.0000000000000000000, 1.000000000000000000 ) ) ;
#1595 = AXIS2_PLACEMENT_3D ( 'NONE', #323, #2139, #1574 ) ;
#1596 = CARTESIAN_POINT ( 'NONE',  ( 1.651729889353183767, -3.410845237545858666, -2.549999999999999822 ) ) ;
#1597 =( BOUNDED_SURFACE ( )  B_SPLINE_SURFACE ( 3, 2, ( 
 ( #1331, #495, #463 ),
 ( #2029, #1159, #840 ),
 ( #2043, #1858, #2194 ),
 ( #1322, #475, #1865 ) ),
 .UNSPECIFIED., .F., .F., .T. ) 
 B_SPLINE_SURFACE_WITH_KNOTS ( ( 4, 4 ),
 ( 3, 3 ),
 ( 5.512866274278617418, 6.283185307179586232 ),
 ( 0.0000000000000000000, 1.000000000000000000 ),
 .UNSPECIFIED. ) 
 GEOMETRIC_REPRESENTATION_ITEM ( )  RATIONAL_B_SPLINE_SURFACE ( (
 ( 1.000000000000000000, 0.7660444431189782355, 1.000000000000000000),
 ( 1.000000000000000000, 0.7802206570544083508, 1.000000000000000000),
 ( 1.000000000000000000, 0.7880782858874834096, 1.000000000000000000),
 ( 1.000000000000000000, 0.7880211880883553066, 1.000000000000000000) ) ) 
 REPRESENTATION_ITEM ( '' )  SURFACE ( )  );
#1598 = FACE_OUTER_BOUND ( 'NONE', #1058, .T. ) ;
#1599 = AXIS2_PLACEMENT_3D ( 'NONE', #1728, #1945, #888 ) ;
#1600 = CARTESIAN_POINT ( 'NONE',  ( 1.356287563449521727, -1.289154762454141290, -2.497905546699920709 ) ) ;
#1601 = FACE_OUTER_BOUND ( 'NONE', #137, .T. ) ;
#1602 = EDGE_CURVE ( 'NONE', #776, #24, #212, .T. ) ;
#1603 = VERTEX_POINT ( 'NONE', #515 ) ;
#1604 = EDGE_CURVE ( 'NONE', #584, #1796, #987, .T. ) ;
#1605 = FACE_OUTER_BOUND ( 'NONE', #1485, .T. ) ;
#1606 = CARTESIAN_POINT ( 'NONE',  ( -1.060845237545858577, -0.6982701106468164332, -2.549999999999999822 ) ) ;
#1607 = DIRECTION ( 'NONE',  ( 0.0000000000000000000, -0.0000000000000000000, -1.000000000000000000 ) ) ;
#1608 = DIRECTION ( 'NONE',  ( -0.9848077530122080203, 7.626647894974316585E-17, -0.1736481776669307198 ) ) ;
#1609 = ORIENTED_EDGE ( 'NONE', *, *, #1673, .T. ) ;
#1610 = DIRECTION ( 'NONE',  ( -1.000000000000000000, 0.0000000000000000000, 0.0000000000000000000 ) ) ;
#1611 = CARTESIAN_POINT ( 'NONE',  ( 2.250000000000000000, 0.3500000000000000333, 2.000000000000000000 ) ) ;
#1612 = EDGE_LOOP ( 'NONE', ( #1264, #1857, #2190, #96 ) ) ;
#1613 = ORIENTED_EDGE ( 'NONE', *, *, #2137, .T. ) ;
#1614 = DIRECTION ( 'NONE',  ( 0.0000000000000000000, 0.0000000000000000000, -1.000000000000000000 ) ) ;
#1615 = CARTESIAN_POINT ( 'NONE',  ( 1.479729949607609285, -3.829729949607609374, -2.549999999999999822 ) ) ;
#1616 = EDGE_CURVE ( 'NONE', #1141, #1187, #310, .T. ) ;
#1617 = APPROVAL_ROLE ( '' ) ;
#1618 = FACE_OUTER_BOUND ( 'NONE', #1612, .T. ) ;
#1619 = DIRECTION ( 'NONE',  ( -1.000000000000000000, -0.0000000000000000000, -0.0000000000000000000 ) ) ;
#1620 = EDGE_LOOP ( 'NONE', ( #58, #1830, #1451, #1218 ) ) ;
#1621 = CARTESIAN_POINT ( 'NONE',  ( -4.549999999999998934, -0.3499999999999857669, 0.0000000000000000000 ) ) ;
#1622 = CARTESIAN_POINT ( 'NONE',  ( -2.249999999999999112, -0.3500000000000000333, 0.2999999999999999334 ) ) ;
#1623 = ORIENTED_EDGE ( 'NONE', *, *, #1572, .F. ) ;
#1624 = EDGE_LOOP ( 'NONE', ( #1166, #611, #39, #1532 ) ) ;
#1625 = CARTESIAN_POINT ( 'NONE',  ( 1.113205583900438000, -0.9413520901959001597, -2.200955266350312911 ) ) ;
#1626 = CARTESIAN_POINT ( 'NONE',  ( -1.399999999999999689, -3.410845237545857334, -2.249999999999999556 ) ) ;
#1627 = AXIS2_PLACEMENT_3D ( 'NONE', #189, #1213, #1744 ) ;
#1628 = CARTESIAN_POINT ( 'NONE',  ( 0.0000000000000000000, 0.0000000000000000000, 0.0000000000000000000 ) ) ;
#1629 = EDGE_CURVE ( 'NONE', #235, #992, #1165, .T. ) ;
#1630 = DIRECTION ( 'NONE',  ( 1.000000000000000000, 0.0000000000000000000, 0.0000000000000000000 ) ) ;
#1631 = VECTOR ( 'NONE', #1098, 1000.000000000000000 ) ;
#1632 = ORIENTED_EDGE ( 'NONE', *, *, #1217, .F. ) ;
#1633 = DIRECTION ( 'NONE',  ( 0.0000000000000000000, 0.0000000000000000000, 1.000000000000000000 ) ) ;
#1634 = AXIS2_PLACEMENT_3D ( 'NONE', #1566, #556, #2094 ) ;
#1635 = LOCAL_TIME ( 1, 1, 49.00000000000000000, #1674 ) ;
#1636 = CARTESIAN_POINT ( 'NONE',  ( 5.200000000000001066, -6.390000000000000568, 0.0000000000000000000 ) ) ;
#1637 = ORIENTED_EDGE ( 'NONE', *, *, #417, .F. ) ;
#1638 = ORIENTED_EDGE ( 'NONE', *, *, #1179, .F. ) ;
#1639 = CARTESIAN_POINT ( 'NONE',  ( -1.356287563449521505, -3.410845237545858222, -2.497905546699920709 ) ) ;
#1640 = CARTESIAN_POINT ( 'NONE',  ( 2.250000000000000000, -0.3500000000000000333, 0.2999999999999999334 ) ) ;
#1641 = CARTESIAN_POINT ( 'NONE',  ( 3.750000000000000444, 0.3499999999999853229, 2.000000000000000000 ) ) ;
#1642 = DIRECTION ( 'NONE',  ( 0.0000000000000000000, 0.0000000000000000000, -1.000000000000000000 ) ) ;
#1643 = VERTEX_POINT ( 'NONE', #1536 ) ;
#1644 = EDGE_CURVE ( 'NONE', #1270, #1897, #677, .T. ) ;
#1645 = ORIENTED_EDGE ( 'NONE', *, *, #1787, .T. ) ;
#1646 = ORIENTED_EDGE ( 'NONE', *, *, #1096, .F. ) ;
#1647 = CARTESIAN_POINT ( 'NONE',  ( -5.199999999999999289, -6.690000000000000391, -1.949999999999999956 ) ) ;
#1648 = DIRECTION ( 'NONE',  ( 0.7071067811865475727, 0.7071067811865475727, -0.0000000000000000000 ) ) ;
#1649 = CARTESIAN_POINT ( 'NONE',  ( 0.8978857980407953798, -3.247885798040795358, -3.369999999999999662 ) ) ;
#1650 = ORIENTED_EDGE ( 'NONE', *, *, #952, .T. ) ;
#1651 =( BOUNDED_CURVE ( )  B_SPLINE_CURVE ( 3, ( #493, #2225, #1714, #1723 ),
 .UNSPECIFIED., .F., .T. ) 
 B_SPLINE_CURVE_WITH_KNOTS ( ( 4, 4 ),
 ( 5.512866274278616530, 6.283185307179586232 ),
 .UNSPECIFIED. ) 
 CURVE ( )  GEOMETRIC_REPRESENTATION_ITEM ( )  RATIONAL_B_SPLINE_CURVE ( ( 1.000000000000000000, 0.9511590086810493005, 0.9511590086810493005, 1.000000000000000000 ) ) 
 REPRESENTATION_ITEM ( '' )  );
#1652 = CYLINDRICAL_SURFACE ( 'NONE', #1779, 0.2999999999999999334 ) ;
#1653 = VERTEX_POINT ( 'NONE', #2076 ) ;
#1654 = EDGE_CURVE ( 'NONE', #949, #1568, #1368, .T. ) ;
#1655 = DIRECTION ( 'NONE',  ( -0.1710878697460361531, -0.1710878697460359033, 0.9702875252478138091 ) ) ;
#1656 = ORIENTED_EDGE ( 'NONE', *, *, #2000, .F. ) ;
#1657 = EDGE_CURVE ( 'NONE', #557, #950, #1815, .T. ) ;
#1658 = CARTESIAN_POINT ( 'NONE',  ( -5.499999999999999112, -6.390000000000000568, -1.949999999999999956 ) ) ;
#1659 = CARTESIAN_POINT ( 'NONE',  ( -1.651729889179015753, -3.568121302440410592, -2.250000000000000000 ) ) ;
#1660 = APPROVAL_ROLE ( '' ) ;
#1661 = CONICAL_SURFACE ( 'NONE', #1952, 1.500000000000000444, 0.7853981633974465026 ) ;
#1662 = AXIS2_PLACEMENT_3D ( 'NONE', #215, #900, #1383 ) ;
#1663 = ORIENTED_EDGE ( 'NONE', *, *, #838, .F. ) ;
#1664 = VECTOR ( 'NONE', #148, 1000.000000000000000 ) ;
#1665 = DIRECTION ( 'NONE',  ( -0.0000000000000000000, 1.000000000000000000, -0.0000000000000000000 ) ) ;
#1666 = ORIENTED_EDGE ( 'NONE', *, *, #646, .T. ) ;
#1667 = VERTEX_POINT ( 'NONE', #507 ) ;
#1668 = CARTESIAN_POINT ( 'NONE',  ( -1.651729889353183767, 1.279149381711402921E-16, -2.250000000000000000 ) ) ;
#1669 = AXIS2_PLACEMENT_3D ( 'NONE', #1676, #1531, #809 ) ;
#1670 = EDGE_CURVE ( 'NONE', #1115, #1941, #301, .T. ) ;
#1671 = ORIENTED_EDGE ( 'NONE', *, *, #1471, .F. ) ;
#1672 = CARTESIAN_POINT ( 'NONE',  ( 1.060845237545859021, -3.706287563449521372, -2.497905546699920709 ) ) ;
#1673 = EDGE_CURVE ( 'NONE', #324, #1667, #2256, .T. ) ;
#1674 = COORDINATED_UNIVERSAL_TIME_OFFSET ( 3, 0, .AHEAD. ) ;
#1675 = CARTESIAN_POINT ( 'NONE',  ( 2.249999999999984901, -2.350000000000000089, 2.000000000000000000 ) ) ;
#1676 = CARTESIAN_POINT ( 'NONE',  ( 5.200000000000001066, -6.390000000000000568, -0.2999999999999999889 ) ) ;
#1677 = ORIENTED_EDGE ( 'NONE', *, *, #659, .T. ) ;
#1678 = CARTESIAN_POINT ( 'NONE',  ( 1.060845237545859021, -3.706287563449521372, -2.497905546699920709 ) ) ;
#1679 = ORIENTED_EDGE ( 'NONE', *, *, #738, .F. ) ;
#1680 = VERTEX_POINT ( 'NONE', #1198 ) ;
#1681 = ORIENTED_EDGE ( 'NONE', *, *, #1324, .F. ) ;
#1682 = CARTESIAN_POINT ( 'NONE',  ( -0.8978857980407951578, -3.247885798040794914, -3.369999999999999662 ) ) ;
#1683 = APPROVAL_STATUS ( 'not_yet_approved' ) ;
#1684 = EDGE_CURVE ( 'NONE', #1720, #474, #1887, .T. ) ;
#1685 = CARTESIAN_POINT ( 'NONE',  ( 1.479729949607609507, -0.8702700503923910258, -2.250000000000000000 ) ) ;
#1686 = EDGE_LOOP ( 'NONE', ( #732, #1873, #1423, #591 ) ) ;
#1687 = EDGE_LOOP ( 'NONE', ( #65, #1118, #266 ) ) ;
#1688 = CARTESIAN_POINT ( 'NONE',  ( 4.250000000000000000, 0.3499999999999853229, 0.2999999999999999334 ) ) ;
#1689 = ORIENTED_EDGE ( 'NONE', *, *, #2070, .F. ) ;
#1690 = DIRECTION ( 'NONE',  ( 1.000000000000000000, 0.0000000000000000000, 0.0000000000000000000 ) ) ;
#1691 = DIRECTION ( 'NONE',  ( -1.000000000000000000, 0.0000000000000000000, 0.0000000000000000000 ) ) ;
#1692 = AXIS2_PLACEMENT_3D ( 'NONE', #654, #1379, #1552 ) ;
#1693 = EDGE_CURVE ( 'NONE', #1826, #1862, #353, .T. ) ;
#1694 = CARTESIAN_POINT ( 'NONE',  ( 1.273900882966577219, -1.076099117033424202, -2.477413564274289826 ) ) ;
#1695 = ORIENTED_EDGE ( 'NONE', *, *, #284, .T. ) ;
#1696 = VECTOR ( 'NONE', #1382, 1000.000000000000000 ) ;
#1697 = AXIS2_PLACEMENT_3D ( 'NONE', #188, #716, #867 ) ;
#1698 = EDGE_CURVE ( 'NONE', #584, #1141, #1380, .T. ) ;
#1699 = FACE_OUTER_BOUND ( 'NONE', #898, .T. ) ;
#1700 = ORIENTED_EDGE ( 'NONE', *, *, #1893, .F. ) ;
#1701 = CIRCLE ( 'NONE', #2185, 0.2999999999999999889 ) ;
#1702 = AXIS2_PLACEMENT_3D ( 'NONE', #52, #1789, #595 ) ;
#1703 = CARTESIAN_POINT ( 'NONE',  ( 1.273900882966576775, -1.076099117033423758, -2.477413564274289826 ) ) ;
#1704 = ORIENTED_EDGE ( 'NONE', *, *, #649, .F. ) ;
#1705 = DIRECTION ( 'NONE',  ( 0.0000000000000000000, 0.1736481776669307198, -0.9848077530122080203 ) ) ;
#1706 = CIRCLE ( 'NONE', #504, 0.2999999999999999334 ) ;
#1707 = CIRCLE ( 'NONE', #1962, 0.2999999999999999889 ) ;
#1708 = CARTESIAN_POINT ( 'NONE',  ( -1.151787812184501547, -0.9388637644799519011, -2.249999999999965805 ) ) ;
#1709 = CARTESIAN_POINT ( 'NONE',  ( 1.651729889178998878, -1.131878697559643099, -2.250000000000000000 ) ) ;
#1710 = ORIENTED_EDGE ( 'NONE', *, *, #1444, .F. ) ;
#1711 = CARTESIAN_POINT ( 'NONE',  ( -5.499999999999999112, -6.390000000000000568, -2.250000000000000000 ) ) ;
#1712 = DIRECTION ( 'NONE',  ( 1.000000000000000000, -0.0000000000000000000, 0.0000000000000000000 ) ) ;
#1713 = EDGE_CURVE ( 'NONE', #626, #1951, #736, .T. ) ;
#1714 = CARTESIAN_POINT ( 'NONE',  ( 1.329762194252706031, -1.131960428319552792, -2.477413564274290270 ) ) ;
#1715 = ORIENTED_EDGE ( 'NONE', *, *, #2133, .F. ) ;
#1716 = CARTESIAN_POINT ( 'NONE',  ( 1.273900882966576553, -3.623900882966576198, -2.477413564274289826 ) ) ;
#1717 = CARTESIAN_POINT ( 'NONE',  ( -1.273900882966575887, -1.076099117033423980, -2.477413564274289826 ) ) ;
#1718 = DIRECTION ( 'NONE',  ( 0.0000000000000000000, 0.0000000000000000000, -1.000000000000000000 ) ) ;
#1719 = CARTESIAN_POINT ( 'NONE',  ( 1.379756377368790643, -3.598243682609512550, -2.250000000000000000 ) ) ;
#1720 = VERTEX_POINT ( 'NONE', #998 ) ;
#1721 = DIRECTION ( 'NONE',  ( -7.744301232039320379E-17, -1.000000000000000000, 0.0000000000000000000 ) ) ;
#1722 = DIRECTION ( 'NONE',  ( -1.000000000000000000, 0.0000000000000000000, 0.0000000000000000000 ) ) ;
#1723 = CARTESIAN_POINT ( 'NONE',  ( 1.273900882966576775, -1.076099117033423758, -2.477413564274289826 ) ) ;
#1724 = EDGE_CURVE ( 'NONE', #1568, #1951, #2060, .T. ) ;
#1725 = ORIENTED_EDGE ( 'NONE', *, *, #2080, .T. ) ;
#1726 = PLANE ( 'NONE',  #1116 ) ;
#1727 = FACE_OUTER_BOUND ( 'NONE', #110, .T. ) ;
#1728 = CARTESIAN_POINT ( 'NONE',  ( -1.651729889353183767, -1.289154762454141290, -2.549999999999999822 ) ) ;
#1729 = CARTESIAN_POINT ( 'NONE',  ( 1.356287563449521283, -3.410845237545858666, -2.497905546699920709 ) ) ;
#1730 = DIRECTION ( 'NONE',  ( -0.0000000000000000000, 0.0000000000000000000, 1.000000000000000000 ) ) ;
#1731 = EDGE_LOOP ( 'NONE', ( #845, #62, #834, #1254 ) ) ;
#1732 = CIRCLE ( 'NONE', #1185, 2.299999999999999378 ) ;
#1733 = CARTESIAN_POINT ( 'NONE',  ( 2.249999999999985345, 2.350000000000000089, 1.499999999999998668 ) ) ;
#1734 = ORIENTED_EDGE ( 'NONE', *, *, #139, .F. ) ;
#1735 = AXIS2_PLACEMENT_3D ( 'NONE', #2169, #2009, #2159 ) ;
#1736 = CARTESIAN_POINT ( 'NONE',  ( -5.199999999999999289, -6.390000000000000568, -2.250000000000000000 ) ) ;
#1737 = EDGE_CURVE ( 'NONE', #2013, #1334, #1447, .T. ) ;
#1738 = AXIS2_PLACEMENT_3D ( 'NONE', #875, #547, #1771 ) ;
#1739 = DIRECTION ( 'NONE',  ( 0.0000000000000000000, -1.000000000000000000, 0.0000000000000000000 ) ) ;
#1740 = DIRECTION ( 'NONE',  ( -1.000000000000000000, 0.0000000000000000000, 0.0000000000000000000 ) ) ;
#1741 = CIRCLE ( 'NONE', #861, 1.250000000000000000 ) ;
#1742 = ADVANCED_FACE ( 'NONE', ( #1601 ), #393, .T. ) ;
#1743 = CC_DESIGN_APPROVAL ( #2195, ( #505 ) ) ;
#1744 = DIRECTION ( 'NONE',  ( 0.9848077530122079093, 0.0000000000000000000, -0.1736481776669307753 ) ) ;
#1745 = CYLINDRICAL_SURFACE ( 'NONE', #2075, 1.999999999999999112 ) ;
#1746 = FACE_OUTER_BOUND ( 'NONE', #311, .T. ) ;
#1747 = CARTESIAN_POINT ( 'NONE',  ( -5.199999999999999289, 4.003859338365490572, -5.249999999999999112 ) ) ;
#1748 = ORIENTED_EDGE ( 'NONE', *, *, #1654, .F. ) ;
#1749 = DIRECTION ( 'NONE',  ( 1.000000000000000000, 0.0000000000000000000, 0.0000000000000000000 ) ) ;
#1750 = VERTEX_POINT ( 'NONE', #1082 ) ;
#1751 = CYLINDRICAL_SURFACE ( 'NONE', #104, 0.3000000000000000999 ) ;
#1752 = FACE_OUTER_BOUND ( 'NONE', #722, .T. ) ;
#1753 = EDGE_CURVE ( 'NONE', #1044, #2198, #2113, .T. ) ;
#1754 = DIRECTION ( 'NONE',  ( 0.0000000000000000000, 1.000000000000000000, -0.0000000000000000000 ) ) ;
#1755 =( BOUNDED_SURFACE ( )  B_SPLINE_SURFACE ( 3, 2, ( 
 ( #1716, #637, #1500 ),
 ( #145, #1189, #303 ),
 ( #1539, #1526, #2203 ),
 ( #1672, #1177, #2213 ) ),
 .UNSPECIFIED., .F., .F., .T. ) 
 B_SPLINE_SURFACE_WITH_KNOTS ( ( 4, 4 ),
 ( 3, 3 ),
 ( 1.807003620809173646E-16, 0.7703190329009698134 ),
 ( 0.0000000000000000000, 1.000000000000000000 ),
 .UNSPECIFIED. ) 
 GEOMETRIC_REPRESENTATION_ITEM ( )  RATIONAL_B_SPLINE_SURFACE ( (
 ( 1.000000000000000000, 0.7880211880883555287, 1.000000000000000000),
 ( 1.000000000000000000, 0.7880782858874841867, 1.000000000000000000),
 ( 1.000000000000000000, 0.7802206570544065745, 1.000000000000000000),
 ( 1.000000000000000000, 0.7660444431189782355, 1.000000000000000000) ) ) 
 REPRESENTATION_ITEM ( '' )  SURFACE ( )  );
#1756 = CARTESIAN_POINT ( 'NONE',  ( -1.651729889353183989, -3.410845237545858222, -2.250000000000000000 ) ) ;
#1757 = LINE ( 'NONE', #1420, #923 ) ;
#1758 = DIRECTION ( 'NONE',  ( 1.000000000000000000, -0.0000000000000000000, -0.0000000000000000000 ) ) ;
#1759 = ORIENTED_EDGE ( 'NONE', *, *, #83, .T. ) ;
#1760 = ORIENTED_EDGE ( 'NONE', *, *, #1935, .F. ) ;
#1761 = DIRECTION ( 'NONE',  ( 4.906538933386793298E-15, 0.7071067811865463515, -0.7071067811865487940 ) ) ;
#1762 = CARTESIAN_POINT ( 'NONE',  ( -1.356287563449521283, -1.289154762454141290, -2.497905546699920709 ) ) ;
#1763 = SPHERICAL_SURFACE ( 'NONE', #1367, 0.2999999999999999889 ) ;
#1764 = DIRECTION ( 'NONE',  ( 0.0000000000000000000, 0.0000000000000000000, -1.000000000000000000 ) ) ;
#1765 = ADVANCED_FACE ( 'NONE', ( #12 ), #545, .F. ) ;
#1766 = LINE ( 'NONE', #1976, #1183 ) ;
#1767 = EDGE_CURVE ( 'NONE', #896, #588, #709, .T. ) ;
#1768 = AXIS2_PLACEMENT_3D ( 'NONE', #863, #836, #1366 ) ;
#1769 = CARTESIAN_POINT ( 'NONE',  ( 2.250000000000000000, 0.3500000000000000333, 0.0000000000000000000 ) ) ;
#1770 = VERTEX_POINT ( 'NONE', #1411 ) ;
#1771 = DIRECTION ( 'NONE',  ( 1.000000000000000000, 0.0000000000000000000, 0.0000000000000000000 ) ) ;
#1772 = AXIS2_PLACEMENT_3D ( 'NONE', #866, #1576, #1907 ) ;
#1773 = AXIS2_PLACEMENT_3D ( 'NONE', #1558, #380, #528 ) ;
#1774 = EDGE_LOOP ( 'NONE', ( #1163, #1567, #461, #1891, #1666 ) ) ;
#1775 = ORIENTED_EDGE ( 'NONE', *, *, #2024, .F. ) ;
#1776 = CYLINDRICAL_SURFACE ( 'NONE', #1662, 1.250000000000000000 ) ;
#1777 = CIRCLE ( 'NONE', #674, 1.500000000000000444 ) ;
#1778 = LINE ( 'NONE', #1393, #31 ) ;
#1779 = AXIS2_PLACEMENT_3D ( 'NONE', #1794, #260, #447 ) ;
#1780 = CARTESIAN_POINT ( 'NONE',  ( -5.199999999999999289, -6.390000000000000568, -0.2999999999999999334 ) ) ;
#1781 = CARTESIAN_POINT ( 'NONE',  ( -1.479729949607610173, -3.829729949607608042, -2.250000000000000000 ) ) ;
#1782 = APPROVAL_PERSON_ORGANIZATION ( #1088, #2195, #1617 ) ;
#1783 = VERTEX_POINT ( 'NONE', #1966 ) ;
#1784 = CYLINDRICAL_SURFACE ( 'NONE', #245, 2.000000000000000000 ) ;
#1785 = CYLINDRICAL_SURFACE ( 'NONE', #1634, 0.2999999999999999334 ) ;
#1786 = ORIENTED_EDGE ( 'NONE', *, *, #1052, .T. ) ;
#1787 = EDGE_CURVE ( 'NONE', #624, #967, #1421, .T. ) ;
#1788 = DIRECTION ( 'NONE',  ( -0.1710878697460357922, -0.1710878697460358200, -0.9702875252478136980 ) ) ;
#1789 = DIRECTION ( 'NONE',  ( 1.000000000000000000, 7.228014483236698330E-15, 7.228014483236698330E-15 ) ) ;
#1790 = CARTESIAN_POINT ( 'NONE',  ( 0.8978857980407952688, -1.452114201959205264, -3.369999999999999662 ) ) ;
#1791 = CARTESIAN_POINT ( 'NONE',  ( -1.060845237545859021, -3.706287563449521372, -2.497905546699920709 ) ) ;
#1792 = EDGE_LOOP ( 'NONE', ( #2201, #2168, #1390, #525 ) ) ;
#1793 = DIRECTION ( 'NONE',  ( 7.744301232039320379E-17, 1.000000000000000000, -0.0000000000000000000 ) ) ;
#1794 = CARTESIAN_POINT ( 'NONE',  ( 5.200000000000001066, 6.690000000000000391, -0.2999999999999999334 ) ) ;
#1795 = ADVANCED_FACE ( 'NONE', ( #697 ), #1924, .T. ) ;
#1796 = VERTEX_POINT ( 'NONE', #688 ) ;
#1797 = CARTESIAN_POINT ( 'NONE',  ( -4.249999999999999112, 0.3499999999999864886, 0.2999999999999999334 ) ) ;
#1798 = CARTESIAN_POINT ( 'NONE',  ( -1.328694160289541459, -3.569107605628286439, -2.477413564317747063 ) ) ;
#1799 = ADVANCED_FACE ( 'NONE', ( #872 ), #2127, .T. ) ;
#1800 = DIRECTION ( 'NONE',  ( -1.000000000000000000, -0.0000000000000000000, -0.0000000000000000000 ) ) ;
#1801 = DIRECTION ( 'NONE',  ( -1.000000000000000000, 0.0000000000000000000, 0.0000000000000000000 ) ) ;
#1802 = ORIENTED_EDGE ( 'NONE', *, *, #738, .T. ) ;
#1803 = DIRECTION ( 'NONE',  ( 0.0000000000000000000, 1.000000000000000000, 0.0000000000000000000 ) ) ;
#1804 = DIRECTION ( 'NONE',  ( 0.0000000000000000000, 0.0000000000000000000, 1.000000000000000000 ) ) ;
#1805 = ORIENTED_EDGE ( 'NONE', *, *, #710, .F. ) ;
#1806 = ORIENTED_EDGE ( 'NONE', *, *, #2042, .T. ) ;
#1807 = DIRECTION ( 'NONE',  ( -1.000000000000000000, 0.0000000000000000000, 0.0000000000000000000 ) ) ;
#1808 = APPROVAL ( #1683, 'UNSPECIFIED' ) ;
#1809 = CIRCLE ( 'NONE', #203, 2.299999999999998934 ) ;
#1810 = CALENDAR_DATE ( 2021, 12, 3 ) ;
#1811 = CARTESIAN_POINT ( 'NONE',  ( 0.0000000000000000000, 0.0000000000000000000, -2.250000000000000000 ) ) ;
#1812 = CIRCLE ( 'NONE', #1735, 0.2999999999999999334 ) ;
#1813 = EDGE_CURVE ( 'NONE', #796, #394, #1055, .T. ) ;
#1814 = ORIENTED_EDGE ( 'NONE', *, *, #2235, .T. ) ;
#1815 = CIRCLE ( 'NONE', #2003, 0.2999999999999999334 ) ;
#1816 =( BOUNDED_CURVE ( )  B_SPLINE_CURVE ( 3, ( #676, #1204, #271, #1879 ),
 .UNSPECIFIED., .F., .F. ) 
 B_SPLINE_CURVE_WITH_KNOTS ( ( 4, 4 ),
 ( 5.512866274278617418, 6.283185307179586232 ),
 .UNSPECIFIED. ) 
 CURVE ( )  GEOMETRIC_REPRESENTATION_ITEM ( )  RATIONAL_B_SPLINE_CURVE ( ( 1.000000000000000000, 0.9511590086810493005, 0.9511590086810493005, 1.000000000000000000 ) ) 
 REPRESENTATION_ITEM ( '' )  );
#1817 = CIRCLE ( 'NONE', #2005, 0.2999999999999999334 ) ;
#1818 = DIRECTION ( 'NONE',  ( 0.0000000000000000000, -1.000000000000000000, 0.0000000000000000000 ) ) ;
#1819 = VERTEX_POINT ( 'NONE', #366 ) ;
#1820 = VERTEX_POINT ( 'NONE', #1241 ) ;
#1821 = LINE ( 'NONE', #585, #781 ) ;
#1822 = CARTESIAN_POINT ( 'NONE',  ( 1.479729949607609507, -3.829729949607609374, -2.250000000000000000 ) ) ;
#1823 = DIRECTION ( 'NONE',  ( 0.0000000000000000000, 0.0000000000000000000, -1.000000000000000000 ) ) ;
#1824 = DIRECTION ( 'NONE',  ( 0.1710878697460360143, -0.1710878697460360143, 0.9702875252478139201 ) ) ;
#1825 = ADVANCED_FACE ( 'NONE', ( #1216 ), #1785, .T. ) ;
#1826 = VERTEX_POINT ( 'NONE', #194 ) ;
#1827 = EDGE_CURVE ( 'NONE', #2110, #1680, #1938, .T. ) ;
#1828 = DIRECTION ( 'NONE',  ( -0.0000000000000000000, 1.000000000000000000, -0.0000000000000000000 ) ) ;
#1829 = ORIENTED_EDGE ( 'NONE', *, *, #686, .F. ) ;
#1830 = ORIENTED_EDGE ( 'NONE', *, *, #1968, .T. ) ;
#1831 = VERTEX_POINT ( 'NONE', #1269 ) ;
#1832 = CARTESIAN_POINT ( 'NONE',  ( -1.408647909804100040, -1.236794416099562532, -2.200955266350312911 ) ) ;
#1833 = CARTESIAN_POINT ( 'NONE',  ( -0.8978857980407949357, -1.452114201959205264, -3.369999999999999662 ) ) ;
#1834 = CARTESIAN_POINT ( 'NONE',  ( -5.199999999999999289, 6.690000000000000391, -0.2999999999999999334 ) ) ;
#1835 = ORIENTED_EDGE ( 'NONE', *, *, #811, .F. ) ;
#1836 = EDGE_CURVE ( 'NONE', #1981, #1140, #1410, .T. ) ;
#1837 = LINE ( 'NONE', #1327, #140 ) ;
#1838 = ORIENTED_EDGE ( 'NONE', *, *, #115, .T. ) ;
#1839 = ORIENTED_EDGE ( 'NONE', *, *, #2152, .F. ) ;
#1840 = CARTESIAN_POINT ( 'NONE',  ( -5.499999999999999112, 5.118980322693462703, -2.144117647058823461 ) ) ;
#1841 = ADVANCED_FACE ( 'NONE', ( #390 ), #931, .T. ) ;
#1842 = ORIENTED_EDGE ( 'NONE', *, *, #361, .F. ) ;
#1843 = CARTESIAN_POINT ( 'NONE',  ( -1.060845237545858577, -0.6982701106468164332, -2.250000000000000000 ) ) ;
#1844 = AXIS2_PLACEMENT_3D ( 'NONE', #1928, #365, #421 ) ;
#1845 = DATE_AND_TIME ( #1145, #789 ) ;
#1846 = CARTESIAN_POINT ( 'NONE',  ( -0.8978857980407950468, -3.543328123944457619, -3.422094453300078776 ) ) ;
#1847 = AXIS2_PLACEMENT_3D ( 'NONE', #553, #1934, #381 ) ;
#1848 = CARTESIAN_POINT ( 'NONE',  ( 5.200000000000001066, 5.440000000000000391, -0.2999999999999999334 ) ) ;
#1849 = AXIS2_PLACEMENT_3D ( 'NONE', #1488, #617, #1122 ) ;
#1850 = VERTEX_POINT ( 'NONE', #1733 ) ;
#1851 = CIRCLE ( 'NONE', #930, 0.2999999999999999334 ) ;
#1852 = CARTESIAN_POINT ( 'NONE',  ( -2.249999999999984013, -2.350000000000000089, 1.499999999999998668 ) ) ;
#1853 = ORIENTED_EDGE ( 'NONE', *, *, #1426, .F. ) ;
#1854 = ORIENTED_EDGE ( 'NONE', *, *, #361, .T. ) ;
#1855 = CIRCLE ( 'NONE', #971, 0.2999999999999999334 ) ;
#1856 = EDGE_CURVE ( 'NONE', #796, #1653, #1373, .T. ) ;
#1857 = ORIENTED_EDGE ( 'NONE', *, *, #1724, .T. ) ;
#1858 = CARTESIAN_POINT ( 'NONE',  ( -1.379756377368659637, -1.101756317390492068, -2.250000000000000000 ) ) ;
#1859 = SHAPE_DEFINITION_REPRESENTATION ( #1220, #478 ) ;
#1860 = CARTESIAN_POINT ( 'NONE',  ( 1.591452572179867353, -3.718007327035351750, -2.250000000000000000 ) ) ;
#1861 = CARTESIAN_POINT ( 'NONE',  ( 1.479729949607610395, -0.8702700503923918030, -2.250000000000000000 ) ) ;
#1862 = VERTEX_POINT ( 'NONE', #2 ) ;
#1863 = CARTESIAN_POINT ( 'NONE',  ( -5.199999999999999289, -6.390000000000000568, -1.949999999999999956 ) ) ;
#1864 = ORIENTED_EDGE ( 'NONE', *, *, #2183, .F. ) ;
#1865 = CARTESIAN_POINT ( 'NONE',  ( -1.479729949607607509, -0.8702700503923901376, -2.250000000000000000 ) ) ;
#1866 = EDGE_CURVE ( 'NONE', #1496, #950, #1389, .T. ) ;
#1867 = CARTESIAN_POINT ( 'NONE',  ( 1.651729889353183767, -3.571209329981697600, -2.250000000000000000 ) ) ;
#1868 = EDGE_CURVE ( 'NONE', #1270, #1496, #1837, .T. ) ;
#1869 = CARTESIAN_POINT ( 'NONE',  ( 0.0000000000000000000, -6.390000000000000568, 0.0000000000000000000 ) ) ;
#1870 = EDGE_LOOP ( 'NONE', ( #1199, #278, #849, #1318, #125, #1245, #810, #1128, #953, #14, #625, #50 ) ) ;
#1871 = DIRECTION ( 'NONE',  ( 1.000000000000000000, 0.0000000000000000000, 0.0000000000000000000 ) ) ;
#1872 = ORIENTED_EDGE ( 'NONE', *, *, #1737, .F. ) ;
#1873 = ORIENTED_EDGE ( 'NONE', *, *, #486, .T. ) ;
#1874 = DIRECTION ( 'NONE',  ( 0.0000000000000000000, 1.000000000000000000, 0.0000000000000000000 ) ) ;
#1875 = CARTESIAN_POINT ( 'NONE',  ( -4.249999999999999112, -0.3499999999999857669, 0.2999999999999999334 ) ) ;
#1876 = CARTESIAN_POINT ( 'NONE',  ( 1.218121302440367204, -0.6982701108209929952, -2.250000000000000000 ) ) ;
#1877 = ORIENTED_EDGE ( 'NONE', *, *, #526, .F. ) ;
#1878 = EDGE_CURVE ( 'NONE', #142, #1302, #1706, .T. ) ;
#1879 = CARTESIAN_POINT ( 'NONE',  ( -1.273900882966575887, -1.076099117033423980, -2.477413564274289826 ) ) ;
#1880 = AXIS2_PLACEMENT_3D ( 'NONE', #701, #1405, #541 ) ;
#1881 = CARTESIAN_POINT ( 'NONE',  ( 0.0000000000000000000, -3.247885798040795358, -3.369999999999999662 ) ) ;
#1882 = AXIS2_PLACEMENT_3D ( 'NONE', #685, #1655, #780 ) ;
#1883 = CARTESIAN_POINT ( 'NONE',  ( 4.250000000000000000, -0.3500000000000000333, 2.000000000000000000 ) ) ;
#1884 = ORIENTED_EDGE ( 'NONE', *, *, #211, .F. ) ;
#1885 = CARTESIAN_POINT ( 'NONE',  ( 1.149615687393979346, -3.543328123944457619, -3.422094453300078776 ) ) ;
#1886 = AXIS2_PLACEMENT_3D ( 'NONE', #1100, #1298, #240 ) ;
#1887 =( BOUNDED_CURVE ( )  B_SPLINE_CURVE ( 3, ( #1356, #1554, #2049, #1904 ),
 .UNSPECIFIED., .F., .T. ) 
 B_SPLINE_CURVE_WITH_KNOTS ( ( 4, 4 ),
 ( 5.512866274278616530, 6.283185307179586232 ),
 .UNSPECIFIED. ) 
 CURVE ( )  GEOMETRIC_REPRESENTATION_ITEM ( )  RATIONAL_B_SPLINE_CURVE ( ( 1.000000000000000000, 0.9511590086810493005, 0.9511590086810493005, 1.000000000000000000 ) ) 
 REPRESENTATION_ITEM ( '' )  );
#1888 = CARTESIAN_POINT ( 'NONE',  ( -2.249999999999999112, -0.3500000000000000333, 1.499999999999998446 ) ) ;
#1889 = CARTESIAN_POINT ( 'NONE',  ( -1.651729889353183101, -1.128790670018303244, -2.250000000000000000 ) ) ;
#1890 = LINE ( 'NONE', #975, #1230 ) ;
#1891 = ORIENTED_EDGE ( 'NONE', *, *, #554, .T. ) ;
#1892 = CARTESIAN_POINT ( 'NONE',  ( -3.750000000000000444, 0.3500000000000000333, 2.000000000000000000 ) ) ;
#1893 = EDGE_CURVE ( 'NONE', #1820, #584, #61, .T. ) ;
#1894 = CARTESIAN_POINT ( 'NONE',  ( 1.651729889353183989, -3.410845237545858666, -2.250000000000000000 ) ) ;
#1895 = DESIGN_CONTEXT ( 'detailed design', #1530, 'design' ) ;
#1896 = DIRECTION ( 'NONE',  ( -1.000000000000000000, 0.0000000000000000000, 0.0000000000000000000 ) ) ;
#1897 = VERTEX_POINT ( 'NONE', #1636 ) ;
#1898 = LINE ( 'NONE', #334, #2179 ) ;
#1899 = CARTESIAN_POINT ( 'NONE',  ( 5.500000000000000888, 5.118980322693462703, -2.144117647058823906 ) ) ;
#1900 = CARTESIAN_POINT ( 'NONE',  ( 5.200000000000001066, -6.390000000000000568, -2.250000000000000000 ) ) ;
#1901 = DIRECTION ( 'NONE',  ( -0.1710878697460358200, -0.1710878697460357922, 0.9702875252478136980 ) ) ;
#1902 = CARTESIAN_POINT ( 'NONE',  ( 2.249999999999984901, -2.350000000000000089, 0.2999999999999999334 ) ) ;
#1903 = ADVANCED_FACE ( 'NONE', ( #948 ), #1988, .T. ) ;
#1904 = CARTESIAN_POINT ( 'NONE',  ( 1.479729949607609507, -0.8702700503923910258, -2.250000000000000000 ) ) ;
#1905 = ORIENTED_EDGE ( 'NONE', *, *, #389, .F. ) ;
#1906 = ADVANCED_FACE ( 'NONE', ( #961 ), #1652, .T. ) ;
#1907 = DIRECTION ( 'NONE',  ( 1.000000000000000000, 0.0000000000000000000, 0.0000000000000000000 ) ) ;
#1908 = CARTESIAN_POINT ( 'NONE',  ( 0.8978857980407953798, -1.452114201959205264, -3.369999999999999662 ) ) ;
#1909 = CARTESIAN_POINT ( 'NONE',  ( 4.549999999999999822, -0.3500000000000000333, 0.0000000000000000000 ) ) ;
#1910 = DIRECTION ( 'NONE',  ( -1.000000000000000000, 0.0000000000000000000, 0.0000000000000000000 ) ) ;
#1911 =( BOUNDED_SURFACE ( )  B_SPLINE_SURFACE ( 3, 2, ( 
 ( #1147, #991, #2239 ),
 ( #2217, #660, #1876 ),
 ( #1192, #2249, #1333 ),
 ( #1694, #672, #1861 ) ),
 .UNSPECIFIED., .F., .F., .T. ) 
 B_SPLINE_SURFACE_WITH_KNOTS ( ( 4, 4 ),
 ( 3, 3 ),
 ( 5.512866274278616530, 6.283185307179586232 ),
 ( 0.0000000000000000000, 1.000000000000000000 ),
 .UNSPECIFIED. ) 
 GEOMETRIC_REPRESENTATION_ITEM ( )  RATIONAL_B_SPLINE_SURFACE ( (
 ( 1.000000000000000000, 0.7660444431189782355, 1.000000000000000000),
 ( 1.000000000000000000, 0.7802206570544069075, 1.000000000000000000),
 ( 1.000000000000000000, 0.7880782858874841867, 1.000000000000000000),
 ( 1.000000000000000000, 0.7880211880883551956, 1.000000000000000000) ) ) 
 REPRESENTATION_ITEM ( '' )  SURFACE ( )  );
#1912 = CARTESIAN_POINT ( 'NONE',  ( -1.399999999999999689, -0.9500000000000002887, -2.250000000000000000 ) ) ;
#1913 = AXIS2_PLACEMENT_3D ( 'NONE', #1092, #1265, #579 ) ;
#1914 = CARTESIAN_POINT ( 'NONE',  ( 2.249999999999985345, 2.350000000000000089, 0.2999999999999999334 ) ) ;
#1915 = VECTOR ( 'NONE', #629, 1000.000000000000000 ) ;
#1916 = CC_DESIGN_PERSON_AND_ORGANIZATION_ASSIGNMENT ( #1984, #230, ( #496 ) ) ;
#1917 = DIRECTION ( 'NONE',  ( -1.000000000000000000, 0.0000000000000000000, 0.0000000000000000000 ) ) ;
#1918 = ORIENTED_EDGE ( 'NONE', *, *, #619, .F. ) ;
#1919 = CONICAL_SURFACE ( 'NONE', #1402, 1.500000000000000444, 0.7853981633974465026 ) ;
#1920 = CIRCLE ( 'NONE', #2221, 0.2999999999999999334 ) ;
#1921 = EDGE_CURVE ( 'NONE', #1750, #949, #234, .T. ) ;
#1922 = CARTESIAN_POINT ( 'NONE',  ( -1.273900882966576331, -3.623900882966576198, -2.477413564274289826 ) ) ;
#1923 = DIRECTION ( 'NONE',  ( 0.9848077530122079093, 0.0000000000000000000, 0.1736481776669307753 ) ) ;
#1924 = CONICAL_SURFACE ( 'NONE', #1484, 1.499999999999999556, 0.7853981633974465026 ) ;
#1925 = AXIS2_PLACEMENT_3D ( 'NONE', #792, #916, #767 ) ;
#1926 = LINE ( 'NONE', #34, #1149 ) ;
#1927 = PLANE ( 'NONE',  #2186 ) ;
#1928 = CARTESIAN_POINT ( 'NONE',  ( -2.249999999999999112, -0.3500000000000000333, 2.000000000000000000 ) ) ;
#1929 = DIRECTION ( 'NONE',  ( -1.000000000000000000, 0.0000000000000000000, 0.0000000000000000000 ) ) ;
#1930 = VERTEX_POINT ( 'NONE', #1458 ) ;
#1931 = EDGE_LOOP ( 'NONE', ( #613, #1289, #1480, #681 ) ) ;
#1932 = DIRECTION ( 'NONE',  ( -0.7071067811865460184, 5.059868275055132141E-15, -0.7071067811865489050 ) ) ;
#1933 = ADVANCED_FACE ( 'NONE', ( #94 ), #2025, .F. ) ;
#1934 = DIRECTION ( 'NONE',  ( 0.0000000000000000000, 0.0000000000000000000, 1.000000000000000000 ) ) ;
#1935 = EDGE_CURVE ( 'NONE', #1653, #13, #1741, .T. ) ;
#1936 = CARTESIAN_POINT ( 'NONE',  ( -1.141816554575189491, -3.708590276797768759, -2.484846210352214424 ) ) ;
#1937 = DIRECTION ( 'NONE',  ( -0.0000000000000000000, -0.0000000000000000000, -1.000000000000000000 ) ) ;
#1938 = LINE ( 'NONE', #905, #2036 ) ;
#1939 = ORIENTED_EDGE ( 'NONE', *, *, #1336, .F. ) ;
#1940 = SPHERICAL_SURFACE ( 'NONE', #1738, 0.2999999999999999889 ) ;
#1941 = VERTEX_POINT ( 'NONE', #423 ) ;
#1942 = DIRECTION ( 'NONE',  ( 1.000000000000000000, -0.0000000000000000000, -0.0000000000000000000 ) ) ;
#1943 = ORIENTED_EDGE ( 'NONE', *, *, #1856, .F. ) ;
#1944 = DIRECTION ( 'NONE',  ( 0.0000000000000000000, 1.000000000000000000, 0.0000000000000000000 ) ) ;
#1945 = DIRECTION ( 'NONE',  ( -0.0000000000000000000, 1.000000000000000000, -0.0000000000000000000 ) ) ;
#1946 = CARTESIAN_POINT ( 'NONE',  ( -5.499999999999999112, -6.390000000000000568, -0.2999999999999999334 ) ) ;
#1947 = CARTESIAN_POINT ( 'NONE',  ( -1.370166355346575049, -3.939293543607212289, -2.250000000000000000 ) ) ;
#1948 = EDGE_CURVE ( 'NONE', #974, #2178, #1117, .T. ) ;
#1949 = CYLINDRICAL_SURFACE ( 'NONE', #1913, 3.000000000000000888 ) ;
#1950 = DIRECTION ( 'NONE',  ( -1.000000000000000000, 0.0000000000000000000, 0.0000000000000000000 ) ) ;
#1951 = VERTEX_POINT ( 'NONE', #1130 ) ;
#1952 = AXIS2_PLACEMENT_3D ( 'NONE', #18, #373, #1910 ) ;
#1953 = CIRCLE ( 'NONE', #1260, 0.9500000000000000666 ) ;
#1954 = ORIENTED_EDGE ( 'NONE', *, *, #389, .T. ) ;
#1955 = CARTESIAN_POINT ( 'NONE',  ( -5.199999999999999289, -6.390000000000000568, -1.949999999999999956 ) ) ;
#1956 = DIRECTION ( 'NONE',  ( 0.0000000000000000000, 0.0000000000000000000, -1.000000000000000000 ) ) ;
#1957 = VECTOR ( 'NONE', #694, 1000.000000000000000 ) ;
#1958 = DATE_TIME_ROLE ( 'creation_date' ) ;
#1959 = CIRCLE ( 'NONE', #640, 1.499999999999999556 ) ;
#1960 = CARTESIAN_POINT ( 'NONE',  ( 5.200000000000001066, 4.003859338365490572, -2.250000000000000000 ) ) ;
#1961 = FACE_OUTER_BOUND ( 'NONE', #946, .T. ) ;
#1962 = AXIS2_PLACEMENT_3D ( 'NONE', #1977, #410, #1804 ) ;
#1963 = ORIENTED_EDGE ( 'NONE', *, *, #1670, .F. ) ;
#1964 = FACE_OUTER_BOUND ( 'NONE', #2202, .T. ) ;
#1965 = EDGE_CURVE ( 'NONE', #1363, #13, #605, .T. ) ;
#1966 = CARTESIAN_POINT ( 'NONE',  ( -5.499999999999999112, 4.003859338365490572, -1.949999999999999956 ) ) ;
#1967 = ORIENTED_EDGE ( 'NONE', *, *, #1024, .F. ) ;
#1968 = EDGE_CURVE ( 'NONE', #1510, #2157, #1288, .T. ) ;
#1969 = ORIENTED_EDGE ( 'NONE', *, *, #1094, .F. ) ;
#1970 = CARTESIAN_POINT ( 'NONE',  ( 0.0000000000000000000, -0.6982701106468164332, -2.250000000000000000 ) ) ;
#1971 = CARTESIAN_POINT ( 'NONE',  ( -1.193328123944457531, -3.499615687393978991, -3.422094453300078776 ) ) ;
#1972 = CARTESIAN_POINT ( 'NONE',  ( -5.199999999999999289, 5.118980322693462703, -2.144117647058823461 ) ) ;
#1973 = CARTESIAN_POINT ( 'NONE',  ( 5.200000000000001066, -6.390000000000000568, -1.949999999999999956 ) ) ;
#1974 = CARTESIAN_POINT ( 'NONE',  ( 1.143374297183334276, -3.708634576869077826, -2.484594972163193916 ) ) ;
#1975 = EDGE_LOOP ( 'NONE', ( #152, #1829, #236, #940 ) ) ;
#1976 = CARTESIAN_POINT ( 'NONE',  ( 2.249999999999984901, 2.649999999999999911, 0.0000000000000000000 ) ) ;
#1977 = CARTESIAN_POINT ( 'NONE',  ( -5.199999999999999289, 5.440000000000000391, -0.2999999999999999334 ) ) ;
#1978 = EDGE_CURVE ( 'NONE', #324, #1831, #173, .T. ) ;
#1979 = ORIENTED_EDGE ( 'NONE', *, *, #993, .F. ) ;
#1980 = ADVANCED_FACE ( 'NONE', ( #1467 ), #2174, .T. ) ;
#1981 = VERTEX_POINT ( 'NONE', #581 ) ;
#1982 = CARTESIAN_POINT ( 'NONE',  ( -2.249999999999999112, -0.3500000000000000333, 2.000000000000000000 ) ) ;
#1983 = CARTESIAN_POINT ( 'NONE',  ( 4.250000000000000000, 0.3499999999999853229, 0.2999999999999999334 ) ) ;
#1984 = PERSON_AND_ORGANIZATION ( #774, #1448 ) ;
#1985 = CARTESIAN_POINT ( 'NONE',  ( 1.326688944116237945, -3.381246618212574440, -2.665767658410556518 ) ) ;
#1986 = ORIENTED_EDGE ( 'NONE', *, *, #1582, .T. ) ;
#1987 = DIRECTION ( 'NONE',  ( 7.047314121155781188E-15, -1.000000000000000000, 0.0000000000000000000 ) ) ;
#1988 = CYLINDRICAL_SURFACE ( 'NONE', #27, 2.000000000000000000 ) ;
#1989 = VERTEX_POINT ( 'NONE', #623 ) ;
#1990 = ORIENTED_EDGE ( 'NONE', *, *, #473, .T. ) ;
#1991 = ORIENTED_EDGE ( 'NONE', *, *, #696, .T. ) ;
#1992 = AXIS2_PLACEMENT_3D ( 'NONE', #1596, #1754, #200 ) ;
#1993 = DIRECTION ( 'NONE',  ( 0.1710878697460360143, 0.1710878697460360698, 0.9702875252478139201 ) ) ;
#1994 = FACE_OUTER_BOUND ( 'NONE', #1271, .T. ) ;
#1995 = EDGE_CURVE ( 'NONE', #621, #616, #713, .T. ) ;
#1996 = AXIS2_PLACEMENT_3D ( 'NONE', #2097, #1201, #1416 ) ;
#1997 = DIRECTION ( 'NONE',  ( 0.0000000000000000000, -0.9411764705882351700, 0.3379154497963552384 ) ) ;
#1998 = DIRECTION ( 'NONE',  ( 1.000000000000000000, 0.0000000000000000000, 0.0000000000000000000 ) ) ;
#1999 = CIRCLE ( 'NONE', #25, 0.2999999999999999334 ) ;
#2000 = EDGE_CURVE ( 'NONE', #1667, #1680, #1707, .T. ) ;
#2001 = AXIS2_PLACEMENT_3D ( 'NONE', #1232, #377, #895 ) ;
#2002 = ORIENTED_EDGE ( 'NONE', *, *, #1267, .T. ) ;
#2003 = AXIS2_PLACEMENT_3D ( 'NONE', #1863, #848, #1523 ) ;
#2004 = MANIFOLD_SOLID_BREP ( 'Скругление3', #2065 ) ;
#2005 = AXIS2_PLACEMENT_3D ( 'NONE', #1346, #1361, #1718 ) ;
#2006 = CARTESIAN_POINT ( 'NONE',  ( 1.651729889353184211, -1.289154762454141290, -2.549999999999999822 ) ) ;
#2007 = ORIENTED_EDGE ( 'NONE', *, *, #502, .T. ) ;
#2008 = VERTEX_POINT ( 'NONE', #246 ) ;
#2009 = DIRECTION ( 'NONE',  ( 1.274493970346186484E-16, -1.000000000000000000, 7.228014483236698528E-16 ) ) ;
#2010 = DIRECTION ( 'NONE',  ( 7.744301232039320379E-17, 1.000000000000000000, 0.0000000000000000000 ) ) ;
#2011 = DATE_AND_TIME ( #1810, #470 ) ;
#2012 = EDGE_CURVE ( 'NONE', #1334, #1270, #1376, .T. ) ;
#2013 = VERTEX_POINT ( 'NONE', #2081 ) ;
#2014 = EDGE_CURVE ( 'NONE', #1783, #976, #1890, .T. ) ;
#2015 = DIRECTION ( 'NONE',  ( -1.000000000000000000, 0.0000000000000000000, 0.0000000000000000000 ) ) ;
#2016 = EDGE_LOOP ( 'NONE', ( #1018, #291, #803 ) ) ;
#2017 = EDGE_LOOP ( 'NONE', ( #793, #1725, #2034, #1990 ) ) ;
#2018 = CARTESIAN_POINT ( 'NONE',  ( 1.400000000000000133, -0.6982701106468164332, -2.549999999999999822 ) ) ;
#2019 = ORIENTED_EDGE ( 'NONE', *, *, #2133, .T. ) ;
#2020 = DIRECTION ( 'NONE',  ( 0.0000000000000000000, 0.0000000000000000000, -1.000000000000000000 ) ) ;
#2021 = CARTESIAN_POINT ( 'NONE',  ( 1.651729889353184211, -1.289154762454141290, -2.250000000000000000 ) ) ;
#2022 = DIRECTION ( 'NONE',  ( -1.000000000000000000, 0.0000000000000000000, 0.0000000000000000000 ) ) ;
#2023 = ORIENTED_EDGE ( 'NONE', *, *, #150, .F. ) ;
#2024 = EDGE_CURVE ( 'NONE', #830, #632, #1203, .T. ) ;
#2025 = PLANE ( 'NONE',  #894 ) ;
#2026 = ORIENTED_EDGE ( 'NONE', *, *, #1673, .F. ) ;
#2027 = VERTEX_POINT ( 'NONE', #844 ) ;
#2028 = ORIENTED_EDGE ( 'NONE', *, *, #1417, .T. ) ;
#2029 = CARTESIAN_POINT ( 'NONE',  ( -1.358590276797765339, -1.208183445424801494, -2.484846210352230411 ) ) ;
#2030 = CARTESIAN_POINT ( 'NONE',  ( 1.273900882966576775, -3.623900882966576198, -2.477413564274289826 ) ) ;
#2031 = CIRCLE ( 'NONE', #2141, 1.250000000000000000 ) ;
#2032 = DIRECTION ( 'NONE',  ( 0.0000000000000000000, -1.000000000000000000, 0.0000000000000000000 ) ) ;
#2033 = AXIS2_PLACEMENT_3D ( 'NONE', #853, #1739, #1557 ) ;
#2034 = ORIENTED_EDGE ( 'NONE', *, *, #1490, .T. ) ;
#2035 = AXIS2_PLACEMENT_3D ( 'NONE', #1273, #90, #2145 ) ;
#2036 = VECTOR ( 'NONE', #1066, 1000.000000000000000 ) ;
#2037 = EDGE_LOOP ( 'NONE', ( #1148, #1679, #1422, #1466 ) ) ;
#2038 = EDGE_CURVE ( 'NONE', #967, #621, #337, .T. ) ;
#2039 = CIRCLE ( 'NONE', #1307, 0.9500000000000000666 ) ;
#2040 = DIRECTION ( 'NONE',  ( -0.7071067811865463515, 0.0000000000000000000, 0.7071067811865487940 ) ) ;
#2041 = ORIENTED_EDGE ( 'NONE', *, *, #633, .T. ) ;
#2042 = EDGE_CURVE ( 'NONE', #1315, #1603, #168, .T. ) ;
#2043 = CARTESIAN_POINT ( 'NONE',  ( -1.328694160289539017, -1.130892394371710186, -2.477413564317741290 ) ) ;
#2044 = PERSON_AND_ORGANIZATION ( #774, #1448 ) ;
#2045 = CARTESIAN_POINT ( 'NONE',  ( 0.8978857980407951578, -3.247885798040795358, -3.669999999999999485 ) ) ;
#2046 = CARTESIAN_POINT ( 'NONE',  ( 1.358590276797766894, -1.208183445424806823, -2.484846210352226414 ) ) ;
#2047 = ORIENTED_EDGE ( 'NONE', *, *, #1948, .F. ) ;
#2048 = VERTEX_POINT ( 'NONE', #1678 ) ;
#2049 = CARTESIAN_POINT ( 'NONE',  ( 1.368007327035351439, -0.7585474278201329579, -2.250000000000000000 ) ) ;
#2050 = VERTEX_POINT ( 'NONE', #147 ) ;
#2051 = CARTESIAN_POINT ( 'NONE',  ( -1.368007327035350551, -0.7585474278201331799, -2.250000000000000000 ) ) ;
#2052 =( BOUNDED_SURFACE ( )  B_SPLINE_SURFACE ( 3, 2, ( 
 ( #1099, #2181, #955 ),
 ( #1798, #416, #943 ),
 ( #1464, #238, #1659 ),
 ( #442, #1626, #1135 ) ),
 .UNSPECIFIED., .F., .F., .T. ) 
 B_SPLINE_SURFACE_WITH_KNOTS ( ( 4, 4 ),
 ( 3, 3 ),
 ( 0.0000000000000000000, 0.7703190329009710346 ),
 ( 0.0000000000000000000, 1.000000000000000000 ),
 .UNSPECIFIED. ) 
 GEOMETRIC_REPRESENTATION_ITEM ( )  RATIONAL_B_SPLINE_SURFACE ( (
 ( 1.000000000000000000, 0.7880211880883556397, 1.000000000000000000),
 ( 1.000000000000000000, 0.7880782858874832986, 1.000000000000000000),
 ( 1.000000000000000000, 0.7802206570544070185, 1.000000000000000000),
 ( 1.000000000000000000, 0.7660444431189780135, 1.000000000000000000) ) ) 
 REPRESENTATION_ITEM ( '' )  SURFACE ( )  );
#2053 = ADVANCED_FACE ( 'NONE', ( #833 ), #1210, .F. ) ;
#2054 = DIRECTION ( 'NONE',  ( 1.000000000000000000, 0.0000000000000000000, 0.0000000000000000000 ) ) ;
#2055 = CARTESIAN_POINT ( 'NONE',  ( 5.200000000000001066, 5.440000000000000391, 0.0000000000000000000 ) ) ;
#2056 = ORIENTED_EDGE ( 'NONE', *, *, #417, .T. ) ;
#2057 = CARTESIAN_POINT ( 'NONE',  ( -1.218039571680447297, -3.679762194252706120, -2.477413564274290270 ) ) ;
#2058 = CARTESIAN_POINT ( 'NONE',  ( 2.250000000000000000, 1.850000000000000533, 2.000000000000000000 ) ) ;
#2059 = ORIENTED_EDGE ( 'NONE', *, *, #1629, .F. ) ;
#2060 = LINE ( 'NONE', #151, #70 ) ;
#2061 = ORIENTED_EDGE ( 'NONE', *, *, #1657, .T. ) ;
#2062 = CYLINDRICAL_SURFACE ( 'NONE', #1226, 0.2999999999999999334 ) ;
#2063 = CARTESIAN_POINT ( 'NONE',  ( -1.370166355346593257, -0.7607064563927392609, -2.250000000000000000 ) ) ;
#2064 = EDGE_CURVE ( 'NONE', #1831, #1897, #1151, .T. ) ;
#2065 = CLOSED_SHELL ( 'NONE', ( #1154, #1292, #583, #2093, #1191, #1084, #523, #1903, #358, #1563, #782, #1506, #412, #226, #1765, #42, #99, #1795, #1841, #1413, #1349, #879, #372, #725, #205, #1461, #1933, #56, #255, #163, #1548, #343, #983, #1237, #1799, #1560, #1168, #1010, #2177, #1250, #1196, #2197, #1262, #239, #1906, #224, #2123, #2209, #1049, #1980, #670, #1326, #1314, #118, #446, #538, #1742, #800, #1126, #1825, #1109, #1138, #384, #53, #126, #1129, #1021, #1377, #2106, #305, #1012, #1296, #9, #2262, #1386, #2246, #2053, #1518, #1535 ) ) ;
#2066 = CARTESIAN_POINT ( 'NONE',  ( 1.356287563449521505, -1.289154762454141290, -2.497905546699920709 ) ) ;
#2067 = CARTESIAN_POINT ( 'NONE',  ( 1.358590276797765561, -3.491816554575193798, -2.484846210352231743 ) ) ;
#2068 = ORIENTED_EDGE ( 'NONE', *, *, #2238, .F. ) ;
#2069 = VECTOR ( 'NONE', #443, 1000.000000000000000 ) ;
#2070 = EDGE_CURVE ( 'NONE', #2013, #974, #1817, .T. ) ;
#2071 = DIRECTION ( 'NONE',  ( 0.7071067811865490160, 0.0000000000000000000, -0.7071067811865461294 ) ) ;
#2072 = VECTOR ( 'NONE', #1284, 1000.000000000000000 ) ;
#2073 = CARTESIAN_POINT ( 'NONE',  ( -0.8978857980407951578, -3.247885798040795358, -3.369999999999999662 ) ) ;
#2074 = TOROIDAL_SURFACE ( 'NONE', #1002, 0.9500000000000000666, 0.2999999999999999889 ) ;
#2075 = AXIS2_PLACEMENT_3D ( 'NONE', #182, #1053, #1801 ) ;
#2076 = CARTESIAN_POINT ( 'NONE',  ( -5.199999999999999289, 5.017605687754556065, -2.426470588235293935 ) ) ;
#2077 = EDGE_LOOP ( 'NONE', ( #1854, #932, #1494, #1499 ) ) ;
#2078 = APPROVAL_PERSON_ORGANIZATION ( #1512, #1808, #788 ) ;
#2079 = FACE_OUTER_BOUND ( 'NONE', #1281, .T. ) ;
#2080 = EDGE_CURVE ( 'NONE', #689, #1157, #1855, .T. ) ;
#2081 = CARTESIAN_POINT ( 'NONE',  ( 5.200000000000001066, -6.390000000000000568, -2.250000000000000000 ) ) ;
#2082 = DIRECTION ( 'NONE',  ( -1.000000000000000000, 0.0000000000000000000, -0.0000000000000000000 ) ) ;
#2083 = EDGE_CURVE ( 'NONE', #129, #121, #1524, .T. ) ;
#2084 = DIRECTION ( 'NONE',  ( -1.000000000000000000, 0.0000000000000000000, 0.0000000000000000000 ) ) ;
#2085 = DIRECTION ( 'NONE',  ( 0.0000000000000000000, 0.0000000000000000000, -1.000000000000000000 ) ) ;
#2086 = ORIENTED_EDGE ( 'NONE', *, *, #1588, .T. ) ;
#2087 = DIRECTION ( 'NONE',  ( -0.0000000000000000000, -1.000000000000000000, -0.0000000000000000000 ) ) ;
#2088 = DIRECTION ( 'NONE',  ( 0.0000000000000000000, 0.0000000000000000000, 1.000000000000000000 ) ) ;
#2089 = DIRECTION ( 'NONE',  ( -0.0000000000000000000, -0.0000000000000000000, -1.000000000000000000 ) ) ;
#2090 = DIRECTION ( 'NONE',  ( 0.1710878697460357922, -0.1710878697460358200, 0.9702875252478136980 ) ) ;
#2091 = FACE_OUTER_BOUND ( 'NONE', #448, .T. ) ;
#2092 = CARTESIAN_POINT ( 'NONE',  ( -5.199999999999999289, 4.003859338365490572, -2.250000000000000000 ) ) ;
#2093 = ADVANCED_FACE ( 'NONE', ( #306 ), #432, .F. ) ;
#2094 = DIRECTION ( 'NONE',  ( 0.0000000000000000000, 0.0000000000000000000, -1.000000000000000000 ) ) ;
#2095 = ORIENTED_EDGE ( 'NONE', *, *, #115, .F. ) ;
#2096 = CYLINDRICAL_SURFACE ( 'NONE', #2033, 0.2999999999999999334 ) ;
#2097 = CARTESIAN_POINT ( 'NONE',  ( 5.200000000000001066, 0.0000000000000000000, -1.949999999999999956 ) ) ;
#2098 = DIRECTION ( 'NONE',  ( 0.0000000000000000000, -1.000000000000000000, 0.0000000000000000000 ) ) ;
#2099 = DIRECTION ( 'NONE',  ( 1.000000000000000000, 0.0000000000000000000, 0.0000000000000000000 ) ) ;
#2100 = CARTESIAN_POINT ( 'NONE',  ( -1.060845237545859021, -4.001729889353184078, -2.250000000000000000 ) ) ;
#2101 = AXIS2_PLACEMENT_3D ( 'NONE', #589, #1987, #2164 ) ;
#2102 = CIRCLE ( 'NONE', #529, 0.2999999999999999334 ) ;
#2103 = DIRECTION ( 'NONE',  ( 1.000000000000000000, 0.0000000000000000000, 0.0000000000000000000 ) ) ;
#2104 = CIRCLE ( 'NONE', #1257, 0.3000000000000000999 ) ;
#2105 = DIRECTION ( 'NONE',  ( -7.744301232039320379E-17, -1.000000000000000000, -0.0000000000000000000 ) ) ;
#2106 = ADVANCED_FACE ( 'NONE', ( #454 ), #1911, .F. ) ;
#2107 = ORIENTED_EDGE ( 'NONE', *, *, #1158, .T. ) ;
#2108 = VECTOR ( 'NONE', #1788, 1000.000000000000227 ) ;
#2109 = EDGE_CURVE ( 'NONE', #235, #2110, #1009, .T. ) ;
#2110 = VERTEX_POINT ( 'NONE', #2055 ) ;
#2111 = DIRECTION ( 'NONE',  ( -0.7071067811865475727, -0.7071067811865475727, 0.0000000000000000000 ) ) ;
#2112 = DIRECTION ( 'NONE',  ( 0.0000000000000000000, 1.000000000000000000, 0.0000000000000000000 ) ) ;
#2113 = CIRCLE ( 'NONE', #2001, 1.250000000000000000 ) ;
#2114 = VECTOR ( 'NONE', #2230, 999.9999999999998863 ) ;
#2115 = CARTESIAN_POINT ( 'NONE',  ( 1.400000000000000133, -0.9500000000000002887, -2.250000000000000000 ) ) ;
#2116 = CARTESIAN_POINT ( 'NONE',  ( 5.500000000000000888, -6.390000000000000568, -2.250000000000000000 ) ) ;
#2117 = CARTESIAN_POINT ( 'NONE',  ( 1.356287563449521505, -3.410845237545858666, -2.497905546699920709 ) ) ;
#2118 = DIRECTION ( 'NONE',  ( -1.000000000000000000, 0.0000000000000000000, 0.0000000000000000000 ) ) ;
#2119 = ORIENTED_EDGE ( 'NONE', *, *, #1429, .F. ) ;
#2120 = EDGE_LOOP ( 'NONE', ( #539, #262, #1347, #1338 ) ) ;
#2121 = LINE ( 'NONE', #370, #744 ) ;
#2122 = DIRECTION ( 'NONE',  ( 0.0000000000000000000, 0.0000000000000000000, 1.000000000000000000 ) ) ;
#2123 = ADVANCED_FACE ( 'NONE', ( #135 ), #973, .T. ) ;
#2124 = CARTESIAN_POINT ( 'NONE',  ( -2.249999999999983125, -2.649999999999999911, 0.2999999999999999889 ) ) ;
#2125 = DIRECTION ( 'NONE',  ( -0.0000000000000000000, -0.0000000000000000000, -1.000000000000000000 ) ) ;
#2126 = CARTESIAN_POINT ( 'NONE',  ( -2.249999999999984901, -2.350000000000000089, 2.000000000000000000 ) ) ;
#2127 = PLANE ( 'NONE',  #1160 ) ;
#2128 = EDGE_LOOP ( 'NONE', ( #458, #2219, #1097, #666 ) ) ;
#2129 = ORIENTED_EDGE ( 'NONE', *, *, #2014, .T. ) ;
#2130 = CARTESIAN_POINT ( 'NONE',  ( 1.479729949607609507, -3.829729949607609374, -2.250000000000000000 ) ) ;
#2131 = FACE_OUTER_BOUND ( 'NONE', #762, .T. ) ;
#2132 = FACE_OUTER_BOUND ( 'NONE', #1585, .T. ) ;
#2133 = EDGE_CURVE ( 'NONE', #24, #967, #216, .T. ) ;
#2134 = FACE_OUTER_BOUND ( 'NONE', #208, .T. ) ;
#2135 = CARTESIAN_POINT ( 'NONE',  ( -1.651729889353183545, -3.571209329981697156, -2.250000000000000000 ) ) ;
#2136 = ORIENTED_EDGE ( 'NONE', *, *, #459, .T. ) ;
#2137 = EDGE_CURVE ( 'NONE', #1820, #2241, #487, .T. ) ;
#2138 = CARTESIAN_POINT ( 'NONE',  ( -5.499999999999999112, 6.690000000000000391, -2.250000000000000000 ) ) ;
#2139 = DIRECTION ( 'NONE',  ( -1.000000000000000000, -0.0000000000000000000, -0.0000000000000000000 ) ) ;
#2140 = EDGE_LOOP ( 'NONE', ( #1085, #508, #548, #1838 ) ) ;
#2141 = AXIS2_PLACEMENT_3D ( 'NONE', #2149, #1127, #1275 ) ;
#2142 = TOROIDAL_SURFACE ( 'NONE', #498, 2.299999999999999822, 0.2999999999999999889 ) ;
#2143 = ORIENTED_EDGE ( 'NONE', *, *, #897, .F. ) ;
#2144 = LINE ( 'NONE', #772, #1339 ) ;
#2145 = DIRECTION ( 'NONE',  ( 0.0000000000000000000, 0.0000000000000000000, -1.000000000000000000 ) ) ;
#2146 = VECTOR ( 'NONE', #35, 1000.000000000000000 ) ;
#2147 = APPLICATION_PROTOCOL_DEFINITION ( 'international standard', 'config_control_design', 1994, #618 ) ;
#2148 = AXIS2_PLACEMENT_3D ( 'NONE', #2165, #1818, #1103 ) ;
#2149 = CARTESIAN_POINT ( 'NONE',  ( -5.199999999999999289, 5.440000000000000391, -1.250000000000000000 ) ) ;
#2150 = CARTESIAN_POINT ( 'NONE',  ( -1.591452572179867353, -3.718007327035351306, -2.250000000000000000 ) ) ;
#2151 = AXIS2_PLACEMENT_3D ( 'NONE', #91, #1312, #775 ) ;
#2152 = EDGE_CURVE ( 'NONE', #1140, #369, #6, .T. ) ;
#2153 = ORIENTED_EDGE ( 'NONE', *, *, #1588, .F. ) ;
#2154 = DIRECTION ( 'NONE',  ( -1.000000000000000000, -0.0000000000000000000, -0.0000000000000000000 ) ) ;
#2155 = EDGE_CURVE ( 'NONE', #394, #2013, #1778, .T. ) ;
#2156 = DIRECTION ( 'NONE',  ( -1.000000000000000000, 0.0000000000000000000, 0.0000000000000000000 ) ) ;
#2157 = VERTEX_POINT ( 'NONE', #1762 ) ;
#2158 = ORIENTED_EDGE ( 'NONE', *, *, #298, .T. ) ;
#2159 = DIRECTION ( 'NONE',  ( 0.0000000000000000000, 7.228014483236697541E-16, 1.000000000000000000 ) ) ;
#2160 = DIRECTION ( 'NONE',  ( -1.000000000000000000, 7.744301232039316681E-17, 0.0000000000000000000 ) ) ;
#2161 = DIRECTION ( 'NONE',  ( -1.000000000000000000, 0.0000000000000000000, 0.0000000000000000000 ) ) ;
#2162 = CYLINDRICAL_SURFACE ( 'NONE', #777, 0.2999999999999999889 ) ;
#2163 = ORIENTED_EDGE ( 'NONE', *, *, #649, .T. ) ;
#2164 = DIRECTION ( 'NONE',  ( 1.000000000000000000, 7.047314121155780399E-15, 0.0000000000000000000 ) ) ;
#2165 = CARTESIAN_POINT ( 'NONE',  ( -5.199999999999999289, 5.440000000000000391, -2.200000000000000178 ) ) ;
#2166 = EDGE_LOOP ( 'NONE', ( #1305, #906, #1353, #691 ) ) ;
#2167 = EDGE_CURVE ( 'NONE', #1363, #1369, #2039, .T. ) ;
#2168 = ORIENTED_EDGE ( 'NONE', *, *, #484, .T. ) ;
#2169 = CARTESIAN_POINT ( 'NONE',  ( 0.8978857980407953798, -1.452114201959205042, -3.369999999999999662 ) ) ;
#2170 = DIRECTION ( 'NONE',  ( -0.0000000000000000000, -0.0000000000000000000, -1.000000000000000000 ) ) ;
#2171 = MECHANICAL_CONTEXT ( 'NONE', #618, 'mechanical' ) ;
#2172 = LINE ( 'NONE', #1675, #2069 ) ;
#2173 = ORIENTED_EDGE ( 'NONE', *, *, #554, .F. ) ;
#2174 = CYLINDRICAL_SURFACE ( 'NONE', #108, 0.2999999999999999889 ) ;
#2175 = ORIENTED_EDGE ( 'NONE', *, *, #1247, .F. ) ;
#2176 = AXIS2_PLACEMENT_3D ( 'NONE', #2073, #491, #506 ) ;
#2177 = ADVANCED_FACE ( 'NONE', ( #218 ), #530, .F. ) ;
#2178 = VERTEX_POINT ( 'NONE', #1202 ) ;
#2179 = VECTOR ( 'NONE', #304, 1000.000000000000000 ) ;
#2180 = CARTESIAN_POINT ( 'NONE',  ( 1.591452572179867797, -0.9819926729646494268, -2.250000000000000000 ) ) ;
#2181 = CARTESIAN_POINT ( 'NONE',  ( -1.314000030127212559, -3.664000030127212426, -2.250000000000000000 ) ) ;
#2182 = CIRCLE ( 'NONE', #600, 2.000000000000000000 ) ;
#2183 = EDGE_CURVE ( 'NONE', #2048, #1470, #1038, .T. ) ;
#2184 = CARTESIAN_POINT ( 'NONE',  ( 4.250000000000000000, 0.3499999999999853229, 2.000000000000000000 ) ) ;
#2185 = AXIS2_PLACEMENT_3D ( 'NONE', #450, #2191, #2242 ) ;
#2186 = AXIS2_PLACEMENT_3D ( 'NONE', #1912, #1608, #349 ) ;
#2187 = VERTEX_POINT ( 'NONE', #1027 ) ;
#2188 =( GEOMETRIC_REPRESENTATION_CONTEXT ( 3 ) GLOBAL_UNCERTAINTY_ASSIGNED_CONTEXT ( ( #1508 ) ) GLOBAL_UNIT_ASSIGNED_CONTEXT ( ( #1125, #1476, #586 ) ) REPRESENTATION_CONTEXT ( 'NONE', 'WORKASPACE' ) );
#2189 = EDGE_LOOP ( 'NONE', ( #144, #1355, #2023, #2245 ) ) ;
#2190 = ORIENTED_EDGE ( 'NONE', *, *, #838, .T. ) ;
#2191 = DIRECTION ( 'NONE',  ( 0.0000000000000000000, -1.000000000000000000, 0.0000000000000000000 ) ) ;
#2192 = ORIENTED_EDGE ( 'NONE', *, *, #2224, .F. ) ;
#2193 = CARTESIAN_POINT ( 'NONE',  ( 0.8978857980407952688, -1.452114201959205264, -3.669999999999999485 ) ) ;
#2194 = CARTESIAN_POINT ( 'NONE',  ( -1.589293543607219084, -0.9798336446533817412, -2.250000000000000000 ) ) ;
#2195 = APPROVAL ( #912, 'UNSPECIFIED' ) ;
#2196 = LINE ( 'NONE', #587, #1114 ) ;
#2197 = ADVANCED_FACE ( 'NONE', ( #1752 ), #537, .F. ) ;
#2198 = VERTEX_POINT ( 'NONE', #17 ) ;
#2199 = CARTESIAN_POINT ( 'NONE',  ( -1.149615687393979124, -1.156671876055542780, -3.422094453300078776 ) ) ;
#2200 = EDGE_LOOP ( 'NONE', ( #938, #355, #243, #1991 ) ) ;
#2201 = ORIENTED_EDGE ( 'NONE', *, *, #828, .T. ) ;
#2202 = EDGE_LOOP ( 'NONE', ( #1516, #2173, #1979, #1967 ) ) ;
#2203 = CARTESIAN_POINT ( 'NONE',  ( 1.218121302440361431, -4.001729889179049593, -2.250000000000000000 ) ) ;
#2204 = SECURITY_CLASSIFICATION_LEVEL ( 'unclassified' ) ;
#2205 = LINE ( 'NONE', #1178, #1915 ) ;
#2206 = EDGE_CURVE ( 'NONE', #129, #2157, #257, .T. ) ;
#2207 = CARTESIAN_POINT ( 'NONE',  ( 1.328694160289539461, -1.130892394371705967, -2.477413564317730188 ) ) ;
#2208 = EDGE_LOOP ( 'NONE', ( #757, #582, #1180, #1342 ) ) ;
#2209 = ADVANCED_FACE ( 'NONE', ( #702 ), #726, .T. ) ;
#2210 = ORIENTED_EDGE ( 'NONE', *, *, #456, .T. ) ;
#2211 = DIRECTION ( 'NONE',  ( 0.0000000000000000000, 0.0000000000000000000, 1.000000000000000000 ) ) ;
#2212 = ORIENTED_EDGE ( 'NONE', *, *, #280, .T. ) ;
#2213 = CARTESIAN_POINT ( 'NONE',  ( 1.060845237545858799, -4.001729889353184078, -2.250000000000000000 ) ) ;
#2214 = APPROVAL_DATE_TIME ( #1845, #2195 ) ;
#2215 = DIRECTION ( 'NONE',  ( 0.0000000000000000000, 0.0000000000000000000, -1.000000000000000000 ) ) ;
#2216 = AXIS2_PLACEMENT_3D ( 'NONE', #1649, #1824, #256 ) ;
#2217 = CARTESIAN_POINT ( 'NONE',  ( 1.141816554575195930, -0.9914097232022358597, -2.484846210352240181 ) ) ;
#2218 = AXIS2_PLACEMENT_3D ( 'NONE', #1060, #5, #198 ) ;
#2219 = ORIENTED_EDGE ( 'NONE', *, *, #1468, .F. ) ;
#2220 = CC_DESIGN_PERSON_AND_ORGANIZATION_ASSIGNMENT ( #981, #299, ( #644 ) ) ;
#2221 = AXIS2_PLACEMENT_3D ( 'NONE', #627, #1358, #1144 ) ;
#2222 = VECTOR ( 'NONE', #128, 1000.000000000000000 ) ;
#2223 = ORIENTED_EDGE ( 'NONE', *, *, #1360, .F. ) ;
#2224 = EDGE_CURVE ( 'NONE', #1680, #1831, #33, .T. ) ;
#2225 = CARTESIAN_POINT ( 'NONE',  ( 1.358634576869077737, -1.206625702816666479, -2.484594972163193916 ) ) ;
#2226 = ORIENTED_EDGE ( 'NONE', *, *, #1080, .F. ) ;
#2227 = CARTESIAN_POINT ( 'NONE',  ( -2.249999999999989342, 1.850000000000000533, 2.000000000000000000 ) ) ;
#2228 = DIRECTION ( 'NONE',  ( -0.0000000000000000000, -0.0000000000000000000, -1.000000000000000000 ) ) ;
#2229 =( BOUNDED_CURVE ( )  B_SPLINE_CURVE ( 3, ( #1639, #1463, #51, #237 ),
 .UNSPECIFIED., .F., .T. ) 
 B_SPLINE_CURVE_WITH_KNOTS ( ( 4, 4 ),
 ( 5.512866274278615641, 6.283185307179586232 ),
 .UNSPECIFIED. ) 
 CURVE ( )  GEOMETRIC_REPRESENTATION_ITEM ( )  RATIONAL_B_SPLINE_CURVE ( ( 1.000000000000000000, 0.9511590086810490785, 0.9511590086810490785, 1.000000000000000000 ) ) 
 REPRESENTATION_ITEM ( '' )  );
#2230 = DIRECTION ( 'NONE',  ( -0.7071067811865464625, 0.0000000000000000000, 0.7071067811865486830 ) ) ;
#2231 = ORIENTED_EDGE ( 'NONE', *, *, #911, .F. ) ;
#2232 = DIRECTION ( 'NONE',  ( 1.000000000000000000, 0.0000000000000000000, 0.0000000000000000000 ) ) ;
#2233 = ORIENTED_EDGE ( 'NONE', *, *, #759, .F. ) ;
#2234 = CARTESIAN_POINT ( 'NONE',  ( 1.143374297183334720, -0.9913654231309230180, -2.484594972163193916 ) ) ;
#2235 = EDGE_CURVE ( 'NONE', #1862, #1770, #519, .T. ) ;
#2236 = EDGE_LOOP ( 'NONE', ( #127, #158, #1760, #2068 ) ) ;
#2237 = DIRECTION ( 'NONE',  ( 0.0000000000000000000, -0.0000000000000000000, -1.000000000000000000 ) ) ;
#2238 = EDGE_CURVE ( 'NONE', #1369, #1653, #1561, .T. ) ;
#2239 = CARTESIAN_POINT ( 'NONE',  ( 1.060845237545858799, -0.6982701106468164332, -2.250000000000000000 ) ) ;
#2240 = CARTESIAN_POINT ( 'NONE',  ( 1.589293543607239956, -3.720166355346547160, -2.250000000000000000 ) ) ;
#2241 = VERTEX_POINT ( 'NONE', #1641 ) ;
#2242 = DIRECTION ( 'NONE',  ( 0.0000000000000000000, 0.0000000000000000000, -1.000000000000000000 ) ) ;
#2243 = CARTESIAN_POINT ( 'NONE',  ( 1.651729889353184211, -0.9500000000000002887, -2.549999999999999822 ) ) ;
#2244 = CARTESIAN_POINT ( 'NONE',  ( -5.499999999999999112, 6.690000000000000391, -0.2999999999999999334 ) ) ;
#2245 = ORIENTED_EDGE ( 'NONE', *, *, #580, .T. ) ;
#2246 = ADVANCED_FACE ( 'NONE', ( #253 ), #69, .F. ) ;
#2247 = EDGE_CURVE ( 'NONE', #1850, #1820, #1124, .T. ) ;
#2248 = AXIS2_PLACEMENT_3D ( 'NONE', #1456, #703, #542 ) ;
#2249 = CARTESIAN_POINT ( 'NONE',  ( 1.248243682609461613, -0.9702436226312761702, -2.250000000000000000 ) ) ;
#2250 = CARTESIAN_POINT ( 'NONE',  ( 1.479729949607608175, -3.829729949607609818, -2.250000000000000000 ) ) ;
#2251 = CIRCLE ( 'NONE', #1519, 0.2999999999999999889 ) ;
#2252 = DIRECTION ( 'NONE',  ( -1.000000000000000000, 0.0000000000000000000, 0.0000000000000000000 ) ) ;
#2253 = AXIS2_PLACEMENT_3D ( 'NONE', #2260, #2087, #527 ) ;
#2254 = CARTESIAN_POINT ( 'NONE',  ( 0.0000000000000000000, 0.0000000000000000000, 0.0000000000000000000 ) ) ;
#2255 = AXIS2_PLACEMENT_3D ( 'NONE', #1090, #902, #232 ) ;
#2256 = LINE ( 'NONE', #2244, #534 ) ;
#2257 = ORIENTED_EDGE ( 'NONE', *, *, #11, .T. ) ;
#2258 = AXIS2_PLACEMENT_3D ( 'NONE', #1848, #2032, #290 ) ;
#2259 = CC_DESIGN_PERSON_AND_ORGANIZATION_ASSIGNMENT ( #476, #970, ( #505 ) ) ;
#2260 = CARTESIAN_POINT ( 'NONE',  ( 4.549999999999999822, -0.3500000000000000333, 0.2999999999999999334 ) ) ;
#2261 = CARTESIAN_POINT ( 'NONE',  ( 3.750000000000000888, 0.3500000000000000333, 2.000000000000000000 ) ) ;
#2262 = ADVANCED_FACE ( 'NONE', ( #2132 ), #754, .T. ) ;
#2263 = DIRECTION ( 'NONE',  ( 0.0000000000000000000, 1.000000000000000000, 0.0000000000000000000 ) ) ;
ENDSEC;
END-ISO-10303-21;
