ISO-10303-21;
HEADER;
FILE_DESCRIPTION (( 'STEP AP203' ),
    '1' );
FILE_NAME ('Slider.STEP',
    '2021-03-11T22:02:39',
    ( '' ),
    ( '' ),
    'SwSTEP 2.0',
    'SolidWorks 2019',
    '' );
FILE_SCHEMA (( 'CONFIG_CONTROL_DESIGN' ));
ENDSEC;

DATA;
#1 = APPROVAL_STATUS ( 'not_yet_approved' ) ;
#2 = ORIENTED_EDGE ( 'NONE', *, *, #426, .T. ) ;
#3 = DIRECTION ( 'NONE',  ( 1.000000000000000000, 3.195543245220433239E-16, -0.0000000000000000000 ) ) ;
#4 = CARTESIAN_POINT ( 'NONE',  ( 1.238600357763699478, 0.5351143768734887285, 1.811399642236299679 ) ) ;
#5 = DIRECTION ( 'NONE',  ( 0.0000000000000000000, 0.0000000000000000000, -1.000000000000000000 ) ) ;
#6 = B_SPLINE_CURVE_WITH_KNOTS ( 'NONE', 3,
 ( #593, #63, #1142, #262 ),
 .UNSPECIFIED., .F., .F.,
 ( 4, 4 ),
 ( 0.0004960546892513180255, 0.0009912806233180046153 ),
 .UNSPECIFIED. ) ;
#7 = COORDINATED_UNIVERSAL_TIME_OFFSET ( 3, 0, .AHEAD. ) ;
#8 = ORIENTED_EDGE ( 'NONE', *, *, #535, .T. ) ;
#9 = ADVANCED_FACE ( 'NONE', ( #634 ), #315, .T. ) ;
#10 = CARTESIAN_POINT ( 'NONE',  ( -1.199999999999998623, -0.06772130392571713842, 1.850000000000000533 ) ) ;
#11 = CARTESIAN_POINT ( 'NONE',  ( 0.0000000000000000000, 0.0000000000000000000, -0.2999999999999999334 ) ) ;
#12 = DIRECTION ( 'NONE',  ( -0.0000000000000000000, -0.0000000000000000000, 1.000000000000000000 ) ) ;
#13 = DIRECTION ( 'NONE',  ( -0.0000000000000000000, -0.0000000000000000000, -1.000000000000000000 ) ) ;
#14 = AXIS2_PLACEMENT_3D ( 'NONE', #1007, #235, #147 ) ;
#15 = EDGE_LOOP ( 'NONE', ( #354, #378, #1387, #617, #239 ) ) ;
#16 = AXIS2_PLACEMENT_3D ( 'NONE', #1259, #1159, #590 ) ;
#17 = CARTESIAN_POINT ( 'NONE',  ( 0.4999999999999994449, -1.090871211463572132, 1.850000000000000089 ) ) ;
#18 = CIRCLE ( 'NONE', #1000, 1.200000000000000400 ) ;
#19 = EDGE_CURVE ( 'NONE', #1363, #1257, #911, .T. ) ;
#20 = DIRECTION ( 'NONE',  ( 0.0000000000000000000, 0.0000000000000000000, 1.000000000000000000 ) ) ;
#21 = ADVANCED_FACE ( 'NONE', ( #531 ), #191, .T. ) ;
#22 = LINE ( 'NONE', #443, #824 ) ;
#23 = CARTESIAN_POINT ( 'NONE',  ( 0.0000000000000000000, 0.0000000000000000000, 1.850000000000000089 ) ) ;
#24 = DESIGN_CONTEXT ( 'detailed design', #759, 'design' ) ;
#25 = ORIENTED_EDGE ( 'NONE', *, *, #1076, .F. ) ;
#26 = ORIENTED_EDGE ( 'NONE', *, *, #669, .T. ) ;
#27 = CARTESIAN_POINT ( 'NONE',  ( 0.0000000000000000000, 0.0000000000000000000, -0.2999999999999999334 ) ) ;
#28 = CARTESIAN_POINT ( 'NONE',  ( -0.8095530974730748008, 1.172923820534760297, 1.759553097473075312 ) ) ;
#29 = CARTESIAN_POINT ( 'NONE',  ( 0.0000000000000000000, 0.0000000000000000000, -0.7000000000000000666 ) ) ;
#30 = EDGE_CURVE ( 'NONE', #408, #346, #110, .T. ) ;
#31 = CARTESIAN_POINT ( 'NONE',  ( 0.0000000000000000000, 0.0000000000000000000, -1.000000000000000000 ) ) ;
#32 = CARTESIAN_POINT ( 'NONE',  ( -1.399999999999814948, -0.4886947001343593389, 1.650000000000184652 ) ) ;
#33 = ORIENTED_EDGE ( 'NONE', *, *, #264, .F. ) ;
#34 = ORIENTED_EDGE ( 'NONE', *, *, #222, .F. ) ;
#35 = CARTESIAN_POINT ( 'NONE',  ( -4.750000000000000000, -3.000000000000001776, 0.3000000000000000444 ) ) ;
#36 = PLANE ( 'NONE',  #1381 ) ;
#37 = CARTESIAN_POINT ( 'NONE',  ( 1.500000000000000222, 1.836970198721030181E-16, 1.550000000000000266 ) ) ;
#38 = CARTESIAN_POINT ( 'NONE',  ( -4.750000000000000888, 2.699999999999999289, 0.0000000000000000000 ) ) ;
#39 = ADVANCED_FACE ( 'NONE', ( #862 ), #1022, .T. ) ;
#40 = CARTESIAN_POINT ( 'NONE',  ( 0.8789865174923530144, 0.9956044201777772829, 1.828986517492352082 ) ) ;
#41 = ORIENTED_EDGE ( 'NONE', *, *, #1342, .F. ) ;
#42 = TOROIDAL_SURFACE ( 'NONE', #360, 2.700000000000000622, 0.2999999999999999889 ) ;
#43 = ORIENTED_EDGE ( 'NONE', *, *, #320, .T. ) ;
#44 = CARTESIAN_POINT ( 'NONE',  ( 1.367447914119451768, -0.5406450042793000677, 1.682552085880547832 ) ) ;
#45 = CIRCLE ( 'NONE', #1024, 1.500000000000000222 ) ;
#46 = CIRCLE ( 'NONE', #821, 0.2999999999999999889 ) ;
#47 = CARTESIAN_POINT ( 'NONE',  ( 0.2000000000000008993, 1.183215956619923404, 1.850000000000000089 ) ) ;
#48 = CARTESIAN_POINT ( 'NONE',  ( -1.399999999999999689, 22.44534207614836063, 1.649999999999999911 ) ) ;
#49 = CIRCLE ( 'NONE', #753, 2.700000000000000622 ) ;
#50 =( GEOMETRIC_REPRESENTATION_CONTEXT ( 3 ) GLOBAL_UNCERTAINTY_ASSIGNED_CONTEXT ( ( #1008 ) ) GLOBAL_UNIT_ASSIGNED_CONTEXT ( ( #912, #1198, #99 ) ) REPRESENTATION_CONTEXT ( 'NONE', 'WORKASPACE' ) );
#51 = DIRECTION ( 'NONE',  ( 1.000000000000000000, 0.0000000000000000000, 0.0000000000000000000 ) ) ;
#52 = CARTESIAN_POINT ( 'NONE',  ( -4.750000000000000000, -1.194030629168669469E-15, 0.8499999999999999778 ) ) ;
#53 = EDGE_LOOP ( 'NONE', ( #287, #438, #515, #672 ) ) ;
#54 = VERTEX_POINT ( 'NONE', #436 ) ;
#55 = CARTESIAN_POINT ( 'NONE',  ( 1.201166005339821208, -0.2679108458150226135, 1.848833994660178615 ) ) ;
#56 = LINE ( 'NONE', #810, #318 ) ;
#57 = CARTESIAN_POINT ( 'NONE',  ( -0.1728975814548746326, -1.327751767249702786, 1.822897581454874461 ) ) ;
#58 = CARTESIAN_POINT ( 'NONE',  ( -0.7000000000000001776, -1.307219380952977961, 1.649999999999999467 ) ) ;
#59 = ORIENTED_EDGE ( 'NONE', *, *, #605, .T. ) ;
#60 = ORIENTED_EDGE ( 'NONE', *, *, #1321, .T. ) ;
#61 = DIRECTION ( 'NONE',  ( 1.000000000000000000, 0.0000000000000000000, 0.0000000000000000000 ) ) ;
#62 = ADVANCED_FACE ( 'NONE', ( #1409 ), #118, .F. ) ;
#63 = CARTESIAN_POINT ( 'NONE',  ( 1.456155281280889557, 0.1663033389443601961, 1.706155281280889113 ) ) ;
#64 = DIRECTION ( 'NONE',  ( 1.000000000000000000, 0.0000000000000000000, 0.0000000000000000000 ) ) ;
#65 = PLANE ( 'NONE',  #317 ) ;
#66 = ORIENTED_EDGE ( 'NONE', *, *, #473, .F. ) ;
#67 = CARTESIAN_POINT ( 'NONE',  ( 4.749999999999999112, 2.700000000000002398, 0.3000000000000000444 ) ) ;
#68 = AXIS2_PLACEMENT_3D ( 'NONE', #647, #1429, #430 ) ;
#69 = EDGE_CURVE ( 'NONE', #98, #1003, #881, .T. ) ;
#70 = LINE ( 'NONE', #732, #1264 ) ;
#71 = CARTESIAN_POINT ( 'NONE',  ( -1.500000000000000222, 0.0000000000000000000, 1.550000000000000266 ) ) ;
#72 = CIRCLE ( 'NONE', #631, 1.800000000000000266 ) ;
#73 = AXIS2_PLACEMENT_3D ( 'NONE', #794, #1238, #1106 ) ;
#74 = CARTESIAN_POINT ( 'NONE',  ( -1.456155281280883340, 2.362206566715524774E-16, 1.706155281280883340 ) ) ;
#75 = ORIENTED_EDGE ( 'NONE', *, *, #567, .T. ) ;
#76 = CARTESIAN_POINT ( 'NONE',  ( 1.237340697079771568, -0.5324055862487503399, 1.812659302920228255 ) ) ;
#77 = DIRECTION ( 'NONE',  ( 1.000000000000000000, 0.0000000000000000000, 0.0000000000000000000 ) ) ;
#78 = EDGE_CURVE ( 'NONE', #1353, #324, #240, .T. ) ;
#79 = CARTESIAN_POINT ( 'NONE',  ( 4.750000000000000888, -2.699999999999998845, 0.5499999999999999334 ) ) ;
#80 = ORIENTED_EDGE ( 'NONE', *, *, #1086, .T. ) ;
#81 = ORIENTED_EDGE ( 'NONE', *, *, #202, .F. ) ;
#82 = FACE_OUTER_BOUND ( 'NONE', #391, .T. ) ;
#83 = DIRECTION ( 'NONE',  ( -0.7071067811865486830, 0.0000000000000000000, -0.7071067811865464625 ) ) ;
#84 = APPROVAL ( #552, 'UNSPECIFIED' ) ;
#85 = EDGE_LOOP ( 'NONE', ( #1258, #1107 ) ) ;
#86 = ORIENTED_EDGE ( 'NONE', *, *, #1067, .F. ) ;
#87 = CARTESIAN_POINT ( 'NONE',  ( -0.6999999999999997335, 22.44534207614836063, 1.649999999999999911 ) ) ;
#88 = AXIS2_PLACEMENT_3D ( 'NONE', #332, #91, #525 ) ;
#89 = VECTOR ( 'NONE', #401, 1000.000000000000000 ) ;
#90 = CARTESIAN_POINT ( 'NONE',  ( 0.0000000000000000000, 0.0000000000000000000, 1.850000000000000089 ) ) ;
#91 = DIRECTION ( 'NONE',  ( 0.0000000000000000000, 0.0000000000000000000, 1.000000000000000000 ) ) ;
#92 = EDGE_LOOP ( 'NONE', ( #990, #627, #767, #188 ) ) ;
#93 = AXIS2_PLACEMENT_3D ( 'NONE', #710, #164, #1033 ) ;
#94 = APPROVAL_STATUS ( 'not_yet_approved' ) ;
#95 = ORIENTED_EDGE ( 'NONE', *, *, #1382, .F. ) ;
#96 = CARTESIAN_POINT ( 'NONE',  ( -0.4999999999999989453, 1.090871211463572354, 1.850000000000000089 ) ) ;
#97 = CARTESIAN_POINT ( 'NONE',  ( -1.199999999999998623, 0.06699158156238979589, 1.850000000000000533 ) ) ;
#98 = VERTEX_POINT ( 'NONE', #210 ) ;
#99 =( NAMED_UNIT ( * ) SI_UNIT ( $, .STERADIAN. ) SOLID_ANGLE_UNIT ( ) );
#100 = ORIENTED_EDGE ( 'NONE', *, *, #663, .F. ) ;
#101 = CARTESIAN_POINT ( 'NONE',  ( -4.750000000000000000, -2.700000000000001954, 0.8499999999999999778 ) ) ;
#102 = EDGE_CURVE ( 'NONE', #251, #1003, #651, .T. ) ;
#103 = PLANE ( 'NONE',  #297 ) ;
#104 = CARTESIAN_POINT ( 'NONE',  ( -1.212871503756677738, 0.4348328330251696738, 1.837128496243321862 ) ) ;
#105 = PERSON_AND_ORGANIZATION_ROLE ( 'classification_officer' ) ;
#106 = EDGE_LOOP ( 'NONE', ( #622, #420, #547, #1285 ) ) ;
#107 = CARTESIAN_POINT ( 'NONE',  ( -0.7000000000000001776, -1.307219380952977961, 1.649999999999999467 ) ) ;
#108 = B_SPLINE_CURVE_WITH_KNOTS ( 'NONE', 3,
 ( #1046, #491, #1370, #55, #839, #486, #611, #76, #581, #808, #598, #44, #1020, #477 ),
 .UNSPECIFIED., .F., .F.,
 ( 4, 2, 2, 2, 2, 2, 4 ),
 ( 0.0008196844157443109336, 0.001022285040477849752, 0.001224885665211388787, 0.001326185977578158088, 0.001427486289944927388, 0.001528786602311696906, 0.001630086914678466206 ),
 .UNSPECIFIED. ) ;
#109 = DIRECTION ( 'NONE',  ( -1.000000000000000000, 0.0000000000000000000, 0.0000000000000000000 ) ) ;
#110 = CIRCLE ( 'NONE', #994, 0.2999999999999999334 ) ;
#111 = ADVANCED_FACE ( 'NONE', ( #872 ), #42, .T. ) ;
#112 = CARTESIAN_POINT ( 'NONE',  ( -1.800000000000000266, 2.204364238465236069E-16, 1.149999999999999911 ) ) ;
#113 = AXIS2_PLACEMENT_3D ( 'NONE', #1165, #1394, #175 ) ;
#114 = DATE_TIME_ROLE ( 'classification_date' ) ;
#115 = VERTEX_POINT ( 'NONE', #1209 ) ;
#116 = CARTESIAN_POINT ( 'NONE',  ( 0.6021423585347837060, -1.302190312997868249, 1.747857641465216938 ) ) ;
#117 = CARTESIAN_POINT ( 'NONE',  ( 1.218823548196737550, 0.4729449267724660788, 1.831176451803262273 ) ) ;
#118 = PLANE ( 'NONE',  #496 ) ;
#119 = ADVANCED_FACE ( 'NONE', ( #337 ), #688, .T. ) ;
#120 = APPLICATION_PROTOCOL_DEFINITION ( 'international standard', 'config_control_design', 1994, #759 ) ;
#121 = ORIENTED_EDGE ( 'NONE', *, *, #1265, .F. ) ;
#122 = CARTESIAN_POINT ( 'NONE',  ( 0.4999999999999993339, -1.124850230013538566, 1.850000000000000533 ) ) ;
#123 = CARTESIAN_POINT ( 'NONE',  ( 1.456155281280883562, -5.789306567818222172E-17, 1.706155281280883118 ) ) ;
#124 = DIRECTION ( 'NONE',  ( 1.000000000000000000, -8.881784197001252323E-16, 0.0000000000000000000 ) ) ;
#125 = ADVANCED_FACE ( 'NONE', ( #577 ), #843, .F. ) ;
#126 = VERTEX_POINT ( 'NONE', #38 ) ;
#127 = CARTESIAN_POINT ( 'NONE',  ( 0.8095530974722517925, -1.172923820536057704, 1.759553097472251304 ) ) ;
#128 = DIRECTION ( 'NONE',  ( 0.0000000000000000000, 0.0000000000000000000, 1.000000000000000000 ) ) ;
#129 = FACE_OUTER_BOUND ( 'NONE', #898, .T. ) ;
#130 = AXIS2_PLACEMENT_3D ( 'NONE', #889, #1025, #51 ) ;
#131 = ORIENTED_EDGE ( 'NONE', *, *, #954, .T. ) ;
#132 = AXIS2_PLACEMENT_3D ( 'NONE', #1386, #829, #1350 ) ;
#133 = ORIENTED_EDGE ( 'NONE', *, *, #1405, .F. ) ;
#134 = CARTESIAN_POINT ( 'NONE',  ( 0.8999999999992701616, -0.8955739960613686712, 1.849999999999269562 ) ) ;
#135 = VECTOR ( 'NONE', #256, 1000.000000000000000 ) ;
#136 = ADVANCED_FACE ( 'NONE', ( #1130 ), #897, .T. ) ;
#137 = CARTESIAN_POINT ( 'NONE',  ( 7.750000000000000000, 1.714505518806294244E-15, 0.3000000000000000444 ) ) ;
#138 = DIRECTION ( 'NONE',  ( 0.0000000000000000000, 0.0000000000000000000, 1.000000000000000000 ) ) ;
#139 = CARTESIAN_POINT ( 'NONE',  ( 0.6024341437390269283, 1.302368622582679158, 1.747565856260973272 ) ) ;
#140 = CARTESIAN_POINT ( 'NONE',  ( -1.456155281280889335, -0.1663033389439783627, 1.706155281280889335 ) ) ;
#141 = VERTEX_POINT ( 'NONE', #1228 ) ;
#142 = EDGE_LOOP ( 'NONE', ( #649, #174, #95, #483 ) ) ;
#143 = DIRECTION ( 'NONE',  ( 1.000000000000000000, 0.0000000000000000000, 0.0000000000000000000 ) ) ;
#144 = CC_DESIGN_PERSON_AND_ORGANIZATION_ASSIGNMENT ( #211, #414, ( #629 ) ) ;
#145 = CARTESIAN_POINT ( 'NONE',  ( -0.6999999999997045252, 1.307219380953046350, 1.650000000000295231 ) ) ;
#146 = LINE ( 'NONE', #717, #245 ) ;
#147 = DIRECTION ( 'NONE',  ( 1.000000000000000000, 0.0000000000000000000, 0.0000000000000000000 ) ) ;
#148 = EDGE_LOOP ( 'NONE', ( #305, #1082, #162 ) ) ;
#149 = ORIENTED_EDGE ( 'NONE', *, *, #1093, .T. ) ;
#150 = FACE_OUTER_BOUND ( 'NONE', #659, .T. ) ;
#151 = CARTESIAN_POINT ( 'NONE',  ( -0.8788985410750875804, 0.9957369393331033658, 1.828898541075087314 ) ) ;
#152 = CARTESIAN_POINT ( 'NONE',  ( 4.750000000000000000, 1.714505518806294244E-15, 0.3000000000000000444 ) ) ;
#153 = CARTESIAN_POINT ( 'NONE',  ( 4.750000000000001776, -2.999999999999998668, 0.5499999999999999334 ) ) ;
#154 = VERTEX_POINT ( 'NONE', #773 ) ;
#155 = EDGE_LOOP ( 'NONE', ( #86, #806, #284, #526 ) ) ;
#156 = CARTESIAN_POINT ( 'NONE',  ( -4.750000000000000000, -2.700000000000001954, 0.0000000000000000000 ) ) ;
#157 = AXIS2_PLACEMENT_3D ( 'NONE', #784, #1225, #1012 ) ;
#158 = CARTESIAN_POINT ( 'NONE',  ( 0.0000000000000000000, 0.0000000000000000000, -0.7000000000000000666 ) ) ;
#159 = CARTESIAN_POINT ( 'NONE',  ( 1.400000000000000133, 22.56077300759379867, 1.649999999999999911 ) ) ;
#160 = CARTESIAN_POINT ( 'NONE',  ( 1.000000000000000000, 0.0000000000000000000, -1.000000000000000000 ) ) ;
#161 = ADVANCED_FACE ( 'NONE', ( #223 ), #1248, .T. ) ;
#162 = ORIENTED_EDGE ( 'NONE', *, *, #178, .T. ) ;
#163 = ORIENTED_EDGE ( 'NONE', *, *, #663, .T. ) ;
#164 = DIRECTION ( 'NONE',  ( 0.0000000000000000000, 0.0000000000000000000, 1.000000000000000000 ) ) ;
#165 = LINE ( 'NONE', #687, #731 ) ;
#166 = CARTESIAN_POINT ( 'NONE',  ( 0.9000000000011697532, -0.7937253933246725124, 1.850000000001168932 ) ) ;
#167 = VERTEX_POINT ( 'NONE', #1341 ) ;
#168 = EDGE_CURVE ( 'NONE', #1181, #1124, #1260, .T. ) ;
#169 = DIRECTION ( 'NONE',  ( 1.000000000000000000, 0.0000000000000000000, 0.0000000000000000000 ) ) ;
#170 = EDGE_CURVE ( 'NONE', #925, #1223, #229, .T. ) ;
#171 = CYLINDRICAL_SURFACE ( 'NONE', #632, 1.000000000000000000 ) ;
#172 = CARTESIAN_POINT ( 'NONE',  ( 0.0000000000000000000, 0.0000000000000000000, 1.850000000000000089 ) ) ;
#173 = CARTESIAN_POINT ( 'NONE',  ( 0.0000000000000000000, 0.0000000000000000000, -0.7000000000000000666 ) ) ;
#174 = ORIENTED_EDGE ( 'NONE', *, *, #353, .T. ) ;
#175 = DIRECTION ( 'NONE',  ( 1.000000000000000000, 0.0000000000000000000, 0.0000000000000000000 ) ) ;
#176 = CARTESIAN_POINT ( 'NONE',  ( 4.750000000000001776, -2.699999999999998845, 0.0000000000000000000 ) ) ;
#177 = AXIS2_PLACEMENT_3D ( 'NONE', #1184, #209, #1412 ) ;
#178 = EDGE_CURVE ( 'NONE', #890, #1275, #422, .T. ) ;
#179 = CIRCLE ( 'NONE', #446, 3.000000000000000444 ) ;
#180 = VECTOR ( 'NONE', #922, 1000.000000000000000 ) ;
#181 = DIRECTION ( 'NONE',  ( -0.0000000000000000000, -0.0000000000000000000, -1.000000000000000000 ) ) ;
#182 = VERTEX_POINT ( 'NONE', #1015 ) ;
#183 = DIRECTION ( 'NONE',  ( -0.7071067811865486830, 0.0000000000000000000, -0.7071067811865464625 ) ) ;
#184 = B_SPLINE_CURVE_WITH_KNOTS ( 'NONE', 3,
 ( #871, #981, #1227, #461, #1428, #653 ),
 .UNSPECIFIED., .F., .F.,
 ( 4, 2, 4 ),
 ( 2.873582349467358718E-07, 0.0002197124526621831815, 0.0004391375470894195911 ),
 .UNSPECIFIED. ) ;
#185 = CARTESIAN_POINT ( 'NONE',  ( 0.0000000000000000000, 0.0000000000000000000, 1.550000000000000266 ) ) ;
#186 = ADVANCED_FACE ( 'NONE', ( #129 ), #976, .F. ) ;
#187 = CARTESIAN_POINT ( 'NONE',  ( 2.020667218593132755E-16, 24.82918478618184110, 1.649999999999999911 ) ) ;
#188 = ORIENTED_EDGE ( 'NONE', *, *, #738, .F. ) ;
#189 = DIRECTION ( 'NONE',  ( -0.0000000000000000000, -0.0000000000000000000, -1.000000000000000000 ) ) ;
#190 = DIRECTION ( 'NONE',  ( -1.000000000000000000, -3.195543245220433239E-16, 0.0000000000000000000 ) ) ;
#191 = CYLINDRICAL_SURFACE ( 'NONE', #675, 3.000000000000000000 ) ;
#192 = ORIENTED_EDGE ( 'NONE', *, *, #275, .F. ) ;
#193 = EDGE_CURVE ( 'NONE', #1343, #224, #1169, .T. ) ;
#194 = DATE_AND_TIME ( #1318, #523 ) ;
#195 = CARTESIAN_POINT ( 'NONE',  ( -0.6999999999997045252, 1.307219380953046350, 1.650000000000295231 ) ) ;
#196 = AXIS2_PLACEMENT_3D ( 'NONE', #112, #425, #1197 ) ;
#197 = AXIS2_PLACEMENT_3D ( 'NONE', #700, #1252, #508 ) ;
#198 = TOROIDAL_SURFACE ( 'NONE', #386, 2.700000000000000622, 0.2999999999999999889 ) ;
#199 = CARTESIAN_POINT ( 'NONE',  ( -0.7000000000000001776, -1.307219380952977961, 1.649999999999999467 ) ) ;
#200 = CARTESIAN_POINT ( 'NONE',  ( 1.300000000000000044, 0.0000000000000000000, -0.2999999999999999334 ) ) ;
#201 = VERTEX_POINT ( 'NONE', #914 ) ;
#202 = EDGE_CURVE ( 'NONE', #402, #1223, #470, .T. ) ;
#203 = ORIENTED_EDGE ( 'NONE', *, *, #1393, .F. ) ;
#204 = DIRECTION ( 'NONE',  ( 0.0000000000000000000, 0.0000000000000000000, 1.000000000000000000 ) ) ;
#205 = CARTESIAN_POINT ( 'NONE',  ( 0.4999999999999994449, 1.090871211463572132, 1.850000000000000089 ) ) ;
#206 = CARTESIAN_POINT ( 'NONE',  ( 4.750000000000001776, -2.999999999999998668, 0.8499999999999999778 ) ) ;
#207 = VERTEX_POINT ( 'NONE', #481 ) ;
#208 = EDGE_CURVE ( 'NONE', #925, #949, #1325, .T. ) ;
#209 = DIRECTION ( 'NONE',  ( 0.0000000000000000000, -1.000000000000000000, 0.0000000000000000000 ) ) ;
#210 = CARTESIAN_POINT ( 'NONE',  ( -1.500000000000000222, 0.0000000000000000000, 1.149999999999999911 ) ) ;
#211 = PERSON_AND_ORGANIZATION ( #1407, #592 ) ;
#212 = ORIENTED_EDGE ( 'NONE', *, *, #646, .F. ) ;
#213 = CARTESIAN_POINT ( 'NONE',  ( -0.8789865174923564561, -0.9956044201777599634, 1.828986517492356079 ) ) ;
#214 = EDGE_CURVE ( 'NONE', #115, #1172, #1114, .T. ) ;
#215 = FACE_OUTER_BOUND ( 'NONE', #573, .T. ) ;
#216 = AXIS2_PLACEMENT_3D ( 'NONE', #712, #1155, #258 ) ;
#217 = SECURITY_CLASSIFICATION_LEVEL ( 'unclassified' ) ;
#218 = ORIENTED_EDGE ( 'NONE', *, *, #1190, .T. ) ;
#219 = SECURITY_CLASSIFICATION ( '', '', #217 ) ;
#220 = DIRECTION ( 'NONE',  ( 0.0000000000000000000, 0.0000000000000000000, -1.000000000000000000 ) ) ;
#221 = CARTESIAN_POINT ( 'NONE',  ( -0.6999999999999997335, 22.44534207614836063, 1.649999999999999911 ) ) ;
#222 = EDGE_CURVE ( 'NONE', #723, #1152, #561, .T. ) ;
#223 = FACE_OUTER_BOUND ( 'NONE', #746, .T. ) ;
#224 = VERTEX_POINT ( 'NONE', #1001 ) ;
#225 = CARTESIAN_POINT ( 'NONE',  ( -0.4999999999999977240, -1.090871211463570578, 1.850000000000001421 ) ) ;
#226 = CARTESIAN_POINT ( 'NONE',  ( -1.114068196092698729E-11, 1.482842712478558145, 1.649999999988859267 ) ) ;
#227 = DIRECTION ( 'NONE',  ( 1.000000000000000000, 1.776356839400250859E-15, 0.0000000000000000000 ) ) ;
#228 = PRODUCT_RELATED_PRODUCT_CATEGORY ( 'detail', '', ( #629 ) ) ;
#229 = LINE ( 'NONE', #787, #1324 ) ;
#230 = EDGE_CURVE ( 'NONE', #863, #925, #441, .T. ) ;
#231 = VERTEX_POINT ( 'NONE', #96 ) ;
#232 = ORIENTED_EDGE ( 'NONE', *, *, #452, .T. ) ;
#233 = DIRECTION ( 'NONE',  ( 0.0000000000000000000, 0.0000000000000000000, 1.000000000000000000 ) ) ;
#234 = DIRECTION ( 'NONE',  ( 0.0000000000000000000, 0.0000000000000000000, 1.000000000000000000 ) ) ;
#235 = DIRECTION ( 'NONE',  ( 0.0000000000000000000, 0.0000000000000000000, 1.000000000000000000 ) ) ;
#236 = AXIS2_PLACEMENT_3D ( 'NONE', #1240, #1359, #249 ) ;
#237 = AXIS2_PLACEMENT_3D ( 'NONE', #27, #892, #341 ) ;
#238 = DIRECTION ( 'NONE',  ( -0.7071067811865484609, 0.0000000000000000000, 0.7071067811865465735 ) ) ;
#239 = ORIENTED_EDGE ( 'NONE', *, *, #1187, .F. ) ;
#240 = B_SPLINE_CURVE_WITH_KNOTS ( 'NONE', 3,
 ( #418, #97, #1415, #1089, #1299, #104, #975, #988, #1312, #310, #765, #326, #760, #1202 ),
 .UNSPECIFIED., .F., .F.,
 ( 4, 2, 2, 2, 2, 2, 4 ),
 ( 0.0008196844157443126683, 0.001022285040477686688, 0.001224885665211060490, 0.001326185977577747609, 0.001427486289944434510, 0.001528786602311121411, 0.001630086914677808529 ),
 .UNSPECIFIED. ) ;
#241 = CIRCLE ( 'NONE', #679, 0.7000000000000000666 ) ;
#242 = EDGE_CURVE ( 'NONE', #182, #719, #893, .T. ) ;
#243 = VERTEX_POINT ( 'NONE', #966 ) ;
#244 = CARTESIAN_POINT ( 'NONE',  ( 0.5430200537143176076, -1.244867127860225686, 1.806979946285681926 ) ) ;
#245 = VECTOR ( 'NONE', #702, 1000.000000000000000 ) ;
#246 = LOCAL_TIME ( 1, 2, 39.00000000000000000, #7 ) ;
#247 = DIRECTION ( 'NONE',  ( 0.0000000000000000000, 0.0000000000000000000, 1.000000000000000000 ) ) ;
#248 = PLANE ( 'NONE',  #888 ) ;
#249 = DIRECTION ( 'NONE',  ( 1.000000000000000000, 0.0000000000000000000, 0.0000000000000000000 ) ) ;
#250 = CARTESIAN_POINT ( 'NONE',  ( -0.4999999999999989453, 1.124850230013506369, 1.850000000000000089 ) ) ;
#251 = VERTEX_POINT ( 'NONE', #962 ) ;
#252 = EDGE_LOOP ( 'NONE', ( #1417, #1410, #283, #846 ) ) ;
#253 = CARTESIAN_POINT ( 'NONE',  ( 0.7000000000000002887, -1.307219380952977739, 1.650000000000000133 ) ) ;
#254 = DIRECTION ( 'NONE',  ( -0.7071067811865485719, 0.0000000000000000000, 0.7071067811865465735 ) ) ;
#255 = ADVANCED_FACE ( 'NONE', ( #421 ), #958, .F. ) ;
#256 = DIRECTION ( 'NONE',  ( 0.0000000000000000000, -1.000000000000000000, 0.0000000000000000000 ) ) ;
#257 = CARTESIAN_POINT ( 'NONE',  ( 4.749999999999999112, 2.700000000000002398, 0.5499999999999999334 ) ) ;
#258 = DIRECTION ( 'NONE',  ( 0.0000000000000000000, 0.0000000000000000000, -1.000000000000000000 ) ) ;
#259 = ORIENTED_EDGE ( 'NONE', *, *, #1272, .F. ) ;
#260 = ORIENTED_EDGE ( 'NONE', *, *, #1113, .T. ) ;
#261 = CARTESIAN_POINT ( 'NONE',  ( 0.0000000000000000000, 0.0000000000000000000, 0.0000000000000000000 ) ) ;
#262 = CARTESIAN_POINT ( 'NONE',  ( 1.400000000000000133, 0.4886947001355723685, 1.649999999999999911 ) ) ;
#263 = CARTESIAN_POINT ( 'NONE',  ( 1.400000000000000133, 22.56077300759379867, 1.649999999999999911 ) ) ;
#264 = EDGE_CURVE ( 'NONE', #1300, #154, #517, .T. ) ;
#265 = CARTESIAN_POINT ( 'NONE',  ( 7.450000000000000178, 1.714505518806294244E-15, 0.8499999999999999778 ) ) ;
#266 = AXIS2_PLACEMENT_3D ( 'NONE', #642, #745, #1072 ) ;
#267 = ORIENTED_EDGE ( 'NONE', *, *, #320, .F. ) ;
#268 = ORIENTED_EDGE ( 'NONE', *, *, #493, .F. ) ;
#269 = CARTESIAN_POINT ( 'NONE',  ( 1.440025092906292770, -0.3310935472966530790, 1.690025092906292326 ) ) ;
#270 = CIRCLE ( 'NONE', #132, 3.000000000000000000 ) ;
#271 = AXIS2_PLACEMENT_3D ( 'NONE', #739, #963, #856 ) ;
#272 = CARTESIAN_POINT ( 'NONE',  ( 0.2000000000000008993, 1.183215956619923404, 1.850000000000000089 ) ) ;
#273 = DIRECTION ( 'NONE',  ( -0.7071067811865465735, 0.0000000000000000000, -0.7071067811865485719 ) ) ;
#274 = AXIS2_PLACEMENT_3D ( 'NONE', #1058, #895, #227 ) ;
#275 = EDGE_CURVE ( 'NONE', #863, #1011, #1399, .T. ) ;
#276 = LINE ( 'NONE', #464, #588 ) ;
#277 = ORIENTED_EDGE ( 'NONE', *, *, #1419, .T. ) ;
#278 = EDGE_LOOP ( 'NONE', ( #277, #163, #683, #844 ) ) ;
#279 = CARTESIAN_POINT ( 'NONE',  ( 1.400000000000231060, -0.4886947001331371498, 1.650000000000230838 ) ) ;
#280 = LINE ( 'NONE', #1276, #447 ) ;
#281 = DIRECTION ( 'NONE',  ( 1.000000000000000000, 0.0000000000000000000, 0.0000000000000000000 ) ) ;
#282 = CARTESIAN_POINT ( 'NONE',  ( -0.2000000000000004274, -1.183215956619923404, 1.850000000000000089 ) ) ;
#283 = ORIENTED_EDGE ( 'NONE', *, *, #264, .T. ) ;
#284 = ORIENTED_EDGE ( 'NONE', *, *, #302, .F. ) ;
#285 = ADVANCED_FACE ( 'NONE', ( #864 ), #1231, .T. ) ;
#286 = CARTESIAN_POINT ( 'NONE',  ( 4.750000000000000888, -2.699999999999998845, 0.0000000000000000000 ) ) ;
#287 = ORIENTED_EDGE ( 'NONE', *, *, #1200, .F. ) ;
#288 = CARTESIAN_POINT ( 'NONE',  ( 0.09869400903827937888, 1.429852810315039635, 1.748694009038278541 ) ) ;
#289 = DATE_AND_TIME ( #538, #450 ) ;
#290 = DIRECTION ( 'NONE',  ( -0.0000000000000000000, -0.0000000000000000000, -1.000000000000000000 ) ) ;
#291 = ORIENTED_EDGE ( 'NONE', *, *, #69, .T. ) ;
#292 = CARTESIAN_POINT ( 'NONE',  ( 0.9000000000000009104, 0.8950610758411730039, 1.850000000000000089 ) ) ;
#293 = CC_DESIGN_PERSON_AND_ORGANIZATION_ASSIGNMENT ( #1084, #761, ( #340 ) ) ;
#294 = AXIS2_PLACEMENT_3D ( 'NONE', #352, #369, #804 ) ;
#295 = DIRECTION ( 'NONE',  ( 1.000000000000000000, 3.195543245220433239E-16, -0.0000000000000000000 ) ) ;
#296 = CIRCLE ( 'NONE', #177, 0.2999999999999999889 ) ;
#297 = AXIS2_PLACEMENT_3D ( 'NONE', #1338, #20, #785 ) ;
#298 = CIRCLE ( 'NONE', #1121, 1.500000000000000222 ) ;
#299 = DIRECTION ( 'NONE',  ( 1.000000000000000000, 3.195543245220433239E-16, 0.0000000000000000000 ) ) ;
#300 = ORIENTED_EDGE ( 'NONE', *, *, #214, .T. ) ;
#301 = CARTESIAN_POINT ( 'NONE',  ( -4.750000000000000000, -1.194030629168669469E-15, 0.3000000000000000444 ) ) ;
#302 = EDGE_CURVE ( 'NONE', #167, #201, #1185, .T. ) ;
#303 = DIRECTION ( 'NONE',  ( 0.7071067811865464625, 0.0000000000000000000, -0.7071067811865486830 ) ) ;
#304 = ADVANCED_BREP_SHAPE_REPRESENTATION ( 'Slider', ( #1287, #1057 ), #50 ) ;
#305 = ORIENTED_EDGE ( 'NONE', *, *, #1419, .F. ) ;
#306 = ORIENTED_EDGE ( 'NONE', *, *, #576, .T. ) ;
#307 = LINE ( 'NONE', #87, #444 ) ;
#308 = EDGE_CURVE ( 'NONE', #1010, #457, #1378, .T. ) ;
#309 = CARTESIAN_POINT ( 'NONE',  ( -0.6521735040770463288, -1.313648932047253748, 1.697826495922953427 ) ) ;
#310 = CARTESIAN_POINT ( 'NONE',  ( -1.299455222432553736, 0.5868776514154849799, 1.750544777567445864 ) ) ;
#311 = ORIENTED_EDGE ( 'NONE', *, *, #1382, .T. ) ;
#312 = DATE_AND_TIME ( #1090, #851 ) ;
#313 = ORIENTED_EDGE ( 'NONE', *, *, #484, .F. ) ;
#314 = FACE_OUTER_BOUND ( 'NONE', #148, .T. ) ;
#315 = TOROIDAL_SURFACE ( 'NONE', #88, 2.700000000000000622, 0.2999999999999999889 ) ;
#316 = AXIS2_PLACEMENT_3D ( 'NONE', #870, #1316, #650 ) ;
#317 = AXIS2_PLACEMENT_3D ( 'NONE', #705, #930, #1374 ) ;
#318 = VECTOR ( 'NONE', #1379, 1000.000000000000000 ) ;
#319 = CARTESIAN_POINT ( 'NONE',  ( -0.9000000000000204503, 0.8955739960571621472, 1.850000000000020073 ) ) ;
#320 = EDGE_CURVE ( 'NONE', #1343, #1363, #748, .T. ) ;
#321 = ORIENTED_EDGE ( 'NONE', *, *, #335, .T. ) ;
#322 = EDGE_CURVE ( 'NONE', #338, #719, #307, .T. ) ;
#323 = DIRECTION ( 'NONE',  ( 1.000000000000000000, 0.0000000000000000000, 0.0000000000000000000 ) ) ;
#324 = VERTEX_POINT ( 'NONE', #978 ) ;
#325 = DIRECTION ( 'NONE',  ( 0.0000000000000000000, -1.000000000000000000, 0.0000000000000000000 ) ) ;
#326 = CARTESIAN_POINT ( 'NONE',  ( -1.367447914119104713, 0.5406450042797207312, 1.682552085880895332 ) ) ;
#327 = PERSON_AND_ORGANIZATION ( #1407, #592 ) ;
#328 = ORIENTED_EDGE ( 'NONE', *, *, #516, .T. ) ;
#329 = EDGE_CURVE ( 'NONE', #115, #931, #296, .T. ) ;
#330 = DIRECTION ( 'NONE',  ( 0.0000000000000000000, 0.0000000000000000000, 1.000000000000000000 ) ) ;
#331 = CARTESIAN_POINT ( 'NONE',  ( 1.326511358146562847, 0.5758596619326176169, 1.723488641853437642 ) ) ;
#332 = CARTESIAN_POINT ( 'NONE',  ( -4.750000000000000000, -1.194030629168669469E-15, 0.5499999999999999334 ) ) ;
#333 = VERTEX_POINT ( 'NONE', #101 ) ;
#334 = DIRECTION ( 'NONE',  ( 1.000000000000000000, 0.0000000000000000000, 0.0000000000000000000 ) ) ;
#335 = EDGE_CURVE ( 'NONE', #874, #141, #645, .T. ) ;
#336 = DIRECTION ( 'NONE',  ( -0.0000000000000000000, -0.0000000000000000000, -1.000000000000000000 ) ) ;
#337 = FACE_OUTER_BOUND ( 'NONE', #92, .T. ) ;
#338 = VERTEX_POINT ( 'NONE', #195 ) ;
#339 = AXIS2_PLACEMENT_3D ( 'NONE', #1373, #494, #1161 ) ;
#340 = PRODUCT_DEFINITION_FORMATION_WITH_SPECIFIED_SOURCE ( 'ANY', '', #629, .NOT_KNOWN. ) ;
#341 = DIRECTION ( 'NONE',  ( 1.000000000000000000, 0.0000000000000000000, 0.0000000000000000000 ) ) ;
#342 = CC_DESIGN_PERSON_AND_ORGANIZATION_ASSIGNMENT ( #648, #105, ( #219 ) ) ;
#343 = DIRECTION ( 'NONE',  ( -0.0000000000000000000, -0.0000000000000000000, -1.000000000000000000 ) ) ;
#344 = DIRECTION ( 'NONE',  ( -0.0000000000000000000, -0.0000000000000000000, -1.000000000000000000 ) ) ;
#345 = DIRECTION ( 'NONE',  ( 1.000000000000000000, 0.0000000000000000000, 0.0000000000000000000 ) ) ;
#346 = VERTEX_POINT ( 'NONE', #1206 ) ;
#347 = ORIENTED_EDGE ( 'NONE', *, *, #208, .T. ) ;
#348 = CARTESIAN_POINT ( 'NONE',  ( 0.0000000000000000000, 0.0000000000000000000, -1.000000000000000000 ) ) ;
#349 = CARTESIAN_POINT ( 'NONE',  ( 4.750000000000001776, -2.699999999999998845, 0.8499999999999999778 ) ) ;
#350 = CARTESIAN_POINT ( 'NONE',  ( 0.4999999999999994449, -1.090871211463572132, 1.850000000000000089 ) ) ;
#351 = B_SPLINE_CURVE_WITH_KNOTS ( 'NONE', 3,
 ( #145, #1219, #28, #151, #319, #568 ),
 .UNSPECIFIED., .F., .F.,
 ( 4, 2, 4 ),
 ( 3.343402628995179796E-07, 0.0003039081277035178227, 0.0006074819151441361370 ),
 .UNSPECIFIED. ) ;
#352 = CARTESIAN_POINT ( 'NONE',  ( 4.750000000000000000, 1.714505518806294244E-15, 0.8499999999999999778 ) ) ;
#353 = EDGE_CURVE ( 'NONE', #413, #833, #1327, .T. ) ;
#354 = ORIENTED_EDGE ( 'NONE', *, *, #693, .F. ) ;
#355 = VERTEX_POINT ( 'NONE', #1302 ) ;
#356 = CARTESIAN_POINT ( 'NONE',  ( -1.202399899557544671, -0.3391528574123856554, 1.847600100442454929 ) ) ;
#357 = LINE ( 'NONE', #792, #591 ) ;
#358 = DIRECTION ( 'NONE',  ( 1.000000000000000000, 0.0000000000000000000, 0.0000000000000000000 ) ) ;
#359 = CARTESIAN_POINT ( 'NONE',  ( 0.5050584839091849521, 1.159073247415776553, 1.844941516090814027 ) ) ;
#360 = AXIS2_PLACEMENT_3D ( 'NONE', #657, #1103, #878 ) ;
#361 = DIRECTION ( 'NONE',  ( 0.0000000000000000000, 0.0000000000000000000, 1.000000000000000000 ) ) ;
#362 = ORIENTED_EDGE ( 'NONE', *, *, #1331, .F. ) ;
#363 = CIRCLE ( 'NONE', #1283, 1.000000000000000000 ) ;
#364 = ORIENTED_EDGE ( 'NONE', *, *, #1207, .F. ) ;
#365 = CARTESIAN_POINT ( 'NONE',  ( -1.199999999999999067, 0.0000000000000000000, 1.850000000000000089 ) ) ;
#366 = AXIS2_PLACEMENT_3D ( 'NONE', #487, #615, #1041 ) ;
#367 = PLANE ( 'NONE',  #1147 ) ;
#368 = DIRECTION ( 'NONE',  ( -0.0000000000000000000, -0.0000000000000000000, -1.000000000000000000 ) ) ;
#369 = DIRECTION ( 'NONE',  ( -0.0000000000000000000, -0.0000000000000000000, -1.000000000000000000 ) ) ;
#370 = CARTESIAN_POINT ( 'NONE',  ( -0.4999999999999989453, 1.090871211463572354, 1.850000000000000089 ) ) ;
#371 = ORIENTED_EDGE ( 'NONE', *, *, #19, .T. ) ;
#372 = ORIENTED_EDGE ( 'NONE', *, *, #713, .T. ) ;
#373 = DIRECTION ( 'NONE',  ( 0.0000000000000000000, 0.0000000000000000000, 1.000000000000000000 ) ) ;
#374 = ADVANCED_FACE ( 'NONE', ( #314 ), #751, .T. ) ;
#375 = FACE_BOUND ( 'NONE', #1403, .T. ) ;
#376 = DIRECTION ( 'NONE',  ( 1.000000000000000000, 0.0000000000000000000, -0.0000000000000000000 ) ) ;
#377 = LINE ( 'NONE', #160, #915 ) ;
#378 = ORIENTED_EDGE ( 'NONE', *, *, #1296, .F. ) ;
#379 = ORIENTED_EDGE ( 'NONE', *, *, #721, .F. ) ;
#380 = CARTESIAN_POINT ( 'NONE',  ( -4.750000000000000888, 2.699999999999999289, 0.8499999999999999778 ) ) ;
#381 = ADVANCED_FACE ( 'NONE', ( #1427 ), #428, .T. ) ;
#382 = FACE_OUTER_BOUND ( 'NONE', #755, .T. ) ;
#383 = FACE_OUTER_BOUND ( 'NONE', #799, .T. ) ;
#384 = VECTOR ( 'NONE', #639, 1000.000000000000000 ) ;
#385 = ORIENTED_EDGE ( 'NONE', *, *, #954, .F. ) ;
#386 = AXIS2_PLACEMENT_3D ( 'NONE', #152, #1270, #281 ) ;
#387 = FACE_OUTER_BOUND ( 'NONE', #736, .T. ) ;
#388 = LINE ( 'NONE', #263, #135 ) ;
#389 = ADVANCED_FACE ( 'NONE', ( #82 ), #704, .F. ) ;
#390 = CARTESIAN_POINT ( 'NONE',  ( -0.7000000000000000666, 0.0000000000000000000, -0.7000000000000000666 ) ) ;
#391 = EDGE_LOOP ( 'NONE', ( #1156, #919, #1126, #1199 ) ) ;
#392 = PLANE ( 'NONE',  #772 ) ;
#393 = DIRECTION ( 'NONE',  ( 1.000000000000000000, 0.0000000000000000000, 0.0000000000000000000 ) ) ;
#394 = LINE ( 'NONE', #1144, #478 ) ;
#395 = DIRECTION ( 'NONE',  ( -0.0000000000000000000, -0.0000000000000000000, 1.000000000000000000 ) ) ;
#396 = EDGE_CURVE ( 'NONE', #243, #1353, #501, .T. ) ;
#397 = ORIENTED_EDGE ( 'NONE', *, *, #1340, .T. ) ;
#398 = CARTESIAN_POINT ( 'NONE',  ( 4.749999999999999112, 2.700000000000002398, 0.0000000000000000000 ) ) ;
#399 = EDGE_LOOP ( 'NONE', ( #714, #1149, #602, #1242 ) ) ;
#400 = CARTESIAN_POINT ( 'NONE',  ( -1.000000000000000000, 1.224646799147353207E-16, -0.7000000000000000666 ) ) ;
#401 = DIRECTION ( 'NONE',  ( -1.000000000000000000, -3.195543245220433239E-16, -0.0000000000000000000 ) ) ;
#402 = VERTEX_POINT ( 'NONE', #434 ) ;
#403 = DIRECTION ( 'NONE',  ( 0.0000000000000000000, 0.0000000000000000000, -1.000000000000000000 ) ) ;
#404 = AXIS2_PLACEMENT_3D ( 'NONE', #737, #189, #623 ) ;
#405 = VECTOR ( 'NONE', #1267, 1000.000000000000000 ) ;
#406 = CIRCLE ( 'NONE', #1078, 3.000000000000000000 ) ;
#407 = DIRECTION ( 'NONE',  ( -1.000000000000000000, 0.0000000000000000000, 0.0000000000000000000 ) ) ;
#408 = VERTEX_POINT ( 'NONE', #1244 ) ;
#409 = DIRECTION ( 'NONE',  ( 1.000000000000000000, 0.0000000000000000000, 0.0000000000000000000 ) ) ;
#410 = ADVANCED_FACE ( 'NONE', ( #1218 ), #1305, .T. ) ;
#411 = FACE_OUTER_BOUND ( 'NONE', #783, .T. ) ;
#412 = DIRECTION ( 'NONE',  ( -1.000000000000000000, -3.195543245220433239E-16, 0.0000000000000000000 ) ) ;
#413 = VERTEX_POINT ( 'NONE', #225 ) ;
#414 = PERSON_AND_ORGANIZATION_ROLE ( 'design_owner' ) ;
#415 = CARTESIAN_POINT ( 'NONE',  ( 0.0000000000000000000, 0.0000000000000000000, 1.850000000000000089 ) ) ;
#416 = EDGE_CURVE ( 'NONE', #1011, #735, #809, .T. ) ;
#417 = CARTESIAN_POINT ( 'NONE',  ( 0.7000000000000001776, 22.56077300759379867, 1.649999999999999911 ) ) ;
#418 = CARTESIAN_POINT ( 'NONE',  ( -1.199999999999999067, 0.0000000000000000000, 1.850000000000000089 ) ) ;
#419 = COORDINATED_UNIVERSAL_TIME_OFFSET ( 3, 0, .AHEAD. ) ;
#420 = ORIENTED_EDGE ( 'NONE', *, *, #168, .T. ) ;
#421 = FACE_OUTER_BOUND ( 'NONE', #959, .T. ) ;
#422 = CIRCLE ( 'NONE', #1070, 1.200000000000000400 ) ;
#423 = AXIS2_PLACEMENT_3D ( 'NONE', #79, #1391, #1284 ) ;
#424 = AXIS2_PLACEMENT_3D ( 'NONE', #1389, #1371, #1269 ) ;
#425 = DIRECTION ( 'NONE',  ( 1.224646799147353207E-16, 1.000000000000000000, -0.0000000000000000000 ) ) ;
#426 = EDGE_CURVE ( 'NONE', #1223, #1011, #459, .T. ) ;
#427 = ORIENTED_EDGE ( 'NONE', *, *, #1342, .T. ) ;
#428 = CYLINDRICAL_SURFACE ( 'NONE', #316, 0.2999999999999999334 ) ;
#429 = CARTESIAN_POINT ( 'NONE',  ( 1.400000000000000133, 0.4886947001355723685, 1.649999999999999911 ) ) ;
#430 = DIRECTION ( 'NONE',  ( 1.000000000000000000, 0.0000000000000000000, 0.0000000000000000000 ) ) ;
#431 = ADVANCED_FACE ( 'NONE', ( #1127 ), #1337, .T. ) ;
#432 = APPROVAL_ROLE ( '' ) ;
#433 = ORIENTED_EDGE ( 'NONE', *, *, #770, .T. ) ;
#434 = CARTESIAN_POINT ( 'NONE',  ( 0.2000000000004058531, -1.183215956609795283, 1.850000000000404876 ) ) ;
#435 = CARTESIAN_POINT ( 'NONE',  ( 1.202399899557538010, 0.3391528574120998840, 1.847600100442461812 ) ) ;
#436 = CARTESIAN_POINT ( 'NONE',  ( -4.750000000000000000, -3.000000000000001776, 0.5499999999999999334 ) ) ;
#437 = B_SPLINE_CURVE_WITH_KNOTS ( 'NONE', 3,
 ( #370, #250, #798, #601, #681, #805, #697, #1138 ),
 .UNSPECIFIED., .F., .F.,
 ( 4, 2, 2, 4 ),
 ( 0.0005836985982096442628, 0.0006839018333245023900, 0.0007841050684393604088, 0.0009845115386690767717 ),
 .UNSPECIFIED. ) ;
#438 = ORIENTED_EDGE ( 'NONE', *, *, #905, .T. ) ;
#439 = CARTESIAN_POINT ( 'NONE',  ( -4.750000000000000000, -2.700000000000001954, 0.3000000000000000444 ) ) ;
#440 = EDGE_CURVE ( 'NONE', #457, #596, #1282, .T. ) ;
#441 = B_SPLINE_CURVE_WITH_KNOTS ( 'NONE', 3,
 ( #1111, #904, #139, #570, #463, #359, #795, #1194 ),
 .UNSPECIFIED., .F., .F.,
 ( 4, 2, 2, 4 ),
 ( 2.809915156383575067E-07, 0.0002018675760737762166, 0.0003026608683528453640, 0.0004034541606319144843 ),
 .UNSPECIFIED. ) ;
#442 = DIRECTION ( 'NONE',  ( 0.0000000000000000000, -1.000000000000000000, 0.0000000000000000000 ) ) ;
#443 = CARTESIAN_POINT ( 'NONE',  ( -0.9000000000000003553, 0.0000000000000000000, 1.850000000000000089 ) ) ;
#444 = VECTOR ( 'NONE', #520, 1000.000000000000000 ) ;
#445 = DIRECTION ( 'NONE',  ( 1.000000000000000000, 0.0000000000000000000, 0.0000000000000000000 ) ) ;
#446 = AXIS2_PLACEMENT_3D ( 'NONE', #694, #343, #1237 ) ;
#447 = VECTOR ( 'NONE', #928, 1000.000000000000000 ) ;
#448 = ORIENTED_EDGE ( 'NONE', *, *, #473, .T. ) ;
#449 = AXIS2_PLACEMENT_3D ( 'NONE', #29, #999, #109 ) ;
#450 = LOCAL_TIME ( 1, 2, 39.00000000000000000, #419 ) ;
#451 = CARTESIAN_POINT ( 'NONE',  ( 0.5265252580267878457, -1.219007968206708314, 1.823474741973211355 ) ) ;
#452 = EDGE_CURVE ( 'NONE', #932, #723, #652, .T. ) ;
#453 = CARTESIAN_POINT ( 'NONE',  ( -0.2000000000000005107, 1.257877982523041505, 1.850000000000000311 ) ) ;
#454 = CARTESIAN_POINT ( 'NONE',  ( 1.367597552211021528, 0.5403033961670965502, 1.682402447788978517 ) ) ;
#455 = DIRECTION ( 'NONE',  ( -0.0000000000000000000, -0.0000000000000000000, 1.000000000000000000 ) ) ;
#456 = ORIENTED_EDGE ( 'NONE', *, *, #934, .F. ) ;
#457 = VERTEX_POINT ( 'NONE', #35 ) ;
#458 = CARTESIAN_POINT ( 'NONE',  ( -1.254582721076639595, -0.5650153483527616816, 1.795417278923359339 ) ) ;
#459 = B_SPLINE_CURVE_WITH_KNOTS ( 'NONE', 3,
 ( #17, #122, #1234, #451, #244, #116, #802, #253 ),
 .UNSPECIFIED., .F., .F.,
 ( 4, 2, 2, 4 ),
 ( 0.0005836985982096673563, 0.0006839018333246219775, 0.0007841050684395764903, 0.0009845115386694857328 ),
 .UNSPECIFIED. ) ;
#460 = CARTESIAN_POINT ( 'NONE',  ( 0.7000000000000001776, 22.56077300759379867, 1.649999999999999911 ) ) ;
#461 = CARTESIAN_POINT ( 'NONE',  ( 0.1729075208898549487, -1.327807773324872098, 1.822907520889854194 ) ) ;
#462 = EDGE_CURVE ( 'NONE', #706, #251, #845, .T. ) ;
#463 = CARTESIAN_POINT ( 'NONE',  ( 0.5265964647499487006, 1.219112938628677423, 1.823403535250050611 ) ) ;
#464 = CARTESIAN_POINT ( 'NONE',  ( -7.750000000000000000, -1.194030629168669469E-15, 0.8499999999999999778 ) ) ;
#465 = ORIENTED_EDGE ( 'NONE', *, *, #19, .F. ) ;
#466 = VERTEX_POINT ( 'NONE', #467 ) ;
#467 = CARTESIAN_POINT ( 'NONE',  ( 7.750000000000000000, 1.714505518806294244E-15, 0.5499999999999999334 ) ) ;
#468 = CARTESIAN_POINT ( 'NONE',  ( -1.399999999999999689, 22.44534207614836063, 1.649999999999999911 ) ) ;
#469 = CARTESIAN_POINT ( 'NONE',  ( -1.200000000000000400, 1.469576158976824046E-16, 1.550000000000000266 ) ) ;
#470 = CIRCLE ( 'NONE', #130, 1.200000000000000400 ) ;
#471 = AXIS2_PLACEMENT_3D ( 'NONE', #439, #143, #574 ) ;
#472 = PLANE ( 'NONE',  #939 ) ;
#473 = EDGE_CURVE ( 'NONE', #126, #511, #1354, .T. ) ;
#474 = EDGE_LOOP ( 'NONE', ( #1368, #597, #807, #635, #1164 ) ) ;
#475 = AXIS2_PLACEMENT_3D ( 'NONE', #1013, #1226, #885 ) ;
#476 = ORIENTED_EDGE ( 'NONE', *, *, #193, .T. ) ;
#477 = CARTESIAN_POINT ( 'NONE',  ( 1.400000000000231060, -0.4886947001331371498, 1.650000000000230838 ) ) ;
#478 = VECTOR ( 'NONE', #368, 1000.000000000000000 ) ;
#479 = DIRECTION ( 'NONE',  ( -0.0000000000000000000, -0.0000000000000000000, -1.000000000000000000 ) ) ;
#480 = LINE ( 'NONE', #594, #180 ) ;
#481 = CARTESIAN_POINT ( 'NONE',  ( 1.400000000000231060, -0.4886947001331371498, 1.650000000000230838 ) ) ;
#482 = PLANE ( 'NONE',  #730 ) ;
#483 = ORIENTED_EDGE ( 'NONE', *, *, #934, .T. ) ;
#484 = EDGE_CURVE ( 'NONE', #408, #727, #585, .T. ) ;
#485 = ORIENTED_EDGE ( 'NONE', *, *, #1222, .F. ) ;
#486 = CARTESIAN_POINT ( 'NONE',  ( 1.212871503756727032, -0.4348328330255223362, 1.837128496243272346 ) ) ;
#487 = CARTESIAN_POINT ( 'NONE',  ( 0.0000000000000000000, 0.0000000000000000000, 1.850000000000000089 ) ) ;
#488 = CARTESIAN_POINT ( 'NONE',  ( -5.604327678782882009E-14, -1.482842712474639280, 1.649999999999943734 ) ) ;
#489 = CARTESIAN_POINT ( 'NONE',  ( -4.750000000000000888, 2.699999999999999289, 0.8499999999999999778 ) ) ;
#490 = ORIENTED_EDGE ( 'NONE', *, *, #1296, .T. ) ;
#491 = CARTESIAN_POINT ( 'NONE',  ( 1.199999999999999289, -0.06699158156244439111, 1.850000000000000533 ) ) ;
#492 = DIRECTION ( 'NONE',  ( 1.000000000000000000, 0.0000000000000000000, 0.0000000000000000000 ) ) ;
#493 = EDGE_CURVE ( 'NONE', #402, #949, #768, .T. ) ;
#494 = DIRECTION ( 'NONE',  ( 0.0000000000000000000, 0.0000000000000000000, 1.000000000000000000 ) ) ;
#495 = DIRECTION ( 'NONE',  ( -0.7071067811865465735, 0.0000000000000000000, -0.7071067811865484609 ) ) ;
#496 = AXIS2_PLACEMENT_3D ( 'NONE', #206, #969, #412 ) ;
#497 = ORIENTED_EDGE ( 'NONE', *, *, #30, .T. ) ;
#498 = LINE ( 'NONE', #380, #752 ) ;
#499 = VECTOR ( 'NONE', #1153, 1000.000000000000000 ) ;
#500 = CIRCLE ( 'NONE', #680, 3.000000000000000444 ) ;
#501 = B_SPLINE_CURVE_WITH_KNOTS ( 'NONE', 3,
 ( #554, #566, #1345, #1004, #791, #458, #900, #660, #1328, #356, #684, #882, #10, #365 ),
 .UNSPECIFIED., .F., .F.,
 ( 4, 2, 2, 2, 2, 2, 4 ),
 ( 4.544072495187737232E-07, 0.0001028581583113679585, 0.0002052619093732171486, 0.0003076656604350663251, 0.0004100694114969155287, 0.0006148769136206141527, 0.0008196844157443126683 ),
 .UNSPECIFIED. ) ;
#502 = CARTESIAN_POINT ( 'NONE',  ( -4.750000000000000888, 2.699999999999999289, 0.5499999999999999334 ) ) ;
#503 = DIRECTION ( 'NONE',  ( 1.000000000000000000, -0.0000000000000000000, 0.0000000000000000000 ) ) ;
#504 = EDGE_CURVE ( 'NONE', #706, #98, #45, .T. ) ;
#505 = DIRECTION ( 'NONE',  ( 3.195543245220433239E-16, -1.000000000000000000, 0.0000000000000000000 ) ) ;
#506 = ORIENTED_EDGE ( 'NONE', *, *, #322, .T. ) ;
#507 = ORIENTED_EDGE ( 'NONE', *, *, #193, .F. ) ;
#508 = DIRECTION ( 'NONE',  ( 1.000000000000000000, 0.0000000000000000000, 0.0000000000000000000 ) ) ;
#509 = CC_DESIGN_DATE_AND_TIME_ASSIGNMENT ( #289, #114, ( #219 ) ) ;
#510 = FACE_OUTER_BOUND ( 'NONE', #741, .T. ) ;
#511 = VERTEX_POINT ( 'NONE', #398 ) ;
#512 = ORIENTED_EDGE ( 'NONE', *, *, #584, .F. ) ;
#513 = CARTESIAN_POINT ( 'NONE',  ( 0.0000000000000000000, 0.0000000000000000000, -1.000000000000000000 ) ) ;
#514 = DIRECTION ( 'NONE',  ( -0.7071067811865486830, 0.0000000000000000000, -0.7071067811865464625 ) ) ;
#515 = ORIENTED_EDGE ( 'NONE', *, *, #738, .T. ) ;
#516 = EDGE_CURVE ( 'NONE', #727, #408, #655, .T. ) ;
#517 = CIRCLE ( 'NONE', #1400, 0.2999999999999999889 ) ;
#518 = ORIENTED_EDGE ( 'NONE', *, *, #576, .F. ) ;
#519 = AXIS2_PLACEMENT_3D ( 'NONE', #696, #1221, #124 ) ;
#520 = DIRECTION ( 'NONE',  ( 0.0000000000000000000, -1.000000000000000000, 0.0000000000000000000 ) ) ;
#521 = AXIS2_PLACEMENT_3D ( 'NONE', #67, #1039, #1141 ) ;
#522 = CIRCLE ( 'NONE', #563, 0.2999999999999999889 ) ;
#523 = LOCAL_TIME ( 1, 2, 39.00000000000000000, #873 ) ;
#524 = CYLINDRICAL_SURFACE ( 'NONE', #423, 0.2999999999999999334 ) ;
#525 = DIRECTION ( 'NONE',  ( 1.000000000000000000, 0.0000000000000000000, 0.0000000000000000000 ) ) ;
#526 = ORIENTED_EDGE ( 'NONE', *, *, #713, .F. ) ;
#527 = APPROVAL_ROLE ( '' ) ;
#528 = EDGE_LOOP ( 'NONE', ( #1133, #1230, #41, #66 ) ) ;
#529 = EDGE_CURVE ( 'NONE', #890, #207, #108, .T. ) ;
#530 = FACE_OUTER_BOUND ( 'NONE', #1279, .T. ) ;
#531 = FACE_OUTER_BOUND ( 'NONE', #106, .T. ) ;
#532 = MECHANICAL_CONTEXT ( 'NONE', #703, 'mechanical' ) ;
#533 = EDGE_LOOP ( 'NONE', ( #1243, #1115, #260, #550, #8 ) ) ;
#534 = DIRECTION ( 'NONE',  ( 1.000000000000000000, 0.0000000000000000000, 0.0000000000000000000 ) ) ;
#535 = EDGE_CURVE ( 'NONE', #682, #333, #1118, .T. ) ;
#536 = DIRECTION ( 'NONE',  ( 0.0000000000000000000, -1.000000000000000000, 0.0000000000000000000 ) ) ;
#537 = CARTESIAN_POINT ( 'NONE',  ( -4.750000000000000000, -1.194030629168669469E-15, 0.8499999999999999778 ) ) ;
#538 = CALENDAR_DATE ( 2021, 12, 3 ) ;
#539 = ORIENTED_EDGE ( 'NONE', *, *, #883, .T. ) ;
#540 = VECTOR ( 'NONE', #1056, 1000.000000000000000 ) ;
#541 = CARTESIAN_POINT ( 'NONE',  ( -7.750000000000000888, -1.194030629168669469E-15, 0.5499999999999999334 ) ) ;
#542 = CIRCLE ( 'NONE', #1355, 0.2999999999999999889 ) ;
#543 = CC_DESIGN_DATE_AND_TIME_ASSIGNMENT ( #984, #1416, ( #1313 ) ) ;
#544 = VECTOR ( 'NONE', #1277, 1000.000000000000000 ) ;
#545 = ORIENTED_EDGE ( 'NONE', *, *, #1179, .T. ) ;
#546 = PERSON_AND_ORGANIZATION_ROLE ( 'creator' ) ;
#547 = ORIENTED_EDGE ( 'NONE', *, *, #1331, .T. ) ;
#548 = DIRECTION ( 'NONE',  ( -1.000000000000000000, 0.0000000000000000000, -0.0000000000000000000 ) ) ;
#549 = CARTESIAN_POINT ( 'NONE',  ( 0.0000000000000000000, 0.0000000000000000000, 1.850000000000000089 ) ) ;
#550 = ORIENTED_EDGE ( 'NONE', *, *, #584, .T. ) ;
#551 = ADVANCED_FACE ( 'NONE', ( #150 ), #997, .T. ) ;
#552 = APPROVAL_STATUS ( 'not_yet_approved' ) ;
#553 = ORIENTED_EDGE ( 'NONE', *, *, #779, .F. ) ;
#554 = CARTESIAN_POINT ( 'NONE',  ( -1.399999999999814948, -0.4886947001343593389, 1.650000000000184652 ) ) ;
#555 = DIRECTION ( 'NONE',  ( 1.000000000000000000, 0.0000000000000000000, 0.0000000000000000000 ) ) ;
#556 = DIRECTION ( 'NONE',  ( 1.000000000000000000, 0.0000000000000000000, 0.0000000000000000000 ) ) ;
#557 = EDGE_LOOP ( 'NONE', ( #507, #25, #371, #518, #814, #485, #993, #664, #81, #259, #1335, #1132, #1188, #589, #698, #1273, #553 ) ) ;
#558 = ADVANCED_FACE ( 'NONE', ( #692 ), #722, .T. ) ;
#559 = CARTESIAN_POINT ( 'NONE',  ( 0.8788985410741693149, -0.9957369393362562882, 1.828898541074168493 ) ) ;
#560 = AXIS2_PLACEMENT_3D ( 'NONE', #513, #403, #1295 ) ;
#561 = LINE ( 'NONE', #668, #1281 ) ;
#562 = AXIS2_PLACEMENT_3D ( 'NONE', #1356, #894, #754 ) ;
#563 = AXIS2_PLACEMENT_3D ( 'NONE', #502, #77, #826 ) ;
#564 = ORIENTED_EDGE ( 'NONE', *, *, #927, .T. ) ;
#565 = ORIENTED_EDGE ( 'NONE', *, *, #452, .F. ) ;
#566 = CARTESIAN_POINT ( 'NONE',  ( -1.384966520494273157, -0.5156345425322338416, 1.665033479505727332 ) ) ;
#567 = EDGE_CURVE ( 'NONE', #1003, #251, #72, .T. ) ;
#568 = CARTESIAN_POINT ( 'NONE',  ( -0.9000000000000004663, 0.7937253933193773037, 1.850000000000000089 ) ) ;
#569 = CARTESIAN_POINT ( 'NONE',  ( 1.384966520493954523, 0.5156345425327125698, 1.665033479506046188 ) ) ;
#570 = CARTESIAN_POINT ( 'NONE',  ( 0.5431199472533266848, 1.245015955242017469, 1.806880052746673293 ) ) ;
#571 = CARTESIAN_POINT ( 'NONE',  ( 4.749999999999999112, 3.000000000000002220, 0.5499999999999999334 ) ) ;
#572 = ORIENTED_EDGE ( 'NONE', *, *, #1076, .T. ) ;
#573 = EDGE_LOOP ( 'NONE', ( #212, #880, #372, #604 ) ) ;
#574 = DIRECTION ( 'NONE',  ( 0.0000000000000000000, 0.0000000000000000000, -1.000000000000000000 ) ) ;
#575 = CARTESIAN_POINT ( 'NONE',  ( -0.05089965591521155436, 1.464846966546026641, 1.700899655915211195 ) ) ;
#576 = EDGE_CURVE ( 'NONE', #207, #1257, #1205, .T. ) ;
#577 = FACE_OUTER_BOUND ( 'NONE', #1074, .T. ) ;
#578 = FACE_OUTER_BOUND ( 'NONE', #1139, .T. ) ;
#579 = ORIENTED_EDGE ( 'NONE', *, *, #462, .F. ) ;
#580 = ORIENTED_EDGE ( 'NONE', *, *, #811, .T. ) ;
#581 = CARTESIAN_POINT ( 'NONE',  ( 1.252935013822264354, -0.5632620784442780026, 1.797064986177735246 ) ) ;
#582 = CARTESIAN_POINT ( 'NONE',  ( -0.2000000000000004274, -1.183215956619923404, 1.850000000000000089 ) ) ;
#583 = DIRECTION ( 'NONE',  ( -1.000000000000000000, 1.224646799147353207E-16, 0.0000000000000000000 ) ) ;
#584 = EDGE_CURVE ( 'NONE', #154, #682, #498, .T. ) ;
#585 = CIRCLE ( 'NONE', #1235, 1.300000000000000044 ) ;
#586 = CARTESIAN_POINT ( 'NONE',  ( -1.300000000000000044, 1.592040838891559095E-16, 2.710505431213761085E-17 ) ) ;
#587 = VERTEX_POINT ( 'NONE', #715 ) ;
#588 = VECTOR ( 'NONE', #906, 1000.000000000000000 ) ;
#589 = ORIENTED_EDGE ( 'NONE', *, *, #242, .F. ) ;
#590 = DIRECTION ( 'NONE',  ( 0.0000000000000000000, 0.0000000000000000000, -1.000000000000000000 ) ) ;
#591 = VECTOR ( 'NONE', #1395, 1000.000000000000000 ) ;
#592 = ORGANIZATION ( 'UNSPECIFIED', 'UNSPECIFIED', '' ) ;
#593 = CARTESIAN_POINT ( 'NONE',  ( 1.456155281280883562, -5.789306567818222172E-17, 1.706155281280883118 ) ) ;
#594 = CARTESIAN_POINT ( 'NONE',  ( -1.500000000000000222, 0.0000000000000000000, 1.850000000000000089 ) ) ;
#595 = CYLINDRICAL_SURFACE ( 'NONE', #1052, 3.000000000000000000 ) ;
#596 = VERTEX_POINT ( 'NONE', #156 ) ;
#597 = ORIENTED_EDGE ( 'NONE', *, *, #168, .F. ) ;
#598 = CARTESIAN_POINT ( 'NONE',  ( 1.325395305736598806, -0.5766069093463845885, 1.724604694263401683 ) ) ;
#599 = DIRECTION ( 'NONE',  ( -1.000000000000000000, 1.224646799147353207E-16, 0.0000000000000000000 ) ) ;
#600 = DIRECTION ( 'NONE',  ( 0.0000000000000000000, 0.0000000000000000000, 1.000000000000000000 ) ) ;
#601 = CARTESIAN_POINT ( 'NONE',  ( -0.5265252580267346660, 1.219007968206599291, 1.823474741973263313 ) ) ;
#602 = ORIENTED_EDGE ( 'NONE', *, *, #308, .T. ) ;
#603 = DIRECTION ( 'NONE',  ( -1.000000000000000000, 0.0000000000000000000, 0.0000000000000000000 ) ) ;
#604 = ORIENTED_EDGE ( 'NONE', *, *, #625, .F. ) ;
#605 = EDGE_CURVE ( 'NONE', #1152, #1172, #865, .T. ) ;
#606 = CARTESIAN_POINT ( 'NONE',  ( 0.0000000000000000000, 0.0000000000000000000, -1.000000000000000000 ) ) ;
#607 = CARTESIAN_POINT ( 'NONE',  ( 0.0000000000000000000, 0.0000000000000000000, 1.550000000000000266 ) ) ;
#608 = B_SPLINE_CURVE_WITH_KNOTS ( 'NONE', 3,
 ( #1043, #140, #1009, #32 ),
 .UNSPECIFIED., .F., .F.,
 ( 4, 4 ),
 ( 0.0004960546892513190012, 0.0009912806233168688051 ),
 .UNSPECIFIED. ) ;
#609 = CARTESIAN_POINT ( 'NONE',  ( -1.456155281280889335, 0.1663049455571969648, 1.706155281280889335 ) ) ;
#610 = ORIENTED_EDGE ( 'NONE', *, *, #770, .F. ) ;
#611 = CARTESIAN_POINT ( 'NONE',  ( 1.217976041559778677, -0.4688873713909771368, 1.832023958440221589 ) ) ;
#612 = ORIENTED_EDGE ( 'NONE', *, *, #102, .T. ) ;
#613 = CIRCLE ( 'NONE', #1213, 0.2999999999999999334 ) ;
#614 = VECTOR ( 'NONE', #12, 1000.000000000000000 ) ;
#615 = DIRECTION ( 'NONE',  ( 0.0000000000000000000, 0.0000000000000000000, 1.000000000000000000 ) ) ;
#616 = CARTESIAN_POINT ( 'NONE',  ( 0.0000000000000000000, 0.0000000000000000000, 1.850000000000000089 ) ) ;
#617 = ORIENTED_EDGE ( 'NONE', *, *, #308, .F. ) ;
#618 = DIRECTION ( 'NONE',  ( -1.000000000000000000, -1.224646799147352961E-16, 0.0000000000000000000 ) ) ;
#619 = DIRECTION ( 'NONE',  ( 1.224646799147353207E-16, 1.000000000000000000, -0.0000000000000000000 ) ) ;
#620 = EDGE_CURVE ( 'NONE', #1172, #596, #708, .T. ) ;
#621 = CARTESIAN_POINT ( 'NONE',  ( -4.750000000000000888, -3.000000000000001776, 0.5499999999999999334 ) ) ;
#622 = ORIENTED_EDGE ( 'NONE', *, *, #781, .F. ) ;
#623 = DIRECTION ( 'NONE',  ( 1.000000000000000000, 0.0000000000000000000, 0.0000000000000000000 ) ) ;
#624 = FACE_OUTER_BOUND ( 'NONE', #1352, .T. ) ;
#625 = EDGE_CURVE ( 'NONE', #201, #167, #241, .T. ) ;
#626 = DIRECTION ( 'NONE',  ( -1.000000000000000000, 0.0000000000000000000, 0.0000000000000000000 ) ) ;
#627 = ORIENTED_EDGE ( 'NONE', *, *, #1200, .T. ) ;
#628 = APPROVAL_DATE_TIME ( #312, #1253 ) ;
#629 = PRODUCT ( 'Slider', 'Slider', '', ( #532 ) ) ;
#630 = VECTOR ( 'NONE', #3, 1000.000000000000000 ) ;
#631 = AXIS2_PLACEMENT_3D ( 'NONE', #816, #825, #950 ) ;
#632 = AXIS2_PLACEMENT_3D ( 'NONE', #606, #834, #393 ) ;
#633 = CARTESIAN_POINT ( 'NONE',  ( -0.6024341437390307030, -1.302368622582684488, 1.747565856260968609 ) ) ;
#634 = FACE_OUTER_BOUND ( 'NONE', #474, .T. ) ;
#635 = ORIENTED_EDGE ( 'NONE', *, *, #875, .F. ) ;
#636 = DATE_AND_TIME ( #868, #246 ) ;
#637 = EDGE_LOOP ( 'NONE', ( #1294, #1319, #506, #539 ) ) ;
#638 = ADVANCED_FACE ( 'NONE', ( #1388 ), #392, .F. ) ;
#639 = DIRECTION ( 'NONE',  ( 0.0000000000000000000, -1.000000000000000000, 0.0000000000000000000 ) ) ;
#640 = B_SPLINE_CURVE_WITH_KNOTS ( 'NONE', 3,
 ( #429, #569, #454, #331, #1339, #1094, #4, #117, #1347, #435, #786, #771, #661, #778 ),
 .UNSPECIFIED., .F., .F.,
 ( 4, 2, 2, 2, 2, 2, 4 ),
 ( 4.544072502066491268E-07, 0.0001028581583119697856, 0.0002052619093737329036, 0.0003076656604354960486, 0.0004100694114972591666, 0.0006148769136207850230, 0.0008196844157443109336 ),
 .UNSPECIFIED. ) ;
#641 = DIRECTION ( 'NONE',  ( 1.000000000000000000, 0.0000000000000000000, 0.0000000000000000000 ) ) ;
#642 = CARTESIAN_POINT ( 'NONE',  ( 0.0000000000000000000, 0.0000000000000000000, -0.7000000000000000666 ) ) ;
#643 = PERSON_AND_ORGANIZATION_ROLE ( 'creator' ) ;
#644 = ORIENTED_EDGE ( 'NONE', *, *, #1146, .T. ) ;
#645 = LINE ( 'NONE', #956, #728 ) ;
#646 = EDGE_CURVE ( 'NONE', #1289, #201, #46, .T. ) ;
#647 = CARTESIAN_POINT ( 'NONE',  ( 0.0000000000000000000, 0.0000000000000000000, 0.8499999999999999778 ) ) ;
#648 = PERSON_AND_ORGANIZATION ( #1407, #592 ) ;
#649 = ORIENTED_EDGE ( 'NONE', *, *, #1016, .F. ) ;
#650 = DIRECTION ( 'NONE',  ( 0.0000000000000000000, 1.000000000000000000, 0.0000000000000000000 ) ) ;
#651 = CIRCLE ( 'NONE', #68, 1.800000000000000266 ) ;
#652 = CIRCLE ( 'NONE', #157, 0.2999999999999999889 ) ;
#653 = CARTESIAN_POINT ( 'NONE',  ( 0.2000000000004058531, -1.183215956609795283, 1.850000000000404876 ) ) ;
#654 = B_SPLINE_CURVE_WITH_KNOTS ( 'NONE', 3,
 ( #1171, #1053, #609, #74 ),
 .UNSPECIFIED., .F., .F.,
 ( 4, 4 ),
 ( 8.239709370715035535E-07, 0.0004960546892513190012 ),
 .UNSPECIFIED. ) ;
#655 = CIRCLE ( 'NONE', #1263, 1.300000000000000044 ) ;
#656 = CIRCLE ( 'NONE', #366, 1.200000000000000400 ) ;
#657 = CARTESIAN_POINT ( 'NONE',  ( 4.750000000000000000, 1.714505518806294244E-15, 0.5499999999999999334 ) ) ;
#658 = APPROVAL_DATE_TIME ( #194, #1348 ) ;
#659 = EDGE_LOOP ( 'NONE', ( #965, #1038, #1375, #232 ) ) ;
#660 = CARTESIAN_POINT ( 'NONE',  ( -1.218823548196812823, -0.4729449267728605966, 1.831176451803185889 ) ) ;
#661 = CARTESIAN_POINT ( 'NONE',  ( 1.199999999999999067, 0.06772130392566015622, 1.850000000000000977 ) ) ;
#662 = DIRECTION ( 'NONE',  ( 0.0000000000000000000, 0.0000000000000000000, 1.000000000000000000 ) ) ;
#663 = EDGE_CURVE ( 'NONE', #1275, #863, #1385, .T. ) ;
#664 = ORIENTED_EDGE ( 'NONE', *, *, #426, .F. ) ;
#665 = CARTESIAN_POINT ( 'NONE',  ( 0.0000000000000000000, 0.0000000000000000000, 1.550000000000000266 ) ) ;
#666 = CARTESIAN_POINT ( 'NONE',  ( 0.0000000000000000000, 0.0000000000000000000, 1.850000000000000089 ) ) ;
#667 = DIRECTION ( 'NONE',  ( 0.0000000000000000000, 0.0000000000000000000, 1.000000000000000000 ) ) ;
#668 = CARTESIAN_POINT ( 'NONE',  ( 4.750000000000001776, -2.999999999999998668, 0.8499999999999999778 ) ) ;
#669 = EDGE_CURVE ( 'NONE', #931, #1163, #270, .T. ) ;
#670 = ORIENTED_EDGE ( 'NONE', *, *, #1207, .T. ) ;
#671 = B_SPLINE_CURVE_WITH_KNOTS ( 'NONE', 3,
 ( #226, #575, #861, #1109, #453, #1304 ),
 .UNSPECIFIED., .F., .F.,
 ( 4, 2, 4 ),
 ( 2.873582334431938922E-07, 0.0002197124526564239266, 0.0004391375470794046530 ),
 .UNSPECIFIED. ) ;
#672 = ORIENTED_EDGE ( 'NONE', *, *, #974, .T. ) ;
#673 = CARTESIAN_POINT ( 'NONE',  ( 1.800000000000000266, 0.0000000000000000000, 1.149999999999999911 ) ) ;
#674 = DIRECTION ( 'NONE',  ( 0.0000000000000000000, 0.0000000000000000000, -1.000000000000000000 ) ) ;
#675 = AXIS2_PLACEMENT_3D ( 'NONE', #537, #1421, #626 ) ;
#676 = DIRECTION ( 'NONE',  ( 1.000000000000000000, 0.0000000000000000000, 0.0000000000000000000 ) ) ;
#677 = AXIS2_PLACEMENT_3D ( 'NONE', #665, #233, #776 ) ;
#678 = DIRECTION ( 'NONE',  ( 1.224646799147353207E-16, 1.000000000000000000, -0.0000000000000000000 ) ) ;
#679 = AXIS2_PLACEMENT_3D ( 'NONE', #933, #1377, #603 ) ;
#680 = AXIS2_PLACEMENT_3D ( 'NONE', #764, #138, #358 ) ;
#681 = CARTESIAN_POINT ( 'NONE',  ( -0.5430200537142334527, 1.244867127860108225, 1.806979946285765415 ) ) ;
#682 = VERTEX_POINT ( 'NONE', #489 ) ;
#683 = ORIENTED_EDGE ( 'NONE', *, *, #275, .T. ) ;
#684 = CARTESIAN_POINT ( 'NONE',  ( -1.201221003159415712, -0.2709433130235309184, 1.848778996840583888 ) ) ;
#685 = ADVANCED_FACE ( 'NONE', ( #578 ), #472, .F. ) ;
#686 = FACE_OUTER_BOUND ( 'NONE', #837, .T. ) ;
#687 = CARTESIAN_POINT ( 'NONE',  ( 0.9000000000000007994, 0.0000000000000000000, 1.850000000000000089 ) ) ;
#688 = CYLINDRICAL_SURFACE ( 'NONE', #937, 1.000000000000000000 ) ;
#689 = DIRECTION ( 'NONE',  ( -1.000000000000000000, 0.0000000000000000000, 0.0000000000000000000 ) ) ;
#690 = EDGE_LOOP ( 'NONE', ( #612, #75 ) ) ;
#691 = ORIENTED_EDGE ( 'NONE', *, *, #1048, .F. ) ;
#692 = FACE_OUTER_BOUND ( 'NONE', #528, .T. ) ;
#693 = EDGE_CURVE ( 'NONE', #126, #1031, #847, .T. ) ;
#694 = CARTESIAN_POINT ( 'NONE',  ( -4.750000000000000000, -1.194030629168669469E-15, 0.5499999999999999334 ) ) ;
#695 = CARTESIAN_POINT ( 'NONE',  ( 4.749999999999999112, 2.700000000000002398, 0.2999999999999999889 ) ) ;
#696 = CARTESIAN_POINT ( 'NONE',  ( -4.750000000000000000, -1.194030629168669469E-15, 0.5499999999999999334 ) ) ;
#697 = CARTESIAN_POINT ( 'NONE',  ( -0.6521394110783296227, 1.313653515336694388, 1.697860588921670244 ) ) ;
#698 = ORIENTED_EDGE ( 'NONE', *, *, #1146, .F. ) ;
#699 = VERTEX_POINT ( 'NONE', #1360 ) ;
#700 = CARTESIAN_POINT ( 'NONE',  ( -4.750000000000000000, -1.194030629168669469E-15, 0.8499999999999999778 ) ) ;
#701 = CARTESIAN_POINT ( 'NONE',  ( 4.750000000000000000, 1.714505518806294244E-15, 0.8499999999999999778 ) ) ;
#702 = DIRECTION ( 'NONE',  ( -0.0000000000000000000, -0.0000000000000000000, -1.000000000000000000 ) ) ;
#703 = APPLICATION_CONTEXT ( 'configuration controlled 3d designs of mechanical parts and assemblies' ) ;
#704 = TOROIDAL_SURFACE ( 'NONE', #237, 1.300000000000000044, 0.2999999999999999889 ) ;
#705 = CARTESIAN_POINT ( 'NONE',  ( 1.400000000000000133, 22.56077300759379867, 1.649999999999999911 ) ) ;
#706 = VERTEX_POINT ( 'NONE', #1017 ) ;
#707 = ORIENTED_EDGE ( 'NONE', *, *, #1265, .T. ) ;
#708 = LINE ( 'NONE', #286, #499 ) ;
#709 = AXIS2_PLACEMENT_3D ( 'NONE', #841, #619, #599 ) ;
#710 = CARTESIAN_POINT ( 'NONE',  ( 4.750000000000000000, 1.714505518806294244E-15, 0.0000000000000000000 ) ) ;
#711 = CARTESIAN_POINT ( 'NONE',  ( 4.750000000000001776, -2.699999999999998845, 0.8499999999999999778 ) ) ;
#712 = CARTESIAN_POINT ( 'NONE',  ( -4.750000000000000888, 2.699999999999999289, 0.2999999999999999889 ) ) ;
#713 = EDGE_CURVE ( 'NONE', #1063, #167, #613, .T. ) ;
#714 = ORIENTED_EDGE ( 'NONE', *, *, #938, .T. ) ;
#715 = CARTESIAN_POINT ( 'NONE',  ( 1.400000000000000133, 0.4886947001355723685, 1.649999999999999911 ) ) ;
#716 = CARTESIAN_POINT ( 'NONE',  ( 4.750000000000001776, -2.999999999999998668, 0.3000000000000000444 ) ) ;
#717 = CARTESIAN_POINT ( 'NONE',  ( 4.749999999999999112, 3.000000000000002220, 0.8499999999999999778 ) ) ;
#718 = CARTESIAN_POINT ( 'NONE',  ( -0.4999999999999971689, -1.124797801142791043, 1.850000000000002309 ) ) ;
#719 = VERTEX_POINT ( 'NONE', #58 ) ;
#720 = ORIENTED_EDGE ( 'NONE', *, *, #102, .F. ) ;
#721 = EDGE_CURVE ( 'NONE', #231, #338, #437, .T. ) ;
#722 = CYLINDRICAL_SURFACE ( 'NONE', #521, 0.2999999999999999334 ) ;
#723 = VERTEX_POINT ( 'NONE', #153 ) ;
#724 = CARTESIAN_POINT ( 'NONE',  ( 0.05081260471377384291, 1.464877743795997223, 1.700812604713773712 ) ) ;
#725 = DIRECTION ( 'NONE',  ( -1.000000000000000000, 0.0000000000000000000, 0.0000000000000000000 ) ) ;
#726 = AXIS2_PLACEMENT_3D ( 'NONE', #257, #1216, #1349 ) ;
#727 = VERTEX_POINT ( 'NONE', #586 ) ;
#728 = VECTOR ( 'NONE', #325, 1000.000000000000000 ) ;
#729 = CARTESIAN_POINT ( 'NONE',  ( 0.7000000000000000666, 8.572527594031473190E-17, -0.7000000000000000666 ) ) ;
#730 = AXIS2_PLACEMENT_3D ( 'NONE', #923, #361, #1256 ) ;
#731 = VECTOR ( 'NONE', #1129, 1000.000000000000000 ) ;
#732 = CARTESIAN_POINT ( 'NONE',  ( 4.750000000000001776, -2.999999999999998668, 0.3000000000000000444 ) ) ;
#733 = ADVANCED_FACE ( 'NONE', ( #1123 ), #595, .T. ) ;
#734 = DIRECTION ( 'NONE',  ( -1.000000000000000000, 0.0000000000000000000, 0.0000000000000000000 ) ) ;
#735 = VERTEX_POINT ( 'NONE', #166 ) ;
#736 = EDGE_LOOP ( 'NONE', ( #448, #218, #300, #789, #490 ) ) ;
#737 = CARTESIAN_POINT ( 'NONE',  ( 0.0000000000000000000, 0.0000000000000000000, 1.550000000000000266 ) ) ;
#738 = EDGE_CURVE ( 'NONE', #1289, #346, #377, .T. ) ;
#739 = CARTESIAN_POINT ( 'NONE',  ( -4.750000000000000000, -2.700000000000001954, 0.5499999999999999334 ) ) ;
#740 = DIRECTION ( 'NONE',  ( 0.0000000000000000000, -1.000000000000000000, 0.0000000000000000000 ) ) ;
#741 = EDGE_LOOP ( 'NONE', ( #1096, #80, #321, #867 ) ) ;
#742 = PERSON_AND_ORGANIZATION ( #1407, #592 ) ;
#743 = CARTESIAN_POINT ( 'NONE',  ( -4.750000000000000000, -1.194030629168669469E-15, 0.3000000000000000444 ) ) ;
#744 = CARTESIAN_POINT ( 'NONE',  ( 4.749999999999999112, 3.000000000000002220, 0.8499999999999999778 ) ) ;
#745 = DIRECTION ( 'NONE',  ( 0.0000000000000000000, 0.0000000000000000000, -1.000000000000000000 ) ) ;
#746 = EDGE_LOOP ( 'NONE', ( #1036, #512, #33, #610 ) ) ;
#747 = ADVANCED_FACE ( 'NONE', ( #1367 ), #482, .T. ) ;
#748 = CIRCLE ( 'NONE', #404, 1.500000000000000222 ) ;
#749 = PERSON_AND_ORGANIZATION ( #1407, #592 ) ;
#750 = VERTEX_POINT ( 'NONE', #265 ) ;
#751 = PLANE ( 'NONE',  #913 ) ;
#752 = VECTOR ( 'NONE', #1364, 1000.000000000000000 ) ;
#753 = AXIS2_PLACEMENT_3D ( 'NONE', #1333, #344, #1220 ) ;
#754 = DIRECTION ( 'NONE',  ( 1.000000000000000000, 0.0000000000000000000, 0.0000000000000000000 ) ) ;
#755 = EDGE_LOOP ( 'NONE', ( #1077, #1112, #121, #59 ) ) ;
#756 = ADVANCED_FACE ( 'NONE', ( #940 ), #65, .F. ) ;
#757 = ORIENTED_EDGE ( 'NONE', *, *, #178, .F. ) ;
#758 = DIRECTION ( 'NONE',  ( 0.0000000000000000000, 0.0000000000000000000, 1.000000000000000000 ) ) ;
#759 = APPLICATION_CONTEXT ( 'configuration controlled 3d designs of mechanical parts and assemblies' ) ;
#760 = CARTESIAN_POINT ( 'NONE',  ( -1.384798385399012677, 0.5159358388576361643, 1.665201614600987146 ) ) ;
#761 = PERSON_AND_ORGANIZATION_ROLE ( 'design_supplier' ) ;
#762 = ORIENTED_EDGE ( 'NONE', *, *, #811, .F. ) ;
#763 = DIRECTION ( 'NONE',  ( 0.0000000000000000000, 0.0000000000000000000, -1.000000000000000000 ) ) ;
#764 = CARTESIAN_POINT ( 'NONE',  ( -4.750000000000000000, -1.194030629168669469E-15, 0.3000000000000000444 ) ) ;
#765 = CARTESIAN_POINT ( 'NONE',  ( -1.325395305736223772, 0.5766069093465826523, 1.724604694263776050 ) ) ;
#766 = CALENDAR_DATE ( 2021, 12, 3 ) ;
#767 = ORIENTED_EDGE ( 'NONE', *, *, #996, .T. ) ;
#768 = LINE ( 'NONE', #1212, #540 ) ;
#769 = AXIS2_PLACEMENT_3D ( 'NONE', #743, #330, #1087 ) ;
#770 = EDGE_CURVE ( 'NONE', #1124, #1300, #822, .T. ) ;
#771 = CARTESIAN_POINT ( 'NONE',  ( 1.199811199510217197, 0.1354336244162565595, 1.850188800489783514 ) ) ;
#772 = AXIS2_PLACEMENT_3D ( 'NONE', #832, #1274, #183 ) ;
#773 = CARTESIAN_POINT ( 'NONE',  ( 4.749999999999999112, 2.700000000000002398, 0.8499999999999999778 ) ) ;
#774 = CC_DESIGN_APPROVAL ( #1253, ( #340 ) ) ;
#775 = EDGE_LOOP ( 'NONE', ( #815, #1054, #1066 ) ) ;
#776 = DIRECTION ( 'NONE',  ( 1.000000000000000000, 0.0000000000000000000, 0.0000000000000000000 ) ) ;
#777 = CARTESIAN_POINT ( 'NONE',  ( 0.7000000000000002887, -1.307219380952977739, 1.650000000000000133 ) ) ;
#778 = CARTESIAN_POINT ( 'NONE',  ( 1.199999999999999734, 0.0000000000000000000, 1.850000000000000089 ) ) ;
#779 = EDGE_CURVE ( 'NONE', #224, #243, #608, .T. ) ;
#780 = CARTESIAN_POINT ( 'NONE',  ( 0.0000000000000000000, 0.0000000000000000000, 1.850000000000000089 ) ) ;
#781 = EDGE_CURVE ( 'NONE', #1181, #1010, #276, .T. ) ;
#782 = EDGE_LOOP ( 'NONE', ( #192, #1085, #985, #2 ) ) ;
#783 = EDGE_LOOP ( 'NONE', ( #1177, #762, #565, #133 ) ) ;
#784 = CARTESIAN_POINT ( 'NONE',  ( 4.750000000000001776, -2.699999999999998845, 0.5499999999999999334 ) ) ;
#785 = DIRECTION ( 'NONE',  ( 1.000000000000000000, 0.0000000000000000000, -0.0000000000000000000 ) ) ;
#786 = CARTESIAN_POINT ( 'NONE',  ( 1.201221003159411937, 0.2709433130233030451, 1.848778996840588107 ) ) ;
#787 = CARTESIAN_POINT ( 'NONE',  ( 0.4999999999999994449, 0.0000000000000000000, 1.850000000000000089 ) ) ;
#788 = EDGE_CURVE ( 'NONE', #1163, #1031, #1180, .T. ) ;
#789 = ORIENTED_EDGE ( 'NONE', *, *, #620, .T. ) ;
#790 = EDGE_LOOP ( 'NONE', ( #564, #1204, #908 ) ) ;
#791 = CARTESIAN_POINT ( 'NONE',  ( -1.300829342719166393, -0.5865961847961430609, 1.749170657280832764 ) ) ;
#792 = CARTESIAN_POINT ( 'NONE',  ( -0.4999999999999989453, 0.0000000000000000000, 1.850000000000000089 ) ) ;
#793 = AXIS2_PLACEMENT_3D ( 'NONE', #301, #1069, #409 ) ;
#794 = CARTESIAN_POINT ( 'NONE',  ( 4.750000000000000000, 1.714505518806294244E-15, 0.0000000000000000000 ) ) ;
#795 = CARTESIAN_POINT ( 'NONE',  ( 0.4999999999999977240, 1.124797801142786824, 1.850000000000001643 ) ) ;
#796 = VECTOR ( 'NONE', #442, 1000.000000000000000 ) ;
#797 = AXIS2_PLACEMENT_3D ( 'NONE', #159, #273, #929 ) ;
#798 = CARTESIAN_POINT ( 'NONE',  ( -0.5049724301489476597, 1.158739151392274902, 1.845027569851051874 ) ) ;
#799 = EDGE_LOOP ( 'NONE', ( #364, #1157, #644 ) ) ;
#800 = CC_DESIGN_PERSON_AND_ORGANIZATION_ASSIGNMENT ( #1191, #643, ( #340 ) ) ;
#801 = ORIENTED_EDGE ( 'NONE', *, *, #788, .T. ) ;
#802 = CARTESIAN_POINT ( 'NONE',  ( 0.6521394110785585507, -1.313653515336736577, 1.697860588921441760 ) ) ;
#803 = FACE_BOUND ( 'NONE', #690, .T. ) ;
#804 = DIRECTION ( 'NONE',  ( -1.000000000000000000, 0.0000000000000000000, 0.0000000000000000000 ) ) ;
#805 = CARTESIAN_POINT ( 'NONE',  ( -0.6021423585346036278, 1.302190312997768551, 1.747857641465395462 ) ) ;
#806 = ORIENTED_EDGE ( 'NONE', *, *, #646, .T. ) ;
#807 = ORIENTED_EDGE ( 'NONE', *, *, #938, .F. ) ;
#808 = CARTESIAN_POINT ( 'NONE',  ( 1.299455222432942980, -0.5868776514154631085, 1.750544777567057064 ) ) ;
#809 = B_SPLINE_CURVE_WITH_KNOTS ( 'NONE', 3,
 ( #1108, #909, #127, #559, #134, #995 ),
 .UNSPECIFIED., .F., .F.,
 ( 4, 2, 4 ),
 ( 3.343402671114832775E-07, 0.0003039081277051994745, 0.0006074819151432875319 ),
 .UNSPECIFIED. ) ;
#810 = CARTESIAN_POINT ( 'NONE',  ( 1.500000000000000222, 1.836970198721030181E-16, 1.850000000000000089 ) ) ;
#811 = EDGE_CURVE ( 'NONE', #723, #54, #1298, .T. ) ;
#812 = FACE_OUTER_BOUND ( 'NONE', #790, .T. ) ;
#813 = CARTESIAN_POINT ( 'NONE',  ( 0.7603259242422354403, 1.250721701585665091, 1.710325924242234619 ) ) ;
#814 = ORIENTED_EDGE ( 'NONE', *, *, #529, .F. ) ;
#815 = ORIENTED_EDGE ( 'NONE', *, *, #1306, .F. ) ;
#816 = CARTESIAN_POINT ( 'NONE',  ( 0.0000000000000000000, 0.0000000000000000000, 0.8499999999999999778 ) ) ;
#817 = CARTESIAN_POINT ( 'NONE',  ( -4.750000000000000888, 2.999999999999999112, 0.5499999999999999334 ) ) ;
#818 = DIRECTION ( 'NONE',  ( 0.0000000000000000000, 0.0000000000000000000, 1.000000000000000000 ) ) ;
#819 = ADVANCED_FACE ( 'NONE', ( #836 ), #1081, .F. ) ;
#820 = AXIS2_PLACEMENT_3D ( 'NONE', #992, #13, #445 ) ;
#821 = AXIS2_PLACEMENT_3D ( 'NONE', #729, #1174, #618 ) ;
#822 = LINE ( 'NONE', #571, #405 ) ;
#823 = ORIENTED_EDGE ( 'NONE', *, *, #896, .F. ) ;
#824 = VECTOR ( 'NONE', #1215, 1000.000000000000000 ) ;
#825 = DIRECTION ( 'NONE',  ( -0.0000000000000000000, -0.0000000000000000000, -1.000000000000000000 ) ) ;
#826 = DIRECTION ( 'NONE',  ( 0.0000000000000000000, 0.0000000000000000000, -1.000000000000000000 ) ) ;
#827 = CARTESIAN_POINT ( 'NONE',  ( 4.749999999999999112, 3.000000000000002220, 0.5499999999999999334 ) ) ;
#828 = ADVANCED_FACE ( 'NONE', ( #530 ), #842, .T. ) ;
#829 = DIRECTION ( 'NONE',  ( 0.0000000000000000000, 0.0000000000000000000, 1.000000000000000000 ) ) ;
#830 = EDGE_LOOP ( 'NONE', ( #1308, #1376, #1150 ) ) ;
#831 = ADVANCED_FACE ( 'NONE', ( #624 ), #1065, .T. ) ;
#832 = CARTESIAN_POINT ( 'NONE',  ( -0.6999999999999997335, 22.44534207614836063, 1.649999999999999911 ) ) ;
#833 = VERTEX_POINT ( 'NONE', #282 ) ;
#834 = DIRECTION ( 'NONE',  ( -0.0000000000000000000, -0.0000000000000000000, 1.000000000000000000 ) ) ;
#835 = PLANE ( 'NONE',  #980 ) ;
#836 = FACE_OUTER_BOUND ( 'NONE', #1166, .T. ) ;
#837 = EDGE_LOOP ( 'NONE', ( #1326, #347, #268, #1002 ) ) ;
#838 = ADVANCED_FACE ( 'NONE', ( #1292 ), #1176, .F. ) ;
#839 = CARTESIAN_POINT ( 'NONE',  ( 1.202250519945297524, -0.3348508244046894400, 1.847749480054702520 ) ) ;
#840 = ORIENTED_EDGE ( 'NONE', *, *, #484, .T. ) ;
#841 = CARTESIAN_POINT ( 'NONE',  ( -1.300000000000000044, 1.592040838891559095E-16, -0.2999999999999999334 ) ) ;
#842 = CYLINDRICAL_SURFACE ( 'NONE', #960, 1.500000000000000222 ) ;
#843 = TOROIDAL_SURFACE ( 'NONE', #236, 1.800000000000000266, 0.2999999999999999889 ) ;
#844 = ORIENTED_EDGE ( 'NONE', *, *, #416, .T. ) ;
#845 = CIRCLE ( 'NONE', #1051, 0.2999999999999999334 ) ;
#846 = ORIENTED_EDGE ( 'NONE', *, *, #1113, .F. ) ;
#847 = CIRCLE ( 'NONE', #216, 0.2999999999999999889 ) ;
#848 = ADVANCED_FACE ( 'NONE', ( #1278 ), #957, .F. ) ;
#849 = CIRCLE ( 'NONE', #1055, 0.2999999999999999889 ) ;
#850 = DIRECTION ( 'NONE',  ( 1.000000000000000000, 0.0000000000000000000, 0.0000000000000000000 ) ) ;
#851 = LOCAL_TIME ( 1, 2, 39.00000000000000000, #1411 ) ;
#852 = DIRECTION ( 'NONE',  ( -0.7071067811865485719, 0.0000000000000000000, 0.7071067811865465735 ) ) ;
#853 = ORIENTED_EDGE ( 'NONE', *, *, #1102, .F. ) ;
#854 = DIRECTION ( 'NONE',  ( 1.000000000000000000, 0.0000000000000000000, 0.0000000000000000000 ) ) ;
#855 = ADVANCED_FACE ( 'NONE', ( #411 ), #524, .T. ) ;
#856 = DIRECTION ( 'NONE',  ( 0.0000000000000000000, 0.0000000000000000000, -1.000000000000000000 ) ) ;
#857 = EDGE_LOOP ( 'NONE', ( #1029, #1344, #670, #1315 ) ) ;
#858 = EDGE_LOOP ( 'NONE', ( #1293, #1268, #34, #580 ) ) ;
#859 = DIRECTION ( 'NONE',  ( 0.0000000000000000000, 0.0000000000000000000, 1.000000000000000000 ) ) ;
#860 = ADVANCED_FACE ( 'NONE', ( #510 ), #1396, .F. ) ;
#861 = CARTESIAN_POINT ( 'NONE',  ( -0.09843549155945319207, 1.430138604260548174, 1.748435491559453103 ) ) ;
#862 = FACE_OUTER_BOUND ( 'NONE', #155, .T. ) ;
#863 = VERTEX_POINT ( 'NONE', #1408 ) ;
#864 = FACE_OUTER_BOUND ( 'NONE', #15, .T. ) ;
#865 = CIRCLE ( 'NONE', #16, 0.2999999999999999889 ) ;
#866 = AXIS2_PLACEMENT_3D ( 'NONE', #877, #336, #991 ) ;
#867 = ORIENTED_EDGE ( 'NONE', *, *, #1272, .T. ) ;
#868 = CALENDAR_DATE ( 2021, 12, 3 ) ;
#869 = ORIENTED_EDGE ( 'NONE', *, *, #1086, .F. ) ;
#870 = CARTESIAN_POINT ( 'NONE',  ( 4.750000000000001776, -2.699999999999998845, 0.3000000000000000444 ) ) ;
#871 = CARTESIAN_POINT ( 'NONE',  ( -5.604327678782882009E-14, -1.482842712474639280, 1.649999999999943734 ) ) ;
#872 = FACE_OUTER_BOUND ( 'NONE', #252, .T. ) ;
#873 = COORDINATED_UNIVERSAL_TIME_OFFSET ( 3, 0, .AHEAD. ) ;
#874 = VERTEX_POINT ( 'NONE', #1402 ) ;
#875 = EDGE_CURVE ( 'NONE', #333, #54, #1422, .T. ) ;
#876 = CARTESIAN_POINT ( 'NONE',  ( 0.0000000000000000000, 0.0000000000000000000, 0.0000000000000000000 ) ) ;
#877 = CARTESIAN_POINT ( 'NONE',  ( 4.750000000000000000, 1.714505518806294244E-15, 0.5499999999999999334 ) ) ;
#878 = DIRECTION ( 'NONE',  ( 1.000000000000000000, 0.0000000000000000000, 0.0000000000000000000 ) ) ;
#879 = PERSON_AND_ORGANIZATION ( #1407, #592 ) ;
#880 = ORIENTED_EDGE ( 'NONE', *, *, #905, .F. ) ;
#881 = CIRCLE ( 'NONE', #196, 0.3000000000000001554 ) ;
#882 = CARTESIAN_POINT ( 'NONE',  ( -1.199811199510215642, -0.1354336244163703851, 1.850188800489783958 ) ) ;
#883 = EDGE_CURVE ( 'NONE', #719, #413, #1125, .T. ) ;
#884 = CIRCLE ( 'NONE', #1075, 1.200000000000000400 ) ;
#885 = DIRECTION ( 'NONE',  ( 1.000000000000000000, 0.0000000000000000000, 0.0000000000000000000 ) ) ;
#886 = CARTESIAN_POINT ( 'NONE',  ( 1.000000000000000000, 0.0000000000000000000, -0.7000000000000000666 ) ) ;
#887 = AXIS2_PLACEMENT_3D ( 'NONE', #1060, #1186, #852 ) ;
#888 = AXIS2_PLACEMENT_3D ( 'NONE', #221, #987, #1322 ) ;
#889 = CARTESIAN_POINT ( 'NONE',  ( 0.0000000000000000000, 0.0000000000000000000, 1.850000000000000089 ) ) ;
#890 = VERTEX_POINT ( 'NONE', #948 ) ;
#891 = EDGE_LOOP ( 'NONE', ( #267, #476, #823, #1211, #1369, #1361, #379, #456, #385, #869, #1019, #907, #100, #757, #1397, #1018, #465 ) ) ;
#892 = DIRECTION ( 'NONE',  ( 0.0000000000000000000, 0.0000000000000000000, 1.000000000000000000 ) ) ;
#893 = B_SPLINE_CURVE_WITH_KNOTS ( 'NONE', 3,
 ( #1406, #1290, #213, #1201, #1418, #107 ),
 .UNSPECIFIED., .F., .F.,
 ( 4, 2, 4 ),
 ( 0.0004473994897460725436, 0.0007542763503772542417, 0.001061153211008435777 ),
 .UNSPECIFIED. ) ;
#894 = DIRECTION ( 'NONE',  ( 0.0000000000000000000, 0.0000000000000000000, 1.000000000000000000 ) ) ;
#895 = DIRECTION ( 'NONE',  ( -0.0000000000000000000, -0.0000000000000000000, -1.000000000000000000 ) ) ;
#896 = EDGE_CURVE ( 'NONE', #324, #224, #654, .T. ) ;
#897 = CYLINDRICAL_SURFACE ( 'NONE', #294, 3.000000000000000444 ) ;
#898 = EDGE_LOOP ( 'NONE', ( #918, #971, #1140, #955 ) ) ;
#899 = ORIENTED_EDGE ( 'NONE', *, *, #1040, .F. ) ;
#900 = CARTESIAN_POINT ( 'NONE',  ( -1.238600357763871784, -0.5351143768738786388, 1.811399642236127372 ) ) ;
#901 = B_SPLINE_CURVE_WITH_KNOTS ( 'NONE', 3,
 ( #582, #1023, #57, #1390, #1042, #488 ),
 .UNSPECIFIED., .F., .F.,
 ( 4, 2, 4 ),
 ( 0.0004154743510216379041, 0.0006331427900744442941, 0.0008508112291272507382 ),
 .UNSPECIFIED. ) ;
#902 = DIRECTION ( 'NONE',  ( -0.7071067811865465735, 0.0000000000000000000, -0.7071067811865485719 ) ) ;
#903 = CARTESIAN_POINT ( 'NONE',  ( -1.000000000000000000, 1.224646799147353207E-16, -1.000000000000000000 ) ) ;
#904 = CARTESIAN_POINT ( 'NONE',  ( 0.6521735040770620939, 1.313648932047252860, 1.697826495922938328 ) ) ;
#905 = EDGE_CURVE ( 'NONE', #1063, #1289, #363, .T. ) ;
#906 = DIRECTION ( 'NONE',  ( -0.0000000000000000000, -0.0000000000000000000, -1.000000000000000000 ) ) ;
#907 = ORIENTED_EDGE ( 'NONE', *, *, #230, .F. ) ;
#908 = ORIENTED_EDGE ( 'NONE', *, *, #78, .T. ) ;
#909 = CARTESIAN_POINT ( 'NONE',  ( 0.7605174094748278213, -1.250542367873852756, 1.710517409474827000 ) ) ;
#910 = CARTESIAN_POINT ( 'NONE',  ( 4.750000000000000000, 1.714505518806294244E-15, 0.8499999999999999778 ) ) ;
#911 = CIRCLE ( 'NONE', #1420, 0.2999999999999999334 ) ;
#912 =( LENGTH_UNIT ( ) NAMED_UNIT ( * ) SI_UNIT ( .MILLI., .METRE. ) );
#913 = AXIS2_PLACEMENT_3D ( 'NONE', #972, #758, #1092 ) ;
#914 = CARTESIAN_POINT ( 'NONE',  ( 0.7000000000000000666, 1.040949779275250140E-16, -1.000000000000000000 ) ) ;
#915 = VECTOR ( 'NONE', #1131, 1000.000000000000000 ) ;
#916 = AXIS2_PLACEMENT_3D ( 'NONE', #1047, #1154, #952 ) ;
#917 = CARTESIAN_POINT ( 'NONE',  ( 0.6999999999999442224, 1.307219380953030141, 1.649999999999943956 ) ) ;
#918 = ORIENTED_EDGE ( 'NONE', *, *, #69, .F. ) ;
#919 = ORIENTED_EDGE ( 'NONE', *, *, #1048, .T. ) ;
#920 = CARTESIAN_POINT ( 'NONE',  ( 0.0000000000000000000, 0.0000000000000000000, 1.149999999999999911 ) ) ;
#921 = DIRECTION ( 'NONE',  ( 0.0000000000000000000, 0.0000000000000000000, 1.000000000000000000 ) ) ;
#922 = DIRECTION ( 'NONE',  ( -0.0000000000000000000, -0.0000000000000000000, -1.000000000000000000 ) ) ;
#923 = CARTESIAN_POINT ( 'NONE',  ( 0.0000000000000000000, 0.0000000000000000000, 1.850000000000000089 ) ) ;
#924 = EDGE_LOOP ( 'NONE', ( #1045, #1224, #1392, #853 ) ) ;
#925 = VERTEX_POINT ( 'NONE', #205 ) ;
#926 = DIRECTION ( 'NONE',  ( 0.0000000000000000000, 0.0000000000000000000, 1.000000000000000000 ) ) ;
#927 = EDGE_CURVE ( 'NONE', #324, #243, #1021, .T. ) ;
#928 = DIRECTION ( 'NONE',  ( -0.0000000000000000000, -0.0000000000000000000, -1.000000000000000000 ) ) ;
#929 = DIRECTION ( 'NONE',  ( -0.7071067811865485719, 0.0000000000000000000, 0.7071067811865465735 ) ) ;
#930 = DIRECTION ( 'NONE',  ( 0.7071067811865464625, 0.0000000000000000000, -0.7071067811865486830 ) ) ;
#931 = VERTEX_POINT ( 'NONE', #137 ) ;
#932 = VERTEX_POINT ( 'NONE', #349 ) ;
#933 = CARTESIAN_POINT ( 'NONE',  ( 0.0000000000000000000, 0.0000000000000000000, -1.000000000000000000 ) ) ;
#934 = EDGE_CURVE ( 'NONE', #699, #231, #884, .T. ) ;
#935 = CARTESIAN_POINT ( 'NONE',  ( 0.1728975814529582211, 1.327751767254617743, 1.822897581452957549 ) ) ;
#936 = PLANE ( 'NONE',  #1425 ) ;
#937 = AXIS2_PLACEMENT_3D ( 'NONE', #31, #455, #345 ) ;
#938 = EDGE_CURVE ( 'NONE', #54, #1181, #179, .T. ) ;
#939 = AXIS2_PLACEMENT_3D ( 'NONE', #1035, #495, #238 ) ;
#940 = FACE_OUTER_BOUND ( 'NONE', #1233, .T. ) ;
#941 = ORIENTED_EDGE ( 'NONE', *, *, #1393, .T. ) ;
#942 = ORIENTED_EDGE ( 'NONE', *, *, #1372, .T. ) ;
#943 = CIRCLE ( 'NONE', #1309, 1.000000000000000000 ) ;
#944 = CARTESIAN_POINT ( 'NONE',  ( 1.456155281280889557, -0.1663049455568875179, 1.706155281280889113 ) ) ;
#945 = CARTESIAN_POINT ( 'NONE',  ( 0.2000000000000010103, 1.256989746739738845, 1.849999999999999867 ) ) ;
#946 = DIRECTION ( 'NONE',  ( -0.7071067811865486830, 0.0000000000000000000, -0.7071067811865464625 ) ) ;
#947 = EDGE_CURVE ( 'NONE', #338, #355, #351, .T. ) ;
#948 = CARTESIAN_POINT ( 'NONE',  ( 1.199999999999999734, 0.0000000000000000000, 1.850000000000000089 ) ) ;
#949 = VERTEX_POINT ( 'NONE', #47 ) ;
#950 = DIRECTION ( 'NONE',  ( 1.000000000000000000, 0.0000000000000000000, 0.0000000000000000000 ) ) ;
#951 = ORIENTED_EDGE ( 'NONE', *, *, #1372, .F. ) ;
#952 = DIRECTION ( 'NONE',  ( 1.000000000000000000, 0.0000000000000000000, 0.0000000000000000000 ) ) ;
#953 = CARTESIAN_POINT ( 'NONE',  ( 4.749999999999999112, 3.000000000000002220, 0.3000000000000000444 ) ) ;
#954 = EDGE_CURVE ( 'NONE', #874, #699, #671, .T. ) ;
#955 = ORIENTED_EDGE ( 'NONE', *, *, #567, .F. ) ;
#956 = CARTESIAN_POINT ( 'NONE',  ( 2.020667218593132755E-16, 24.82918478618184110, 1.649999999999999911 ) ) ;
#957 = PLANE ( 'NONE',  #887 ) ;
#958 = TOROIDAL_SURFACE ( 'NONE', #1050, 1.300000000000000044, 0.2999999999999999889 ) ;
#959 = EDGE_LOOP ( 'NONE', ( #691, #313, #497, #1251 ) ) ;
#960 = AXIS2_PLACEMENT_3D ( 'NONE', #90, #181, #407 ) ;
#961 = VECTOR ( 'NONE', #1034, 1000.000000000000000 ) ;
#962 = CARTESIAN_POINT ( 'NONE',  ( 1.800000000000000266, 0.0000000000000000000, 0.8500000000000000888 ) ) ;
#963 = DIRECTION ( 'NONE',  ( 1.000000000000000000, 0.0000000000000000000, -0.0000000000000000000 ) ) ;
#964 = DIRECTION ( 'NONE',  ( 0.0000000000000000000, 0.0000000000000000000, -1.000000000000000000 ) ) ;
#965 = ORIENTED_EDGE ( 'NONE', *, *, #1291, .F. ) ;
#966 = CARTESIAN_POINT ( 'NONE',  ( -1.399999999999814948, -0.4886947001343593389, 1.650000000000184652 ) ) ;
#967 = EDGE_CURVE ( 'NONE', #355, #1353, #1189, .T. ) ;
#968 = CARTESIAN_POINT ( 'NONE',  ( -0.5431199472533203565, -1.245015955242011696, 1.806880052746679288 ) ) ;
#969 = DIRECTION ( 'NONE',  ( -3.195543245220433239E-16, 1.000000000000000000, 0.0000000000000000000 ) ) ;
#970 = APPROVAL_ROLE ( '' ) ;
#971 = ORIENTED_EDGE ( 'NONE', *, *, #504, .F. ) ;
#972 = CARTESIAN_POINT ( 'NONE',  ( 0.0000000000000000000, 0.0000000000000000000, 1.850000000000000089 ) ) ;
#973 = ADVANCED_FACE ( 'NONE', ( #1196, #803 ), #36, .T. ) ;
#974 = EDGE_CURVE ( 'NONE', #346, #1182, #979, .T. ) ;
#975 = CARTESIAN_POINT ( 'NONE',  ( -1.217976041559706513, 0.4688873713905898355, 1.832023958440292644 ) ) ;
#976 = TOROIDAL_SURFACE ( 'NONE', #14, 1.800000000000000266, 0.2999999999999999889 ) ;
#977 = EDGE_LOOP ( 'NONE', ( #1083, #1424, #427, #1192 ) ) ;
#978 = CARTESIAN_POINT ( 'NONE',  ( -1.399999999999999689, 0.4886947001340146146, 1.649999999999999911 ) ) ;
#979 = CIRCLE ( 'NONE', #1170, 1.000000000000000000 ) ;
#980 = AXIS2_PLACEMENT_3D ( 'NONE', #172, #818, #376 ) ;
#981 = CARTESIAN_POINT ( 'NONE',  ( 0.05089965591717619114, -1.464846966545083617, 1.700899655917175624 ) ) ;
#982 = DIRECTION ( 'NONE',  ( 0.0000000000000000000, -1.000000000000000000, 0.0000000000000000000 ) ) ;
#983 = EDGE_CURVE ( 'NONE', #466, #750, #542, .T. ) ;
#984 = DATE_AND_TIME ( #766, #1426 ) ;
#985 = ORIENTED_EDGE ( 'NONE', *, *, #170, .T. ) ;
#986 = CARTESIAN_POINT ( 'NONE',  ( 4.749999999999999112, 2.700000000000002398, 0.0000000000000000000 ) ) ;
#987 = DIRECTION ( 'NONE',  ( -0.7071067811865465735, 0.0000000000000000000, -0.7071067811865485719 ) ) ;
#988 = CARTESIAN_POINT ( 'NONE',  ( -1.237340697079604590, 0.5324055862483612067, 1.812659302920394122 ) ) ;
#989 = ADVANCED_FACE ( 'NONE', ( #686 ), #103, .T. ) ;
#990 = ORIENTED_EDGE ( 'NONE', *, *, #1067, .T. ) ;
#991 = DIRECTION ( 'NONE',  ( 1.000000000000000000, 0.0000000000000000000, 0.0000000000000000000 ) ) ;
#992 = CARTESIAN_POINT ( 'NONE',  ( 4.750000000000000000, 1.714505518806294244E-15, 0.0000000000000000000 ) ) ;
#993 = ORIENTED_EDGE ( 'NONE', *, *, #416, .F. ) ;
#994 = AXIS2_PLACEMENT_3D ( 'NONE', #200, #982, #964 ) ;
#995 = CARTESIAN_POINT ( 'NONE',  ( 0.9000000000011697532, -0.7937253933246725124, 1.850000000001168932 ) ) ;
#996 = EDGE_CURVE ( 'NONE', #1182, #346, #1099, .T. ) ;
#997 = TOROIDAL_SURFACE ( 'NONE', #113, 2.700000000000000622, 0.2999999999999999889 ) ;
#998 = DIRECTION ( 'NONE',  ( 1.000000000000000000, 0.0000000000000000000, -0.0000000000000000000 ) ) ;
#999 = DIRECTION ( 'NONE',  ( 0.0000000000000000000, 0.0000000000000000000, -1.000000000000000000 ) ) ;
#1000 = AXIS2_PLACEMENT_3D ( 'NONE', #549, #234, #676 ) ;
#1001 = CARTESIAN_POINT ( 'NONE',  ( -1.456155281280883340, 2.362206566715524774E-16, 1.706155281280883340 ) ) ;
#1002 = ORIENTED_EDGE ( 'NONE', *, *, #202, .T. ) ;
#1003 = VERTEX_POINT ( 'NONE', #1119 ) ;
#1004 = CARTESIAN_POINT ( 'NONE',  ( -1.326511358146943875, -0.5758596619324080068, 1.723488641853055503 ) ) ;
#1005 = ADVANCED_FACE ( 'NONE', ( #1332 ), #367, .F. ) ;
#1006 = CARTESIAN_POINT ( 'NONE',  ( 4.750000000000000000, 1.714505518806294244E-15, 0.3000000000000000444 ) ) ;
#1007 = CARTESIAN_POINT ( 'NONE',  ( 0.0000000000000000000, 0.0000000000000000000, 1.149999999999999911 ) ) ;
#1008 = UNCERTAINTY_MEASURE_WITH_UNIT (LENGTH_MEASURE( 1.000000000000000082E-05 ), #912, 'distance_accuracy_value', 'NONE');
#1009 = CARTESIAN_POINT ( 'NONE',  ( -1.440000473706265272, -0.3311904868429058069, 1.690000473706265494 ) ) ;
#1010 = VERTEX_POINT ( 'NONE', #1346 ) ;
#1011 = VERTEX_POINT ( 'NONE', #777 ) ;
#1012 = DIRECTION ( 'NONE',  ( 0.0000000000000000000, 0.0000000000000000000, -1.000000000000000000 ) ) ;
#1013 = CARTESIAN_POINT ( 'NONE',  ( 0.0000000000000000000, 0.0000000000000000000, -0.2999999999999999334 ) ) ;
#1014 = CARTESIAN_POINT ( 'NONE',  ( -1.199999999999999067, 0.0000000000000000000, 1.850000000000000089 ) ) ;
#1015 = CARTESIAN_POINT ( 'NONE',  ( -0.9000000000000004663, -0.7937253933193773037, 1.850000000000000089 ) ) ;
#1016 = EDGE_CURVE ( 'NONE', #413, #231, #357, .T. ) ;
#1017 = CARTESIAN_POINT ( 'NONE',  ( 1.500000000000000222, 1.836970198721030181E-16, 1.149999999999999911 ) ) ;
#1018 = ORIENTED_EDGE ( 'NONE', *, *, #1093, .F. ) ;
#1019 = ORIENTED_EDGE ( 'NONE', *, *, #208, .F. ) ;
#1020 = CARTESIAN_POINT ( 'NONE',  ( 1.384798385399330423, -0.5159358388571595455, 1.665201614600670288 ) ) ;
#1021 = LINE ( 'NONE', #468, #796 ) ;
#1022 = TOROIDAL_SURFACE ( 'NONE', #266, 0.7000000000000000666, 0.2999999999999999889 ) ;
#1023 = CARTESIAN_POINT ( 'NONE',  ( -0.2000000000000005107, -1.256989746737042113, 1.850000000000000089 ) ) ;
#1024 = AXIS2_PLACEMENT_3D ( 'NONE', #920, #373, #61 ) ;
#1025 = DIRECTION ( 'NONE',  ( 0.0000000000000000000, 0.0000000000000000000, 1.000000000000000000 ) ) ;
#1026 = CIRCLE ( 'NONE', #274, 3.000000000000000000 ) ;
#1027 = DIRECTION ( 'NONE',  ( -0.0000000000000000000, -0.0000000000000000000, -1.000000000000000000 ) ) ;
#1028 = ADVANCED_FACE ( 'NONE', ( #382 ), #1239, .T. ) ;
#1029 = ORIENTED_EDGE ( 'NONE', *, *, #322, .F. ) ;
#1030 = CC_DESIGN_SECURITY_CLASSIFICATION ( #219, ( #340 ) ) ;
#1031 = VERTEX_POINT ( 'NONE', #1064 ) ;
#1032 = CARTESIAN_POINT ( 'NONE',  ( 1.456155281280883562, -5.789306567818222172E-17, 1.706155281280883118 ) ) ;
#1033 = DIRECTION ( 'NONE',  ( 1.000000000000000000, 0.0000000000000000000, -0.0000000000000000000 ) ) ;
#1034 = DIRECTION ( 'NONE',  ( 0.0000000000000000000, -1.000000000000000000, 0.0000000000000000000 ) ) ;
#1035 = CARTESIAN_POINT ( 'NONE',  ( 2.020667218593132755E-16, 24.82918478618184110, 1.649999999999999911 ) ) ;
#1036 = ORIENTED_EDGE ( 'NONE', *, *, #1128, .T. ) ;
#1037 = EDGE_CURVE ( 'NONE', #54, #457, #280, .T. ) ;
#1038 = ORIENTED_EDGE ( 'NONE', *, *, #983, .T. ) ;
#1039 = DIRECTION ( 'NONE',  ( -1.000000000000000000, -3.195543245220433732E-16, 0.0000000000000000000 ) ) ;
#1040 = EDGE_CURVE ( 'NONE', #1363, #706, #56, .T. ) ;
#1041 = DIRECTION ( 'NONE',  ( 1.000000000000000000, 0.0000000000000000000, 0.0000000000000000000 ) ) ;
#1042 = CARTESIAN_POINT ( 'NONE',  ( -0.05081260472255367394, -1.464877743790260478, 1.700812604722553800 ) ) ;
#1043 = CARTESIAN_POINT ( 'NONE',  ( -1.456155281280883340, 2.362206566715524774E-16, 1.706155281280883340 ) ) ;
#1044 = ORIENTED_EDGE ( 'NONE', *, *, #1306, .T. ) ;
#1045 = ORIENTED_EDGE ( 'NONE', *, *, #440, .T. ) ;
#1046 = CARTESIAN_POINT ( 'NONE',  ( 1.199999999999999734, 0.0000000000000000000, 1.850000000000000089 ) ) ;
#1047 = CARTESIAN_POINT ( 'NONE',  ( 4.750000000000000000, 1.714505518806294244E-15, 0.3000000000000000444 ) ) ;
#1048 = EDGE_CURVE ( 'NONE', #727, #1182, #1383, .T. ) ;
#1049 = DIRECTION ( 'NONE',  ( 0.0000000000000000000, 0.0000000000000000000, -1.000000000000000000 ) ) ;
#1050 = AXIS2_PLACEMENT_3D ( 'NONE', #1311, #204, #854 ) ;
#1051 = AXIS2_PLACEMENT_3D ( 'NONE', #673, #1116, #220 ) ;
#1052 = AXIS2_PLACEMENT_3D ( 'NONE', #52, #1027, #689 ) ;
#1053 = CARTESIAN_POINT ( 'NONE',  ( -1.440025092906241033, 0.3310935472972638682, 1.690025092906241255 ) ) ;
#1054 = ORIENTED_EDGE ( 'NONE', *, *, #1232, .T. ) ;
#1055 = AXIS2_PLACEMENT_3D ( 'NONE', #695, #503, #1049 ) ;
#1056 = DIRECTION ( 'NONE',  ( -0.0000000000000000000, 1.000000000000000000, 0.0000000000000000000 ) ) ;
#1057 = AXIS2_PLACEMENT_3D ( 'NONE', #1183, #1423, #323 ) ;
#1058 = CARTESIAN_POINT ( 'NONE',  ( 4.750000000000000000, 1.714505518806294244E-15, 0.5499999999999999334 ) ) ;
#1059 = CC_DESIGN_PERSON_AND_ORGANIZATION_ASSIGNMENT ( #749, #546, ( #1313 ) ) ;
#1060 = CARTESIAN_POINT ( 'NONE',  ( -1.399999999999999689, 22.44534207614836063, 1.649999999999999911 ) ) ;
#1061 = ORIENTED_EDGE ( 'NONE', *, *, #1321, .F. ) ;
#1062 = CARTESIAN_POINT ( 'NONE',  ( 0.9000000000000007994, 0.7937253933193767486, 1.850000000000000089 ) ) ;
#1063 = VERTEX_POINT ( 'NONE', #400 ) ;
#1064 = CARTESIAN_POINT ( 'NONE',  ( -4.750000000000000888, 2.999999999999999112, 0.3000000000000000444 ) ) ;
#1065 = CYLINDRICAL_SURFACE ( 'NONE', #1145, 1.500000000000000222 ) ;
#1066 = ORIENTED_EDGE ( 'NONE', *, *, #529, .T. ) ;
#1067 = EDGE_CURVE ( 'NONE', #1289, #1063, #943, .T. ) ;
#1068 = ORIENTED_EDGE ( 'NONE', *, *, #335, .F. ) ;
#1069 = DIRECTION ( 'NONE',  ( 0.0000000000000000000, 0.0000000000000000000, 1.000000000000000000 ) ) ;
#1070 = AXIS2_PLACEMENT_3D ( 'NONE', #780, #662, #556 ) ;
#1071 = DIRECTION ( 'NONE',  ( 0.7071067811865464625, 0.0000000000000000000, -0.7071067811865486830 ) ) ;
#1072 = DIRECTION ( 'NONE',  ( -1.000000000000000000, 0.0000000000000000000, 0.0000000000000000000 ) ) ;
#1073 = AXIS2_PLACEMENT_3D ( 'NONE', #348, #1098, #548 ) ;
#1074 = EDGE_LOOP ( 'NONE', ( #203, #291, #720, #579 ) ) ;
#1075 = AXIS2_PLACEMENT_3D ( 'NONE', #666, #247, #1134 ) ;
#1076 = EDGE_CURVE ( 'NONE', #1363, #1343, #298, .T. ) ;
#1077 = ORIENTED_EDGE ( 'NONE', *, *, #214, .F. ) ;
#1078 = AXIS2_PLACEMENT_3D ( 'NONE', #1006, #667, #555 ) ;
#1079 = TOROIDAL_SURFACE ( 'NONE', #449, 0.7000000000000000666, 0.2999999999999999889 ) ;
#1080 = CARTESIAN_POINT ( 'NONE',  ( 0.7000000000000001776, 22.56077300759379867, 1.649999999999999911 ) ) ;
#1081 = PLANE ( 'NONE',  #1401 ) ;
#1082 = ORIENTED_EDGE ( 'NONE', *, *, #1222, .T. ) ;
#1083 = ORIENTED_EDGE ( 'NONE', *, *, #329, .F. ) ;
#1084 = PERSON_AND_ORGANIZATION ( #1407, #592 ) ;
#1085 = ORIENTED_EDGE ( 'NONE', *, *, #230, .T. ) ;
#1086 = EDGE_CURVE ( 'NONE', #949, #874, #1195, .T. ) ;
#1087 = DIRECTION ( 'NONE',  ( 1.000000000000000000, 0.0000000000000000000, 0.0000000000000000000 ) ) ;
#1088 = CARTESIAN_POINT ( 'NONE',  ( 7.450000000000000178, 1.714505518806294244E-15, 0.5499999999999999334 ) ) ;
#1089 = CARTESIAN_POINT ( 'NONE',  ( -1.201166005339816323, 0.2679108458148045102, 1.848833994660182389 ) ) ;
#1090 = CALENDAR_DATE ( 2021, 12, 3 ) ;
#1091 = ORIENTED_EDGE ( 'NONE', *, *, #222, .T. ) ;
#1092 = DIRECTION ( 'NONE',  ( 1.000000000000000000, 0.0000000000000000000, -0.0000000000000000000 ) ) ;
#1093 = EDGE_CURVE ( 'NONE', #1257, #587, #6, .T. ) ;
#1094 = CARTESIAN_POINT ( 'NONE',  ( 1.254582721076373586, 0.5650153483524198439, 1.795417278923626014 ) ) ;
#1095 = CARTESIAN_POINT ( 'NONE',  ( 1.200000000000000400, 0.0000000000000000000, 1.550000000000000266 ) ) ;
#1096 = ORIENTED_EDGE ( 'NONE', *, *, #493, .T. ) ;
#1097 = AXIS2_PLACEMENT_3D ( 'NONE', #415, #859, #534 ) ;
#1098 = DIRECTION ( 'NONE',  ( 0.0000000000000000000, 0.0000000000000000000, -1.000000000000000000 ) ) ;
#1099 = CIRCLE ( 'NONE', #475, 1.000000000000000000 ) ;
#1100 = CIRCLE ( 'NONE', #73, 2.700000000000000178 ) ;
#1101 = CARTESIAN_POINT ( 'NONE',  ( 0.9000000000000007994, 0.7937253933193767486, 1.850000000000000089 ) ) ;
#1102 = EDGE_CURVE ( 'NONE', #457, #1152, #70, .T. ) ;
#1103 = DIRECTION ( 'NONE',  ( 0.0000000000000000000, 0.0000000000000000000, 1.000000000000000000 ) ) ;
#1104 = SHAPE_DEFINITION_REPRESENTATION ( #1117, #304 ) ;
#1105 = ORIENTED_EDGE ( 'NONE', *, *, #1040, .T. ) ;
#1106 = DIRECTION ( 'NONE',  ( 1.000000000000000000, 1.776356839400250859E-15, 0.0000000000000000000 ) ) ;
#1107 = ORIENTED_EDGE ( 'NONE', *, *, #625, .T. ) ;
#1108 = CARTESIAN_POINT ( 'NONE',  ( 0.7000000000000002887, -1.307219380952977739, 1.650000000000000133 ) ) ;
#1109 = CARTESIAN_POINT ( 'NONE',  ( -0.1729075208867689728, 1.327807773330756724, 1.822907520886769106 ) ) ;
#1110 = FACE_OUTER_BOUND ( 'NONE', #977, .T. ) ;
#1111 = CARTESIAN_POINT ( 'NONE',  ( 0.6999999999999442224, 1.307219380953030141, 1.649999999999943956 ) ) ;
#1112 = ORIENTED_EDGE ( 'NONE', *, *, #329, .T. ) ;
#1113 = EDGE_CURVE ( 'NONE', #750, #154, #1193, .T. ) ;
#1114 = CIRCLE ( 'NONE', #820, 2.700000000000000178 ) ;
#1115 = ORIENTED_EDGE ( 'NONE', *, *, #1158, .T. ) ;
#1116 = DIRECTION ( 'NONE',  ( 0.0000000000000000000, -1.000000000000000000, 0.0000000000000000000 ) ) ;
#1117 = PRODUCT_DEFINITION_SHAPE ( 'NONE', 'NONE',  #1313 ) ;
#1118 = CIRCLE ( 'NONE', #197, 2.700000000000000622 ) ;
#1119 = CARTESIAN_POINT ( 'NONE',  ( -1.800000000000000266, 2.204364238465236069E-16, 0.8500000000000000888 ) ) ;
#1120 = LINE ( 'NONE', #903, #614 ) ;
#1121 = AXIS2_PLACEMENT_3D ( 'NONE', #185, #479, #492 ) ;
#1122 = DIRECTION ( 'NONE',  ( -0.0000000000000000000, -0.0000000000000000000, -1.000000000000000000 ) ) ;
#1123 = FACE_OUTER_BOUND ( 'NONE', #399, .T. ) ;
#1124 = VERTEX_POINT ( 'NONE', #817 ) ;
#1125 = B_SPLINE_CURVE_WITH_KNOTS ( 'NONE', 3,
 ( #199, #309, #633, #968, #1414, #1271, #718, #1162 ),
 .UNSPECIFIED., .F., .F.,
 ( 4, 2, 2, 4 ),
 ( 2.809915149102577262E-07, 0.0002018675760730489338, 0.0003026608683521185149, 0.0004034541606311881231 ),
 .UNSPECIFIED. ) ;
#1126 = ORIENTED_EDGE ( 'NONE', *, *, #974, .F. ) ;
#1127 = FACE_OUTER_BOUND ( 'NONE', #85, .T. ) ;
#1128 = EDGE_CURVE ( 'NONE', #1124, #682, #522, .T. ) ;
#1129 = DIRECTION ( 'NONE',  ( -0.0000000000000000000, 1.000000000000000000, 0.0000000000000000000 ) ) ;
#1130 = FACE_OUTER_BOUND ( 'NONE', #1336, .T. ) ;
#1131 = DIRECTION ( 'NONE',  ( -0.0000000000000000000, -0.0000000000000000000, 1.000000000000000000 ) ) ;
#1132 = ORIENTED_EDGE ( 'NONE', *, *, #353, .F. ) ;
#1133 = ORIENTED_EDGE ( 'NONE', *, *, #693, .T. ) ;
#1134 = DIRECTION ( 'NONE',  ( 1.000000000000000000, 0.0000000000000000000, 0.0000000000000000000 ) ) ;
#1135 = PLANE ( 'NONE',  #797 ) ;
#1136 = ADVANCED_FACE ( 'NONE', ( #375, #387 ), #1261, .F. ) ;
#1137 = DIRECTION ( 'NONE',  ( 0.0000000000000000000, -1.000000000000000000, 0.0000000000000000000 ) ) ;
#1138 = CARTESIAN_POINT ( 'NONE',  ( -0.6999999999997045252, 1.307219380953046350, 1.650000000000295231 ) ) ;
#1139 = EDGE_LOOP ( 'NONE', ( #1068, #131, #311, #397 ) ) ;
#1140 = ORIENTED_EDGE ( 'NONE', *, *, #462, .T. ) ;
#1141 = DIRECTION ( 'NONE',  ( 0.0000000000000000000, -1.000000000000000000, 0.0000000000000000000 ) ) ;
#1142 = CARTESIAN_POINT ( 'NONE',  ( 1.440000473706195994, 0.3311904868436819638, 1.690000473706195550 ) ) ;
#1143 = CLOSED_SHELL ( 'NONE', ( #1413, #125, #389, #39, #551, #1028, #119, #828, #733, #1398, #989, #747, #136, #819, #21, #62, #973, #1136, #831, #374, #1167, #431, #285, #381, #558, #1297, #9, #855, #161, #111, #1245, #255, #186, #410, #685, #860, #1005, #838, #1362, #756, #1229, #638, #848, #1351 ) ) ;
#1144 = CARTESIAN_POINT ( 'NONE',  ( -4.750000000000000888, 2.999999999999999112, 0.8499999999999999778 ) ) ;
#1145 = AXIS2_PLACEMENT_3D ( 'NONE', #616, #290, #734 ) ;
#1146 = EDGE_CURVE ( 'NONE', #1353, #182, #656, .T. ) ;
#1147 = AXIS2_PLACEMENT_3D ( 'NONE', #460, #902, #254 ) ;
#1148 = DIRECTION ( 'NONE',  ( -0.0000000000000000000, -1.000000000000000000, -0.0000000000000000000 ) ) ;
#1149 = ORIENTED_EDGE ( 'NONE', *, *, #781, .T. ) ;
#1150 = ORIENTED_EDGE ( 'NONE', *, *, #779, .T. ) ;
#1151 = APPROVAL_PERSON_ORGANIZATION ( #742, #1348, #432 ) ;
#1152 = VERTEX_POINT ( 'NONE', #716 ) ;
#1153 = DIRECTION ( 'NONE',  ( -1.000000000000000000, -3.195543245220433239E-16, 0.0000000000000000000 ) ) ;
#1154 = DIRECTION ( 'NONE',  ( 0.0000000000000000000, 0.0000000000000000000, 1.000000000000000000 ) ) ;
#1155 = DIRECTION ( 'NONE',  ( 1.000000000000000000, -0.0000000000000000000, 0.0000000000000000000 ) ) ;
#1156 = ORIENTED_EDGE ( 'NONE', *, *, #516, .F. ) ;
#1157 = ORIENTED_EDGE ( 'NONE', *, *, #967, .T. ) ;
#1158 = EDGE_CURVE ( 'NONE', #932, #750, #1286, .T. ) ;
#1159 = DIRECTION ( 'NONE',  ( 1.000000000000000000, 0.0000000000000000000, 0.0000000000000000000 ) ) ;
#1160 = CARTESIAN_POINT ( 'NONE',  ( 4.749999999999999112, 3.000000000000002220, 0.3000000000000000444 ) ) ;
#1161 = DIRECTION ( 'NONE',  ( 1.000000000000000000, 0.0000000000000000000, 0.0000000000000000000 ) ) ;
#1162 = CARTESIAN_POINT ( 'NONE',  ( -0.4999999999999977240, -1.090871211463570578, 1.850000000000001421 ) ) ;
#1163 = VERTEX_POINT ( 'NONE', #1160 ) ;
#1164 = ORIENTED_EDGE ( 'NONE', *, *, #535, .F. ) ;
#1165 = CARTESIAN_POINT ( 'NONE',  ( 4.750000000000000000, 1.714505518806294244E-15, 0.5499999999999999334 ) ) ;
#1166 = EDGE_LOOP ( 'NONE', ( #60, #801, #362, #433 ) ) ;
#1167 = ADVANCED_FACE ( 'NONE', ( #1168 ), #171, .T. ) ;
#1168 = FACE_OUTER_BOUND ( 'NONE', #53, .T. ) ;
#1169 = CIRCLE ( 'NONE', #1303, 0.2999999999999999334 ) ;
#1170 = AXIS2_PLACEMENT_3D ( 'NONE', #11, #1246, #641 ) ;
#1171 = CARTESIAN_POINT ( 'NONE',  ( -1.399999999999999689, 0.4886947001340146146, 1.649999999999999911 ) ) ;
#1172 = VERTEX_POINT ( 'NONE', #176 ) ;
#1173 = AXIS2_PLACEMENT_3D ( 'NONE', #701, #921, #1365 ) ;
#1174 = DIRECTION ( 'NONE',  ( -1.224646799147353207E-16, 1.000000000000000000, 0.0000000000000000000 ) ) ;
#1175 = DIRECTION ( 'NONE',  ( -1.000000000000000000, 0.0000000000000000000, 0.0000000000000000000 ) ) ;
#1176 = PLANE ( 'NONE',  #1307 ) ;
#1177 = ORIENTED_EDGE ( 'NONE', *, *, #875, .T. ) ;
#1178 = CARTESIAN_POINT ( 'NONE',  ( 4.749999999999999112, 2.700000000000002398, 0.5499999999999999334 ) ) ;
#1179 = EDGE_CURVE ( 'NONE', #1300, #466, #1026, .T. ) ;
#1180 = LINE ( 'NONE', #953, #1329 ) ;
#1181 = VERTEX_POINT ( 'NONE', #541 ) ;
#1182 = VERTEX_POINT ( 'NONE', #1317 ) ;
#1183 = CARTESIAN_POINT ( 'NONE',  ( 0.0000000000000000000, 0.0000000000000000000, 0.0000000000000000000 ) ) ;
#1184 = CARTESIAN_POINT ( 'NONE',  ( 7.450000000000000178, 1.714505518806294244E-15, 0.3000000000000000444 ) ) ;
#1185 = CIRCLE ( 'NONE', #560, 0.7000000000000000666 ) ;
#1186 = DIRECTION ( 'NONE',  ( -0.7071067811865465735, 0.0000000000000000000, -0.7071067811865485719 ) ) ;
#1187 = EDGE_CURVE ( 'NONE', #1031, #1010, #500, .T. ) ;
#1188 = ORIENTED_EDGE ( 'NONE', *, *, #883, .F. ) ;
#1189 = CIRCLE ( 'NONE', #562, 1.200000000000000400 ) ;
#1190 = EDGE_CURVE ( 'NONE', #511, #115, #1100, .T. ) ;
#1191 = PERSON_AND_ORGANIZATION ( #1407, #592 ) ;
#1192 = ORIENTED_EDGE ( 'NONE', *, *, #669, .F. ) ;
#1193 = CIRCLE ( 'NONE', #1173, 2.700000000000000178 ) ;
#1194 = CARTESIAN_POINT ( 'NONE',  ( 0.4999999999999994449, 1.090871211463572132, 1.850000000000000089 ) ) ;
#1195 = B_SPLINE_CURVE_WITH_KNOTS ( 'NONE', 3,
 ( #272, #945, #935, #288, #724, #1254 ),
 .UNSPECIFIED., .F., .F.,
 ( 4, 2, 4 ),
 ( 0.0004154743510220833486, 0.0006331427900828303810, 0.0008508112291435774134 ),
 .UNSPECIFIED. ) ;
#1196 = FACE_OUTER_BOUND ( 'NONE', #533, .T. ) ;
#1197 = DIRECTION ( 'NONE',  ( -1.000000000000000000, 1.224646799147352221E-16, 0.0000000000000000000 ) ) ;
#1198 =( NAMED_UNIT ( * ) PLANE_ANGLE_UNIT ( ) SI_UNIT ( $, .RADIAN. ) );
#1199 = ORIENTED_EDGE ( 'NONE', *, *, #30, .F. ) ;
#1200 = EDGE_CURVE ( 'NONE', #1063, #1182, #1120, .T. ) ;
#1201 = CARTESIAN_POINT ( 'NONE',  ( -0.8092663239601820546, -1.173564029270182996, 1.759266323960181566 ) ) ;
#1202 = CARTESIAN_POINT ( 'NONE',  ( -1.399999999999999689, 0.4886947001340146146, 1.649999999999999911 ) ) ;
#1203 = APPLICATION_PROTOCOL_DEFINITION ( 'international standard', 'config_control_design', 1994, #703 ) ;
#1204 = ORIENTED_EDGE ( 'NONE', *, *, #396, .T. ) ;
#1205 = B_SPLINE_CURVE_WITH_KNOTS ( 'NONE', 3,
 ( #279, #269, #944, #1032 ),
 .UNSPECIFIED., .F., .F.,
 ( 4, 4 ),
 ( 8.239709379917104065E-07, 0.0004960546892513180255 ),
 .UNSPECIFIED. ) ;
#1206 = CARTESIAN_POINT ( 'NONE',  ( 1.000000000000000000, 0.0000000000000000000, -0.2999999999999999334 ) ) ;
#1207 = EDGE_CURVE ( 'NONE', #355, #182, #22, .T. ) ;
#1208 = FACE_OUTER_BOUND ( 'NONE', #857, .T. ) ;
#1209 = CARTESIAN_POINT ( 'NONE',  ( 7.450000000000000178, 1.714505518806294244E-15, 0.0000000000000000000 ) ) ;
#1210 = AXIS2_PLACEMENT_3D ( 'NONE', #23, #1334, #1323 ) ;
#1211 = ORIENTED_EDGE ( 'NONE', *, *, #78, .F. ) ;
#1212 = CARTESIAN_POINT ( 'NONE',  ( 0.2000000000000008993, 0.0000000000000000000, 1.850000000000000089 ) ) ;
#1213 = AXIS2_PLACEMENT_3D ( 'NONE', #390, #1148, #1241 ) ;
#1214 = CIRCLE ( 'NONE', #339, 1.500000000000000222 ) ;
#1215 = DIRECTION ( 'NONE',  ( 0.0000000000000000000, -1.000000000000000000, 0.0000000000000000000 ) ) ;
#1216 = DIRECTION ( 'NONE',  ( 1.000000000000000000, 3.195543245220433732E-16, -0.0000000000000000000 ) ) ;
#1217 = ORIENTED_EDGE ( 'NONE', *, *, #504, .T. ) ;
#1218 = FACE_OUTER_BOUND ( 'NONE', #557, .T. ) ;
#1219 = CARTESIAN_POINT ( 'NONE',  ( -0.7605174094753813785, 1.250542367873343386, 1.710517409475381001 ) ) ;
#1220 = DIRECTION ( 'NONE',  ( 1.000000000000000000, 0.0000000000000000000, 0.0000000000000000000 ) ) ;
#1221 = DIRECTION ( 'NONE',  ( -0.0000000000000000000, -0.0000000000000000000, -1.000000000000000000 ) ) ;
#1222 = EDGE_CURVE ( 'NONE', #735, #890, #18, .T. ) ;
#1223 = VERTEX_POINT ( 'NONE', #350 ) ;
#1224 = ORIENTED_EDGE ( 'NONE', *, *, #620, .F. ) ;
#1225 = DIRECTION ( 'NONE',  ( 1.000000000000000000, 0.0000000000000000000, -0.0000000000000000000 ) ) ;
#1226 = DIRECTION ( 'NONE',  ( -0.0000000000000000000, -0.0000000000000000000, -1.000000000000000000 ) ) ;
#1227 = CARTESIAN_POINT ( 'NONE',  ( 0.09843549156223213581, -1.430138604258375024, 1.748435491562232214 ) ) ;
#1228 = CARTESIAN_POINT ( 'NONE',  ( -5.604327678782882009E-14, -1.482842712474639280, 1.649999999999943734 ) ) ;
#1229 = ADVANCED_FACE ( 'NONE', ( #1208 ), #248, .F. ) ;
#1230 = ORIENTED_EDGE ( 'NONE', *, *, #788, .F. ) ;
#1231 = TOROIDAL_SURFACE ( 'NONE', #793, 2.700000000000000622, 0.2999999999999999889 ) ;
#1232 = EDGE_CURVE ( 'NONE', #587, #890, #640, .T. ) ;
#1233 = EDGE_LOOP ( 'NONE', ( #1044, #306, #149 ) ) ;
#1234 = CARTESIAN_POINT ( 'NONE',  ( 0.5049724301489589839, -1.158739151392343070, 1.845027569851040772 ) ) ;
#1235 = AXIS2_PLACEMENT_3D ( 'NONE', #876, #1320, #334 ) ;
#1236 = AXIS2_PLACEMENT_3D ( 'NONE', #187, #303, #83 ) ;
#1237 = DIRECTION ( 'NONE',  ( 1.000000000000000000, 8.881784197001252323E-16, 0.0000000000000000000 ) ) ;
#1238 = DIRECTION ( 'NONE',  ( -0.0000000000000000000, -0.0000000000000000000, -1.000000000000000000 ) ) ;
#1239 = TOROIDAL_SURFACE ( 'NONE', #916, 2.700000000000000622, 0.2999999999999999889 ) ;
#1240 = CARTESIAN_POINT ( 'NONE',  ( 0.0000000000000000000, 0.0000000000000000000, 1.149999999999999911 ) ) ;
#1241 = DIRECTION ( 'NONE',  ( 0.0000000000000000000, 0.0000000000000000000, -1.000000000000000000 ) ) ;
#1242 = ORIENTED_EDGE ( 'NONE', *, *, #1037, .F. ) ;
#1243 = ORIENTED_EDGE ( 'NONE', *, *, #1405, .T. ) ;
#1244 = CARTESIAN_POINT ( 'NONE',  ( 1.300000000000000044, 0.0000000000000000000, 2.710505431213761085E-17 ) ) ;
#1245 = ADVANCED_FACE ( 'NONE', ( #215 ), #1079, .T. ) ;
#1246 = DIRECTION ( 'NONE',  ( -0.0000000000000000000, -0.0000000000000000000, -1.000000000000000000 ) ) ;
#1247 = CARTESIAN_POINT ( 'NONE',  ( -0.2000000000000004274, 0.0000000000000000000, 1.850000000000000089 ) ) ;
#1248 = CYLINDRICAL_SURFACE ( 'NONE', #726, 0.2999999999999999334 ) ;
#1249 = CARTESIAN_POINT ( 'NONE',  ( 0.8092663239601677327, 1.173564029270211195, 1.759266323960167355 ) ) ;
#1250 = ORIENTED_EDGE ( 'NONE', *, *, #1291, .T. ) ;
#1251 = ORIENTED_EDGE ( 'NONE', *, *, #996, .F. ) ;
#1252 = DIRECTION ( 'NONE',  ( 0.0000000000000000000, 0.0000000000000000000, 1.000000000000000000 ) ) ;
#1253 = APPROVAL ( #94, 'UNSPECIFIED' ) ;
#1254 = CARTESIAN_POINT ( 'NONE',  ( -1.114068196092698729E-11, 1.482842712478558145, 1.649999999988859267 ) ) ;
#1255 = LINE ( 'NONE', #711, #544 ) ;
#1256 = DIRECTION ( 'NONE',  ( 1.000000000000000000, 0.0000000000000000000, -0.0000000000000000000 ) ) ;
#1257 = VERTEX_POINT ( 'NONE', #123 ) ;
#1258 = ORIENTED_EDGE ( 'NONE', *, *, #302, .T. ) ;
#1259 = CARTESIAN_POINT ( 'NONE',  ( 4.750000000000001776, -2.699999999999998845, 0.3000000000000000444 ) ) ;
#1260 = CIRCLE ( 'NONE', #519, 3.000000000000000444 ) ;
#1261 = PLANE ( 'NONE',  #93 ) ;
#1262 = DIRECTION ( 'NONE',  ( 0.7071067811865464625, 0.0000000000000000000, -0.7071067811865486830 ) ) ;
#1263 = AXIS2_PLACEMENT_3D ( 'NONE', #261, #926, #169 ) ;
#1264 = VECTOR ( 'NONE', #295, 1000.000000000000000 ) ;
#1265 = EDGE_CURVE ( 'NONE', #1152, #931, #406, .T. ) ;
#1266 = APPROVAL_PERSON_ORGANIZATION ( #327, #1253, #527 ) ;
#1267 = DIRECTION ( 'NONE',  ( 1.000000000000000000, 3.195543245220433239E-16, -0.0000000000000000000 ) ) ;
#1268 = ORIENTED_EDGE ( 'NONE', *, *, #1102, .T. ) ;
#1269 = DIRECTION ( 'NONE',  ( 1.000000000000000000, 0.0000000000000000000, 0.0000000000000000000 ) ) ;
#1270 = DIRECTION ( 'NONE',  ( 0.0000000000000000000, 0.0000000000000000000, 1.000000000000000000 ) ) ;
#1271 = CARTESIAN_POINT ( 'NONE',  ( -0.5050584839091842859, -1.159073247415773888, 1.844941516090814915 ) ) ;
#1272 = EDGE_CURVE ( 'NONE', #141, #402, #184, .T. ) ;
#1273 = ORIENTED_EDGE ( 'NONE', *, *, #396, .F. ) ;
#1274 = DIRECTION ( 'NONE',  ( 0.7071067811865464625, 0.0000000000000000000, -0.7071067811865486830 ) ) ;
#1275 = VERTEX_POINT ( 'NONE', #1101 ) ;
#1276 = CARTESIAN_POINT ( 'NONE',  ( -4.750000000000000000, -3.000000000000001776, 0.8499999999999999778 ) ) ;
#1277 = DIRECTION ( 'NONE',  ( 1.000000000000000000, 3.195543245220433239E-16, -0.0000000000000000000 ) ) ;
#1278 = FACE_OUTER_BOUND ( 'NONE', #830, .T. ) ;
#1279 = EDGE_LOOP ( 'NONE', ( #43, #1105, #1217, #951 ) ) ;
#1280 = DIRECTION ( 'NONE',  ( -0.0000000000000000000, -0.0000000000000000000, 1.000000000000000000 ) ) ;
#1281 = VECTOR ( 'NONE', #1122, 1000.000000000000000 ) ;
#1282 = CIRCLE ( 'NONE', #471, 0.2999999999999999889 ) ;
#1283 = AXIS2_PLACEMENT_3D ( 'NONE', #173, #395, #725 ) ;
#1284 = DIRECTION ( 'NONE',  ( 0.0000000000000000000, -1.000000000000000000, 0.0000000000000000000 ) ) ;
#1285 = ORIENTED_EDGE ( 'NONE', *, *, #1187, .T. ) ;
#1286 = CIRCLE ( 'NONE', #424, 2.700000000000000178 ) ;
#1287 = MANIFOLD_SOLID_BREP ( 'Линейный массив2', #1143 ) ;
#1288 = CC_DESIGN_APPROVAL ( #1348, ( #219 ) ) ;
#1289 = VERTEX_POINT ( 'NONE', #886 ) ;
#1290 = CARTESIAN_POINT ( 'NONE',  ( -0.9000000000000003553, -0.8950610758411643442, 1.850000000000000089 ) ) ;
#1291 = EDGE_CURVE ( 'NONE', #466, #723, #1330, .T. ) ;
#1292 = FACE_OUTER_BOUND ( 'NONE', #278, .T. ) ;
#1293 = ORIENTED_EDGE ( 'NONE', *, *, #1037, .T. ) ;
#1294 = ORIENTED_EDGE ( 'NONE', *, *, #1016, .T. ) ;
#1295 = DIRECTION ( 'NONE',  ( -1.000000000000000000, 0.0000000000000000000, 0.0000000000000000000 ) ) ;
#1296 = EDGE_CURVE ( 'NONE', #596, #126, #49, .T. ) ;
#1297 = ADVANCED_FACE ( 'NONE', ( #1110 ), #198, .T. ) ;
#1298 = LINE ( 'NONE', #621, #89 ) ;
#1299 = CARTESIAN_POINT ( 'NONE',  ( -1.202250519945291085, 0.3348508244044167137, 1.847749480054708293 ) ) ;
#1300 = VERTEX_POINT ( 'NONE', #827 ) ;
#1301 = COORDINATED_UNIVERSAL_TIME_OFFSET ( 3, 0, .AHEAD. ) ;
#1302 = CARTESIAN_POINT ( 'NONE',  ( -0.9000000000000004663, 0.7937253933193773037, 1.850000000000000089 ) ) ;
#1303 = AXIS2_PLACEMENT_3D ( 'NONE', #469, #678, #583 ) ;
#1304 = CARTESIAN_POINT ( 'NONE',  ( -0.2000000000000004274, 1.183215956619923404, 1.850000000000000089 ) ) ;
#1305 = TOROIDAL_SURFACE ( 'NONE', #677, 1.200000000000000400, 0.2999999999999999889 ) ;
#1306 = EDGE_CURVE ( 'NONE', #587, #207, #388, .T. ) ;
#1307 = AXIS2_PLACEMENT_3D ( 'NONE', #417, #1071, #514 ) ;
#1308 = ORIENTED_EDGE ( 'NONE', *, *, #927, .F. ) ;
#1309 = AXIS2_PLACEMENT_3D ( 'NONE', #158, #1280, #1175 ) ;
#1310 = APPROVAL_PERSON_ORGANIZATION ( #879, #84, #970 ) ;
#1311 = CARTESIAN_POINT ( 'NONE',  ( 0.0000000000000000000, 0.0000000000000000000, -0.2999999999999999334 ) ) ;
#1312 = CARTESIAN_POINT ( 'NONE',  ( -1.252935013821969257, 0.5632620784439111850, 1.797064986178029899 ) ) ;
#1313 = PRODUCT_DEFINITION ( 'UNKNOWN', '', #340, #24 ) ;
#1314 = APPROVAL_DATE_TIME ( #636, #84 ) ;
#1315 = ORIENTED_EDGE ( 'NONE', *, *, #242, .T. ) ;
#1316 = DIRECTION ( 'NONE',  ( 1.000000000000000000, 3.195543245220433239E-16, -0.0000000000000000000 ) ) ;
#1317 = CARTESIAN_POINT ( 'NONE',  ( -1.000000000000000000, 1.224646799147353207E-16, -0.2999999999999999334 ) ) ;
#1318 = CALENDAR_DATE ( 2021, 12, 3 ) ;
#1319 = ORIENTED_EDGE ( 'NONE', *, *, #721, .T. ) ;
#1320 = DIRECTION ( 'NONE',  ( 0.0000000000000000000, 0.0000000000000000000, 1.000000000000000000 ) ) ;
#1321 = EDGE_CURVE ( 'NONE', #1300, #1163, #146, .T. ) ;
#1322 = DIRECTION ( 'NONE',  ( -0.7071067811865485719, 0.0000000000000000000, 0.7071067811865465735 ) ) ;
#1323 = DIRECTION ( 'NONE',  ( 1.000000000000000000, 0.0000000000000000000, 0.0000000000000000000 ) ) ;
#1324 = VECTOR ( 'NONE', #1137, 1000.000000000000000 ) ;
#1325 = CIRCLE ( 'NONE', #1210, 1.200000000000000400 ) ;
#1326 = ORIENTED_EDGE ( 'NONE', *, *, #170, .F. ) ;
#1327 = CIRCLE ( 'NONE', #1097, 1.200000000000000400 ) ;
#1328 = CARTESIAN_POINT ( 'NONE',  ( -1.213513959338814230, -0.4392857554418163613, 1.836486040661184704 ) ) ;
#1329 = VECTOR ( 'NONE', #190, 1000.000000000000000 ) ;
#1330 = CIRCLE ( 'NONE', #866, 3.000000000000000000 ) ;
#1331 = EDGE_CURVE ( 'NONE', #1124, #1031, #394, .T. ) ;
#1332 = FACE_OUTER_BOUND ( 'NONE', #782, .T. ) ;
#1333 = CARTESIAN_POINT ( 'NONE',  ( -4.750000000000000000, -1.194030629168669469E-15, 0.0000000000000000000 ) ) ;
#1334 = DIRECTION ( 'NONE',  ( 0.0000000000000000000, 0.0000000000000000000, 1.000000000000000000 ) ) ;
#1335 = ORIENTED_EDGE ( 'NONE', *, *, #1340, .F. ) ;
#1336 = EDGE_LOOP ( 'NONE', ( #1091, #707, #26, #1061, #545, #1250 ) ) ;
#1337 = PLANE ( 'NONE',  #1073 ) ;
#1338 = CARTESIAN_POINT ( 'NONE',  ( 0.0000000000000000000, 0.0000000000000000000, 1.850000000000000089 ) ) ;
#1339 = CARTESIAN_POINT ( 'NONE',  ( 1.300829342718734738, 0.5865961847961572717, 1.749170657281264418 ) ) ;
#1340 = EDGE_CURVE ( 'NONE', #833, #141, #901, .T. ) ;
#1341 = CARTESIAN_POINT ( 'NONE',  ( -0.7000000000000000666, 0.0000000000000000000, -1.000000000000000000 ) ) ;
#1342 = EDGE_CURVE ( 'NONE', #511, #1163, #849, .T. ) ;
#1343 = VERTEX_POINT ( 'NONE', #71 ) ;
#1344 = ORIENTED_EDGE ( 'NONE', *, *, #947, .T. ) ;
#1345 = CARTESIAN_POINT ( 'NONE',  ( -1.367597552211363476, -0.5403033961666806606, 1.682402447788636124 ) ) ;
#1346 = CARTESIAN_POINT ( 'NONE',  ( -7.750000000000000888, -1.194030629168669469E-15, 0.3000000000000000444 ) ) ;
#1347 = CARTESIAN_POINT ( 'NONE',  ( 1.213513959338762271, 0.4392857554414542065, 1.836486040661236885 ) ) ;
#1348 = APPROVAL ( #1, 'UNSPECIFIED' ) ;
#1349 = DIRECTION ( 'NONE',  ( 0.0000000000000000000, 1.000000000000000000, 0.0000000000000000000 ) ) ;
#1350 = DIRECTION ( 'NONE',  ( 1.000000000000000000, 0.0000000000000000000, 0.0000000000000000000 ) ) ;
#1351 = ADVANCED_FACE ( 'NONE', ( #812 ), #936, .F. ) ;
#1352 = EDGE_LOOP ( 'NONE', ( #899, #572, #942, #941 ) ) ;
#1353 = VERTEX_POINT ( 'NONE', #1014 ) ;
#1354 = LINE ( 'NONE', #986, #630 ) ;
#1355 = AXIS2_PLACEMENT_3D ( 'NONE', #1088, #536, #674 ) ;
#1356 = CARTESIAN_POINT ( 'NONE',  ( 0.0000000000000000000, 0.0000000000000000000, 1.850000000000000089 ) ) ;
#1357 = FACE_OUTER_BOUND ( 'NONE', #891, .T. ) ;
#1358 = AXIS2_PLACEMENT_3D ( 'NONE', #607, #600, #64 ) ;
#1359 = DIRECTION ( 'NONE',  ( 0.0000000000000000000, 0.0000000000000000000, 1.000000000000000000 ) ) ;
#1360 = CARTESIAN_POINT ( 'NONE',  ( -0.2000000000000004274, 1.183215956619923404, 1.850000000000000089 ) ) ;
#1361 = ORIENTED_EDGE ( 'NONE', *, *, #947, .F. ) ;
#1362 = ADVANCED_FACE ( 'NONE', ( #1380 ), #1135, .F. ) ;
#1363 = VERTEX_POINT ( 'NONE', #37 ) ;
#1364 = DIRECTION ( 'NONE',  ( -1.000000000000000000, -3.195543245220433239E-16, 0.0000000000000000000 ) ) ;
#1365 = DIRECTION ( 'NONE',  ( 1.000000000000000000, 0.0000000000000000000, 0.0000000000000000000 ) ) ;
#1366 = LINE ( 'NONE', #1247, #961 ) ;
#1367 = FACE_OUTER_BOUND ( 'NONE', #142, .T. ) ;
#1368 = ORIENTED_EDGE ( 'NONE', *, *, #1128, .F. ) ;
#1369 = ORIENTED_EDGE ( 'NONE', *, *, #967, .F. ) ;
#1370 = CARTESIAN_POINT ( 'NONE',  ( 1.199820447295975256, -0.1339917065352317360, 1.850179552704024344 ) ) ;
#1371 = DIRECTION ( 'NONE',  ( 0.0000000000000000000, 0.0000000000000000000, 1.000000000000000000 ) ) ;
#1372 = EDGE_CURVE ( 'NONE', #1343, #98, #480, .T. ) ;
#1373 = CARTESIAN_POINT ( 'NONE',  ( 0.0000000000000000000, 0.0000000000000000000, 1.149999999999999911 ) ) ;
#1374 = DIRECTION ( 'NONE',  ( -0.7071067811865486830, 0.0000000000000000000, -0.7071067811865464625 ) ) ;
#1375 = ORIENTED_EDGE ( 'NONE', *, *, #1158, .F. ) ;
#1376 = ORIENTED_EDGE ( 'NONE', *, *, #896, .T. ) ;
#1377 = DIRECTION ( 'NONE',  ( 0.0000000000000000000, 0.0000000000000000000, -1.000000000000000000 ) ) ;
#1378 = CIRCLE ( 'NONE', #769, 3.000000000000000444 ) ;
#1379 = DIRECTION ( 'NONE',  ( -0.0000000000000000000, -0.0000000000000000000, -1.000000000000000000 ) ) ;
#1380 = FACE_OUTER_BOUND ( 'NONE', #775, .T. ) ;
#1381 = AXIS2_PLACEMENT_3D ( 'NONE', #910, #128, #998 ) ;
#1382 = EDGE_CURVE ( 'NONE', #699, #833, #1366, .T. ) ;
#1383 = CIRCLE ( 'NONE', #709, 0.2999999999999999334 ) ;
#1384 = CC_DESIGN_APPROVAL ( #84, ( #1313 ) ) ;
#1385 = B_SPLINE_CURVE_WITH_KNOTS ( 'NONE', 3,
 ( #1062, #292, #40, #1249, #813, #917 ),
 .UNSPECIFIED., .F., .F.,
 ( 4, 2, 4 ),
 ( 0.0004473994897460839277, 0.0007542763503772924056, 0.001061153211008501046 ),
 .UNSPECIFIED. ) ;
#1386 = CARTESIAN_POINT ( 'NONE',  ( 4.750000000000000000, 1.714505518806294244E-15, 0.3000000000000000444 ) ) ;
#1387 = ORIENTED_EDGE ( 'NONE', *, *, #440, .F. ) ;
#1388 = FACE_OUTER_BOUND ( 'NONE', #637, .T. ) ;
#1389 = CARTESIAN_POINT ( 'NONE',  ( 4.750000000000000000, 1.714505518806294244E-15, 0.8499999999999999778 ) ) ;
#1390 = CARTESIAN_POINT ( 'NONE',  ( -0.09869400904449274203, -1.429852810308766875, 1.748694009044492903 ) ) ;
#1391 = DIRECTION ( 'NONE',  ( -1.000000000000000000, -3.195543245220433239E-16, 0.0000000000000000000 ) ) ;
#1392 = ORIENTED_EDGE ( 'NONE', *, *, #605, .F. ) ;
#1393 = EDGE_CURVE ( 'NONE', #98, #706, #1214, .T. ) ;
#1394 = DIRECTION ( 'NONE',  ( 0.0000000000000000000, 0.0000000000000000000, 1.000000000000000000 ) ) ;
#1395 = DIRECTION ( 'NONE',  ( -0.0000000000000000000, 1.000000000000000000, 0.0000000000000000000 ) ) ;
#1396 = PLANE ( 'NONE',  #1236 ) ;
#1397 = ORIENTED_EDGE ( 'NONE', *, *, #1232, .F. ) ;
#1398 = ADVANCED_FACE ( 'NONE', ( #383 ), #835, .T. ) ;
#1399 = LINE ( 'NONE', #1080, #384 ) ;
#1400 = AXIS2_PLACEMENT_3D ( 'NONE', #1178, #850, #763 ) ;
#1401 = AXIS2_PLACEMENT_3D ( 'NONE', #744, #505, #299 ) ;
#1402 = CARTESIAN_POINT ( 'NONE',  ( -1.114068196092698729E-11, 1.482842712478558145, 1.649999999988859267 ) ) ;
#1403 = EDGE_LOOP ( 'NONE', ( #840, #328 ) ) ;
#1404 = TOROIDAL_SURFACE ( 'NONE', #1358, 1.200000000000000400, 0.2999999999999999889 ) ;
#1405 = EDGE_CURVE ( 'NONE', #333, #932, #1255, .T. ) ;
#1406 = CARTESIAN_POINT ( 'NONE',  ( -0.9000000000000004663, -0.7937253933193773037, 1.850000000000000089 ) ) ;
#1407 = PERSON ( 'UNSPECIFIED', 'UNSPECIFIED', 'UNSPECIFIED', ('UNSPECIFIED'), ('UNSPECIFIED'), ('UNSPECIFIED') ) ;
#1408 = CARTESIAN_POINT ( 'NONE',  ( 0.6999999999999442224, 1.307219380953030141, 1.649999999999943956 ) ) ;
#1409 = FACE_OUTER_BOUND ( 'NONE', #858, .T. ) ;
#1410 = ORIENTED_EDGE ( 'NONE', *, *, #1179, .F. ) ;
#1411 = COORDINATED_UNIVERSAL_TIME_OFFSET ( 3, 0, .AHEAD. ) ;
#1412 = DIRECTION ( 'NONE',  ( 0.0000000000000000000, 0.0000000000000000000, -1.000000000000000000 ) ) ;
#1413 = ADVANCED_FACE ( 'NONE', ( #1357 ), #1404, .T. ) ;
#1414 = CARTESIAN_POINT ( 'NONE',  ( -0.5265964647499450368, -1.219112938628671650, 1.823403535250054164 ) ) ;
#1415 = CARTESIAN_POINT ( 'NONE',  ( -1.199820447295975478, 0.1339917065351228231, 1.850179552704023678 ) ) ;
#1416 = DATE_TIME_ROLE ( 'creation_date' ) ;
#1417 = ORIENTED_EDGE ( 'NONE', *, *, #983, .F. ) ;
#1418 = CARTESIAN_POINT ( 'NONE',  ( -0.7603259242422369946, -1.250721701585643331, 1.710325924242237061 ) ) ;
#1419 = EDGE_CURVE ( 'NONE', #735, #1275, #165, .T. ) ;
#1420 = AXIS2_PLACEMENT_3D ( 'NONE', #1095, #740, #5 ) ;
#1421 = DIRECTION ( 'NONE',  ( -0.0000000000000000000, -0.0000000000000000000, -1.000000000000000000 ) ) ;
#1422 = CIRCLE ( 'NONE', #271, 0.2999999999999999889 ) ;
#1423 = DIRECTION ( 'NONE',  ( 0.0000000000000000000, 0.0000000000000000000, 1.000000000000000000 ) ) ;
#1424 = ORIENTED_EDGE ( 'NONE', *, *, #1190, .F. ) ;
#1425 = AXIS2_PLACEMENT_3D ( 'NONE', #48, #1262, #946 ) ;
#1426 = LOCAL_TIME ( 1, 2, 39.00000000000000000, #1301 ) ;
#1427 = FACE_OUTER_BOUND ( 'NONE', #924, .T. ) ;
#1428 = CARTESIAN_POINT ( 'NONE',  ( 0.2000000000024745317, -1.257877982514846060, 1.850000000002474110 ) ) ;
#1429 = DIRECTION ( 'NONE',  ( -0.0000000000000000000, -0.0000000000000000000, -1.000000000000000000 ) ) ;
ENDSEC;
END-ISO-10303-21;
